-- phpMyAdmin SQL Dump
-- version 4.9.7
-- https://www.phpmyadmin.net/
--
-- Host: localhost
-- Generation Time: 08 เม.ย. 2021 เมื่อ 12:56 PM
-- เวอร์ชันของเซิร์ฟเวอร์: 10.4.17-MariaDB
-- PHP Version: 5.6.40

SET SQL_MODE = "NO_AUTO_VALUE_ON_ZERO";
SET AUTOCOMMIT = 0;
START TRANSACTION;
SET time_zone = "+00:00";


/*!40101 SET @OLD_CHARACTER_SET_CLIENT=@@CHARACTER_SET_CLIENT */;
/*!40101 SET @OLD_CHARACTER_SET_RESULTS=@@CHARACTER_SET_RESULTS */;
/*!40101 SET @OLD_COLLATION_CONNECTION=@@COLLATION_CONNECTION */;
/*!40101 SET NAMES utf8mb4 */;

--
-- Database: `andama13_ams`
--

-- --------------------------------------------------------

--
-- โครงสร้างตาราง `accounts`
--

CREATE TABLE `accounts` (
  `id` int(11) NOT NULL,
  `status` int(11) NOT NULL,
  `name` varchar(200) CHARACTER SET utf8 COLLATE utf8_unicode_ci NOT NULL,
  `description` text CHARACTER SET utf8 COLLATE utf8_unicode_ci NOT NULL,
  `last_edit_time` datetime NOT NULL
) ENGINE=InnoDB DEFAULT CHARSET=utf8mb4 COLLATE=utf8mb4_unicode_ci;

--
-- dump ตาราง `accounts`
--

INSERT INTO `accounts` (`id`, `status`, `name`, `description`, `last_edit_time`) VALUES
(1, 1, 'Andaman Passion', '', '2019-10-22 13:20:10'),
(2, 1, 'Asia Vacation', '', '2019-10-22 13:20:21'),
(3, 1, 'Cash', '', '2019-10-22 13:20:30'),
(4, 1, 'Credit card กรุงไทย', '', '2019-10-22 13:20:37'),
(5, 1, 'Credit card กรุงศรี', '', '2019-10-22 13:20:47'),
(6, 1, 'Paypal', '', '2019-10-22 13:20:52');

-- --------------------------------------------------------

--
-- โครงสร้างตาราง `agent`
--

CREATE TABLE `agent` (
  `id` int(11) NOT NULL,
  `status` int(11) NOT NULL,
  `company` varchar(200) CHARACTER SET utf8 COLLATE utf8_unicode_ci NOT NULL,
  `company_invoice` varchar(200) CHARACTER SET utf8 COLLATE utf8_unicode_ci NOT NULL,
  `address` text CHARACTER SET utf8 COLLATE utf8_unicode_ci NOT NULL,
  `telephone` varchar(100) CHARACTER SET utf8 COLLATE utf8_unicode_ci NOT NULL,
  `fax` varchar(100) CHARACTER SET utf8 COLLATE utf8_unicode_ci NOT NULL,
  `ag_email` varchar(100) CHARACTER SET utf8 COLLATE utf8_unicode_ci NOT NULL,
  `website` varchar(100) CHARACTER SET utf8 COLLATE utf8_unicode_ci NOT NULL,
  `tax_no` varchar(100) CHARACTER SET utf8 COLLATE utf8_unicode_ci NOT NULL,
  `headquarters` varchar(100) CHARACTER SET utf8 COLLATE utf8_unicode_ci NOT NULL,
  `transfer` int(11) NOT NULL,
  `payments_vat` int(11) NOT NULL,
  `contact_person` varchar(200) CHARACTER SET utf8 COLLATE utf8_unicode_ci NOT NULL,
  `contact_position` varchar(100) CHARACTER SET utf8 COLLATE utf8_unicode_ci NOT NULL,
  `contact_telephone` varchar(100) CHARACTER SET utf8 COLLATE utf8_unicode_ci NOT NULL,
  `contact_email` varchar(100) CHARACTER SET utf8 COLLATE utf8_unicode_ci NOT NULL,
  `photo1` varchar(100) CHARACTER SET utf8 COLLATE utf8_unicode_ci NOT NULL,
  `trash_deleted` int(11) NOT NULL,
  `create_date` datetime NOT NULL,
  `last_edit_time` datetime NOT NULL
) ENGINE=InnoDB DEFAULT CHARSET=utf8mb4 COLLATE=utf8mb4_unicode_ci;

--
-- dump ตาราง `agent`
--

INSERT INTO `agent` (`id`, `status`, `company`, `company_invoice`, `address`, `telephone`, `fax`, `ag_email`, `website`, `tax_no`, `headquarters`, `transfer`, `payments_vat`, `contact_person`, `contact_position`, `contact_telephone`, `contact_email`, `photo1`, `trash_deleted`, `create_date`, `last_edit_time`) VALUES
(1, 1, 'Test Agent', 'Agent.co', '99/8', '0765125548', '', 'SeaStar@gmail.com', 'SeaStar.com', '12134567890123', 'ภูเก็ต', 1, 1, 'นายทบ สอบ', 'Sale', '0812345678', 'SeaStar@gmail.com', '', 0, '2020-11-13 14:28:44', '2020-11-13 14:28:44'),
(2, 2, 'TEST', 'TEST.co.th', '117/8', '0812345678', '', 'SeaStar@gmail.com , SeaStar2@gmail.com', 'www.test.com', '12134567890123', 'ภูเก็ต', 1, 1, 'Sale', 'Sale', '0812345678', 'SeaStar@gmail.com', '', 1, '2020-12-17 10:57:45', '2020-12-17 10:57:45'),
(3, 1, 'เคปเซียนน่า', 'บริษัท พาราไดซ์  บีช กมลา จำกัด', '18/40 ม.6 ต.กมลา อ.กะทู้ จ.ภูเก็ต 83150', '076-337300', '', 'noy.andamanpassion@gmail.com', '', '0835532002064', 'สำนักงานใหญ่', 1, 2, 'บัญชี', 'บัญชี', '076-337300', 'noy.andamanpassion@gmail.com', '', 0, '2020-12-17 11:27:27', '2020-12-30 19:34:49'),
(4, 2, 'ภูเก็ตอินไซค์ทัวร์', 'บริษัท ภูเก็ตอินไซค์ทัวร์ จำกัด', '35/253 ม.3 ต.วิชิต  อ.เมือง จ.ภูเก็ต 83000', '087-4689333', '', 'Phuketinsidetour@gmail.com', '', '0835558006652', 'สำนักงานใหญ่', 1, 2, 'คุณโอ๋', 'บัญชี', '087-4689333', 'Phuketinsidetour@gmail.com', '', 1, '2020-12-17 11:49:08', '2020-12-17 11:49:08'),
(5, 1, 'ภูเก็ตอินไซด์ทัวร์ ', 'บริษัทภูเก็ตอินไซด์ทัวร์ จำกัด', '35/253 ม.3 ต.วิชิต อ.เมืองภูเก็ต\r\nจ.ภูเก็ต 83000', '087-4689333', '', 'noy.andamanpassion@gmail.com', '', '0835558006652', '', 1, 2, 'คุณโอ๋', 'บัญชี', '087-4689333', 'noy.andamanpassion@gmail.com', '', 0, '2020-12-17 11:59:56', '2020-12-30 19:43:45'),
(6, 1, 'คุณโฉม(Siam Orchard)', 'บริษัท สยามออเชิร์ด กรุ๊ป จำกัด', '5/1 ชั้นที่3 ซอยนราธิวาสนครินทร์10 \r\nถ.นราธิวาสราชนครินทร์ แขวงทุ่งวัดดอน เขตสาทร กรุงเทพฯ\r\n10120', '', '', '', '', '0105544102545', 'สำนักงานใหญ่', 1, 2, '', '', '', '', '', 0, '2020-12-26 13:53:19', '2020-12-26 13:53:19'),
(7, 1, 'Klook', 'บริษัท คลูก เทคโนโลยี(ไทยแลนด์)จำกัด', 'อาคารเอเชียเซ็นเตอร์ เลขที่ห้อง27-126 ชั้นที่27\r\nเลขที่173 ถ.สาทรใต้ แขวงทุ่งมหาเมฆ เขตสาทร กรุงเทพมหานคร\r\n10120', '087175777', '', 'noy.andamanpassion@gmail.com', 'https://www.klook.com/en-US/activity/51394', '0105561059351', 'สำนักงานใหญ่', 2, 2, '', '', '0818269325', 'noy.andamanpassion@gmail.com', '', 0, '2020-12-26 16:27:29', '2020-12-30 19:45:38'),
(8, 1, 'คุณเบิร์ด', 'คุณเบิร์ด', '', '0946164141', '', 'Bird.andamanpassion@gmail.com', '', '', '', 1, 2, 'คุณเบิร์ด', '', '0946164141', '', '', 0, '2020-12-26 17:41:50', '2020-12-26 17:41:50'),
(9, 1, 'HUNGRY  HUB', 'บริษัท แอมป์เชอร์เวชั่น จำกัด', 'เลขที่ 29 ห้อง2701 บี ชั้น 27 อาคารบางกอกบิสซิเนสเซนเตอร์\r\nถ.สุขุมวิท 63(เอกมัย)  แขวงคลองตันเหนือ  เขตวัฒนา \r\nกรุงเทพมหานคร  10110', '0839163158', '', 'noy.andamanpassion@gmail.com', 'http://www.hungryhub.com', '0105557001483', 'สำนักงานใหญ่', 2, 2, 'คุณสุรสิทธิ์  สัจจะเดว์', 'กรรมการผู้จัดการ', '0839163158', 'noy.andamanpassion@gmail.com', '', 0, '2020-12-29 17:18:21', '2020-12-30 19:46:10'),
(10, 1, 'Mandarava  Resort', 'บริษัท โนเวลที่  จำกัด', '14/2 ซอยปฎัก ซ.24 ต.กะรน  อ.เมืองภูเก็ต  จ.ภูเก็ต \r\n83100', '095-4127526', '', 'noy.andamanpassion@gmail.com', '', '0835551003542', 'สำนักงานใหญ่', 1, 3, 'คุณเบีรย์', '', '0954127526', 'noy.andamanpassion@gmail.com', '', 0, '2020-12-30 14:08:50', '2020-12-30 19:45:04');

-- --------------------------------------------------------

--
-- โครงสร้างตาราง `bill`
--

CREATE TABLE `bill` (
  `id` int(11) NOT NULL,
  `bi_date` date NOT NULL,
  `due_date` date NOT NULL,
  `bi_year` int(11) NOT NULL,
  `bi_year_thai` int(11) NOT NULL,
  `bi_month` int(11) NOT NULL,
  `bi_no` int(11) NOT NULL,
  `bi_full` varchar(100) CHARACTER SET utf8 COLLATE utf8_unicode_ci NOT NULL,
  `bi_name` varchar(100) CHARACTER SET utf8 COLLATE utf8_unicode_ci NOT NULL,
  `bi_address` text CHARACTER SET utf8 COLLATE utf8_unicode_ci NOT NULL,
  `bi_detail` text COLLATE utf8mb4_unicode_ci NOT NULL,
  `bi_condition` varchar(200) CHARACTER SET utf8 COLLATE utf8_unicode_ci NOT NULL,
  `bi_con_detail` text CHARACTER SET utf8 COLLATE utf8_unicode_ci NOT NULL,
  `bi_by` int(11) NOT NULL,
  `agent` int(11) NOT NULL,
  `create_date` timestamp NOT NULL DEFAULT current_timestamp() ON UPDATE current_timestamp()
) ENGINE=InnoDB DEFAULT CHARSET=utf8mb4 COLLATE=utf8mb4_unicode_ci;

--
-- dump ตาราง `bill`
--

INSERT INTO `bill` (`id`, `bi_date`, `due_date`, `bi_year`, `bi_year_thai`, `bi_month`, `bi_no`, `bi_full`, `bi_name`, `bi_address`, `bi_detail`, `bi_condition`, `bi_con_detail`, `bi_by`, `agent`, `create_date`) VALUES
(1, '2021-04-07', '2021-04-07', 2021, 64, 4, 1, 'BI64040001', 'นายลูกค้า ทั่วไป', '117/3', 'งวดที่ 1', '', 'ทดสอบ', 2, 0, '2021-04-07 08:38:53');

-- --------------------------------------------------------

--
-- โครงสร้างตาราง `bill_invoice`
--

CREATE TABLE `bill_invoice` (
  `id` int(11) NOT NULL,
  `bill` int(11) NOT NULL,
  `invoice` int(11) NOT NULL,
  `booking` int(11) NOT NULL,
  `booking_products` int(11) NOT NULL,
  `pay_bill` double(15,2) NOT NULL,
  `create_date` timestamp NOT NULL DEFAULT current_timestamp() ON UPDATE current_timestamp()
) ENGINE=InnoDB DEFAULT CHARSET=utf8mb4 COLLATE=utf8mb4_unicode_ci;

--
-- dump ตาราง `bill_invoice`
--

INSERT INTO `bill_invoice` (`id`, `bill`, `invoice`, `booking`, `booking_products`, `pay_bill`, `create_date`) VALUES
(1, 1, 5, 4, 32, 0.00, '2021-04-07 08:38:53');

-- --------------------------------------------------------

--
-- โครงสร้างตาราง `booking`
--

CREATE TABLE `booking` (
  `id` int(11) NOT NULL,
  `voucher_no` varchar(100) CHARACTER SET utf8 COLLATE utf8_unicode_ci NOT NULL,
  `booking_date` date NOT NULL,
  `booking_time` time NOT NULL,
  `agent` int(11) NOT NULL,
  `agent_voucher` varchar(100) CHARACTER SET utf8 COLLATE utf8_unicode_ci NOT NULL,
  `company` int(11) NOT NULL,
  `sale_name` varchar(200) CHARACTER SET utf8 COLLATE utf8_unicode_ci NOT NULL,
  `customer_firstname` varchar(100) CHARACTER SET utf8 COLLATE utf8_unicode_ci NOT NULL,
  `customer_lastname` varchar(100) CHARACTER SET utf8 COLLATE utf8_unicode_ci NOT NULL,
  `customer_mobile` varchar(100) CHARACTER SET utf8 COLLATE utf8_unicode_ci NOT NULL,
  `customer_email` varchar(100) CHARACTER SET utf8 COLLATE utf8_unicode_ci NOT NULL,
  `full_receipt` int(11) NOT NULL,
  `receipt_name` varchar(200) CHARACTER SET utf8 COLLATE utf8_unicode_ci NOT NULL,
  `receipt_address` text CHARACTER SET utf8 COLLATE utf8_unicode_ci NOT NULL,
  `receipt_taxid` varchar(100) CHARACTER SET utf8 COLLATE utf8_unicode_ci NOT NULL,
  `receipt_detail` text COLLATE utf8mb4_unicode_ci NOT NULL,
  `travel_date_min` date NOT NULL,
  `status_email` int(11) NOT NULL,
  `status_email_revise` int(11) NOT NULL,
  `status_confirm` int(11) NOT NULL,
  `status` int(11) NOT NULL,
  `create_date` datetime NOT NULL,
  `last_edit_time` datetime NOT NULL
) ENGINE=InnoDB DEFAULT CHARSET=utf8mb4 COLLATE=utf8mb4_unicode_ci;

--
-- dump ตาราง `booking`
--

INSERT INTO `booking` (`id`, `voucher_no`, `booking_date`, `booking_time`, `agent`, `agent_voucher`, `company`, `sale_name`, `customer_firstname`, `customer_lastname`, `customer_mobile`, `customer_email`, `full_receipt`, `receipt_name`, `receipt_address`, `receipt_taxid`, `receipt_detail`, `travel_date_min`, `status_email`, `status_email_revise`, `status_confirm`, `status`, `create_date`, `last_edit_time`) VALUES
(1, '0011', '2020-11-11', '18:33:25', 0, '', 3, '-', 'นายลูกค้า', 'สมมุติ', '0812345678', 'costumer@gmail.com', 1, 'นายลูกค้า สมมุติ', '178/96', '1234567890123', 'มุสลิม , ไม่ทานไก่', '2020-11-11', 2, 3, 1, 1, '2020-11-11 18:33:25', '2020-12-28 17:34:34'),
(2, '0012', '2020-11-11', '19:17:43', 0, '', 0, '-', 'นายเอเยน', 'สมมุติ', '0812345678', 'costumer@gmail.com', 1, 'นายเอเยน สมมุติ', '123/4', '1234567890321', 'รีมาร์ค', '2020-11-11', 2, 0, 1, 1, '2020-11-11 19:17:43', '2020-11-11 19:17:43'),
(3, '10001', '2020-11-13', '14:33:21', 1, '20001', 1, 'ทดสอบ', 'นายลูกค้า', 'ทดสอบ', '0812345678', '', 1, 'นายลูกค้า ทดสอบ', '77/8', '', 'มา 2 คน', '2020-11-13', 2, 3, 1, 1, '2020-11-13 14:33:21', '2020-12-24 12:03:07'),
(4, '10003', '2020-11-13', '14:48:46', 0, '', 2, '-', 'ทั่วไป', 'เทส', '054855495', 'costumer@gmail.com', 1, 'นายลูกค้า ทั่วไป', '77/9', '', '', '2020-11-13', 2, 3, 1, 1, '2020-11-13 14:48:46', '2020-12-24 12:02:58'),
(5, '23248', '2020-11-17', '10:37:00', 0, '', 2, '-', 'คุณ ภควรรณ', 'องอาจวุฒิวงศ์', '0809649597,0869767999', '', 2, '', '', '', 'No transfer', '2021-01-09', 1, 3, 1, 1, '2020-11-17 10:37:00', '2020-12-30 19:50:12'),
(6, '55555', '2020-11-18', '11:47:32', 0, '', 1, '-', 'Admin', 'test-system', '087-854-2254', 'admin@gmail.com', 1, 'admin test system', '85/6', '', 'Solution Test System 18-11-2020', '2020-11-19', 2, 3, 1, 1, '2020-11-18 11:47:32', '2020-12-24 12:04:41'),
(7, '55055', '2020-11-18', '15:31:53', 0, '', 3, '-', 'John', 'Wick', '084-695-6659', 'mr.wick@gmail.com', 2, 'Mr.Wick', '5/6', '', '', '2020-11-18', 2, 3, 1, 1, '2020-11-18 15:31:53', '2020-12-24 12:04:18'),
(8, '23446', '2020-11-19', '21:02:16', 0, '', 0, '-', 'คุณจิดาภา', 'ชัยวร', '0844900922/0954472538', 'Line mameaw', 2, '', '', '', '', '0000-00-00', 2, 0, 2, 1, '2020-11-19 21:02:16', '2020-11-19 21:02:16'),
(9, '23260', '2020-11-20', '16:31:21', 0, '', 0, '-', 'คุณชวิธร', 'เบญจวธางกร', '0955246935', '-', 2, '', '', '', 'P/U ลูกค้าเดินทางไปทางเรือเอง', '0000-00-00', 2, 0, 2, 1, '2020-11-20 16:31:21', '2020-11-20 16:31:21'),
(10, '23384', '2020-11-21', '10:22:32', 0, '', 2, '-', 'นาย ลูกค้า', 'สมมุติ', '0812345678', '', 2, '', '', '', 'ไป 5 คน', '2020-12-07', 2, 0, 2, 2, '2020-11-21 10:22:32', '2020-12-29 15:38:48'),
(11, '23645', '2020-12-13', '16:58:58', 0, '', 0, '-', 'คุณ สุภาภรณ์', 'สมถะธัญกรณ์', '0611938425', '', 2, '', '', '', '', '2020-12-13', 2, 0, 2, 1, '2020-12-13 16:58:58', '2020-12-13 16:58:58'),
(12, '23657', '2020-12-13', '17:49:14', 0, '', 0, '-', 'คุณวิษณุ', 'มณียศ', '0956798837', '', 1, 'นายวิษณุ  มณียศ', '106 หมู่2 ต.ปงยางคก อ.ห้างฉัตร จ.ลำปาง\r\n52190', '1529900508908', 'ที่อยู่ในการจัดส่ง\r\nเลขที่50ห้อง202 Le Richmore ซ.อินทรามระ 23 ถ.สุทธิสารวินิจฉัย แขวงสามเสนใน เขตพญาไท  กรุงเทพมหานคร  10400', '2020-12-15', 2, 0, 2, 1, '2020-12-13 17:49:14', '2020-12-13 18:13:47'),
(13, '24749', '2020-12-13', '18:17:11', 0, '', 0, '-', 'คุณมารุดี', 'ศรีพจนารจ', '0636941692/0641659429', '', 2, '', '', '', '', '2020-12-15', 2, 0, 2, 1, '2020-12-13 18:17:11', '2020-12-13 18:17:11'),
(14, '23621', '2020-12-16', '15:01:26', 0, '', 0, '-', 'คุณภีรติ', 'แพสุวรรณ', '097-9965442/062-9196654', 'Line ENG(PN)', 2, '', '', '', '', '2020-12-18', 1, 0, 1, 1, '2020-12-16 15:01:26', '2020-12-16 15:02:26'),
(15, '23584', '2020-12-16', '15:09:07', 0, '', 0, '-', 'คุณชนิกานต์  ', 'เธียรทนุกิจ', '089-8833826', 'Line F.', 2, '', '', '', '', '2020-12-18', 2, 0, 2, 1, '2020-12-16 15:09:07', '2020-12-16 15:09:07'),
(16, '23596', '2020-12-16', '15:37:33', 0, '', 0, '-', 'คุณเบญจมาศ', 'ผดุงทรง', '083-0781081', 'Line เงา', 2, '', '', '', '', '2020-12-16', 2, 0, 2, 1, '2020-12-16 15:37:33', '2020-12-16 15:37:33'),
(17, '23440', '2020-12-16', '15:43:06', 0, '', 0, '-', 'K.Chachrit', 'Saetang', '081-4511222', '', 2, '', '', '', '', '2020-12-16', 2, 0, 2, 1, '2020-12-16 15:43:10', '2020-12-16 15:43:10'),
(18, '23806', '2020-12-16', '15:52:45', 0, '', 0, '-', 'คุณกิตติศักดิ์', 'พาหิระ', '081-6436439/083-9955556', 'Line:Tung-Kittisak', 2, '', '', '', '', '2020-12-18', 2, 0, 2, 1, '2020-12-16 15:52:45', '2020-12-16 15:52:45'),
(19, '23805', '2020-12-16', '15:57:09', 0, '', 0, '-', 'คุณจันทิมา', 'พุฒิฤทธิ์', '086-3073696/081-1421247', 'Line:yochomellow', 2, '', '', '', '', '2020-12-16', 2, 0, 2, 1, '2020-12-16 15:57:09', '2020-12-16 15:57:09'),
(20, '23907', '2020-12-16', '16:01:06', 0, '', 0, '-', 'คุณอัญชลี', 'ปงกาวงศ์', '088-2667138/090-9268588', 'Face book:Anchalee  Pongkawong', 2, '', '', '', '', '2020-12-18', 2, 0, 2, 1, '2020-12-16 16:01:06', '2020-12-16 16:01:06'),
(21, '23817', '2020-12-16', '16:07:59', 0, '', 0, '-', 'คุณศศิธร', 'เอี่ยมศิริ', '087-5112222/080-7885555', 'Line:Hong', 2, '', '', '', '', '2020-12-18', 2, 0, 1, 1, '2020-12-16 16:07:59', '2020-12-16 16:07:59'),
(22, '23467', '2020-12-16', '16:32:04', 0, '', 0, '-', 'คุณเกื้อกูล', 'เกียรติเถลิงฤทธิ์', '063-6914541/062-4591419', 'Line:MuaySS', 2, '', '', '', '', '2020-12-18', 2, 0, 2, 1, '2020-12-16 16:32:04', '2020-12-16 16:32:04'),
(23, '23538', '2020-12-17', '12:53:07', 0, '', 0, '-', 'คุณศศิประภา', 'รัศมี', '0869908251', 'Face book:Watsamon Thongsri', 2, '', '', '', '', '2020-12-17', 2, 0, 2, 1, '2020-12-17 12:53:07', '2020-12-17 12:53:07'),
(24, '23197', '2020-12-17', '13:13:26', 3, '', 0, 'Suchada', 'คุณเศรษฐพงศ์', 'อยู่คง', '', '', 2, '', '', '', '', '0000-00-00', 2, 0, 2, 1, '2020-12-17 13:13:26', '2020-12-17 13:13:26'),
(25, '23452', '2020-12-26', '12:06:18', 0, '', 2, '-', 'คุณปาระฉัตร', 'มหันต์เชิดชูวงค์', '0896654198/0936956456', 'Line:Friday I\'m in Love', 2, '', '', '', '', '2020-12-28', 2, 0, 2, 1, '2020-12-26 12:06:18', '2020-12-26 12:06:18'),
(26, '23847', '2020-12-26', '12:27:32', 0, '', 2, '-', 'คุณปริญญา', 'ผู้มีชัยวงศ์', '0829846555/08978848687', '', 2, '', '', '', '', '2020-12-28', 2, 0, 2, 1, '2020-12-26 12:27:32', '2020-12-26 12:29:30'),
(27, '23846', '2020-12-26', '12:46:00', 0, '', 2, '-', 'คุณกิติยาภรณ์', 'อ่วมวงษ์', '0877941794/0805577373', 'Line:Ao Aeyz', 2, '', '', '', '', '2020-12-28', 2, 0, 2, 1, '2020-12-26 12:46:00', '2020-12-26 12:49:21'),
(28, '23662', '2020-12-26', '12:54:52', 0, '', 1, '-', 'คุณงามเพ็ญ', 'ไชยบุรินทร์', '0891231178', 'Face book:Gade  Chiburin', 1, 'คุณชัยธวัช  ตุลาธน', '459 Park19 Residense\r\nซอยเอกมัย19 ถ.สุขุมวิท55\r\nแขวงคลองตันเหนือ เขตวัฒนา กทม.10110', '3909900001954', '', '2020-12-28', 2, 0, 2, 1, '2020-12-26 12:54:52', '2020-12-26 12:54:52'),
(29, '23649', '2020-12-26', '13:05:20', 0, '', 2, '-', 'คุณมินตรา', 'ธนะโชติ', '0899246996/0896154564', 'Face book:Mintra  Thanachot', 2, '', '', '', '', '2020-12-28', 2, 0, 2, 1, '2020-12-26 13:05:20', '2020-12-26 13:05:20'),
(30, '23731', '2020-12-26', '13:15:31', 0, '', 2, '-', 'คุณ ศศิลป์', 'เตอราโอ', '0892033608', '(คุณโฉม Siam Orchard)', 2, '', '', '', '', '0000-00-00', 2, 0, 2, 2, '2020-12-26 13:15:31', '2020-12-26 13:23:03'),
(31, '23876', '2020-12-26', '15:28:13', 0, '', 1, '-', 'คุณสุปราณี', 'ไชยสิทธิ์', '0882529280/0851888808', 'Face book:Kambum S.Chaisit', 1, 'บริษัทสวนณัฐธวรรธน์ จำกัด', '33/5 หมู่1 ต.บางสวน อ.บางคล้า จ.ฉะเชิงเทรา\r\n24110', '0245558001311', 'ที่อยู่ในการจัดส่ง\r\nนาย ณัฐวรรธน์  ธีระศักดิ์\r\nบ้านเลขที่ 17/162 รื่นฤดี7  แขวงบางชัน เขตคลองสามวา กทม. 10510', '2020-12-28', 2, 0, 2, 1, '2020-12-26 15:28:13', '2020-12-26 15:33:07'),
(32, '23777', '2020-12-26', '16:53:40', 7, 'CXN798504', 2, '', 'Mr.Mattharin', 'Arayangkul', '0818269325', '', 2, '', '', '', '', '2020-12-28', 2, 0, 2, 1, '2020-12-26 16:53:40', '2020-12-26 16:53:40'),
(33, '23742', '2020-12-26', '17:14:43', 7, 'EVX913946', 1, '', 'K.Pichet', 'Sunthonthepvarakun', '0817622822', '', 2, '', '', '', '', '2020-12-28', 2, 0, 2, 1, '2020-12-26 17:14:43', '2020-12-26 17:18:39'),
(34, '23819', '2020-12-26', '17:22:34', 0, '', 1, '-', 'คุณฉันทนา', 'ชุติมากุล', '085-55538365/084-5914262', 'Line:Oh', 2, '', '', '', '', '2020-12-28', 2, 0, 2, 1, '2020-12-26 17:22:34', '2020-12-26 17:22:34'),
(35, '23859', '2020-12-26', '17:26:02', 0, '', 1, '-', 'คุณดวงธิดา', 'อุบลชลเขตต์', '0642236566/0802829351', 'Line:Aey_Tee', 2, '', '', '', '', '2020-12-28', 2, 0, 2, 1, '2020-12-26 17:26:02', '2020-12-26 17:26:02'),
(36, '23758', '2020-12-26', '17:31:53', 0, '', 1, '-', 'K.Laksawat', 'Rienjaroensuk', '0813765161', '(ลูกค้าคุณเบิร์ด)', 2, '', '', '', '', '0000-00-00', 2, 0, 2, 2, '2020-12-26 17:31:53', '2020-12-26 17:35:37'),
(37, '23947', '2020-12-29', '15:33:14', 0, '', 1, '-', 'คุณยลดา', 'มะโนพัฒนะวรกุล', '0855098078/0819665642', 'Line:Meawlemon', 2, '', '', '', '', '2021-01-01', 2, 0, 2, 1, '2020-12-29 15:33:14', '2020-12-29 15:33:14'),
(38, '23942', '2020-12-29', '15:43:32', 0, '', 1, '-', 'Mr.Hashimoto', '', '0655361556', 'Face:Jeabjupjupx  Sukhuman', 2, '', '', '', 'เบอร์โทรติดต่อเป็นเลขา  \r\nชื่อคุณเจี๊ยบ', '2021-01-01', 2, 0, 2, 1, '2020-12-29 15:43:32', '2020-12-29 15:43:32'),
(39, '23834', '2020-12-29', '16:08:03', 0, '', 1, '-', 'คุณนิฐิชา', 'แสงธรรม', '0922672324/0927729303', 'Line :Aใส่สี่เหลี่ยมรอบตัวอักษร', 2, '', '', '', '', '2021-01-01', 2, 0, 2, 1, '2020-12-29 16:08:03', '2020-12-29 16:08:03'),
(40, '23514', '2020-12-29', '16:12:04', 0, '', 1, '-', 'คุณทินกร', 'ไชยเทศ', '0873043618/0923213663', 'Face:Thinnakorn Chaited', 2, '', '', '', '', '2021-01-01', 2, 0, 2, 1, '2020-12-29 16:12:04', '2020-12-29 16:12:04'),
(41, '23784', '2020-12-29', '17:21:31', 9, '694493', 3, '', 'K.Chayanut', '', '0974493636', '', 2, '', '', '', '', '2021-01-01', 2, 0, 2, 1, '2020-12-29 17:21:31', '2020-12-29 17:21:31'),
(42, '23960', '2020-12-29', '17:31:33', 0, '', 1, '-', 'คุณพิณมุก', 'ประภาอนันตชัย', '0822103610/0870065815', 'Face:คุณพิณมุก  ประภาอนันตชัย', 2, '', '', '', '', '2021-01-01', 2, 0, 2, 1, '2020-12-29 17:31:33', '2020-12-29 17:31:33'),
(43, '23569', '2020-12-29', '17:37:26', 0, '', 1, '-', 'คุณ ภูรีธีริศา', 'กุลนิษฐ์นิรัติ', '0933276789/0891867789', 'Line:Ram_Aoo', 2, '', '', '', '', '2020-12-31', 2, 0, 2, 1, '2020-12-29 17:37:26', '2020-12-29 17:37:26'),
(44, '23630', '2020-12-29', '17:56:20', 0, '', 1, '-', 'คุณเกศพงศ์', 'สกุลกมลพัช', '0957260107/0855674311', 'Face:Ketphong  Sakulkamdphat', 2, '', '', '', '', '2020-12-29', 2, 0, 2, 1, '2020-12-29 17:56:20', '2020-12-29 17:56:20'),
(45, '23676', '2020-12-29', '17:59:23', 0, '', 1, '-', 'คุณนภัสสวรรณ', 'บุญพราหมณ์', '0889990052/0889990055', 'Line:Aye', 2, '', '', '', '', '2021-01-01', 2, 0, 2, 1, '2020-12-29 17:59:23', '2020-12-29 17:59:23'),
(46, '23715', '2020-12-29', '18:04:25', 3, '', 1, '', 'คุณภูมิชาย', 'ศรีวภา', '', '', 2, '', '', '', '', '2020-12-29', 2, 0, 2, 1, '2020-12-29 18:04:25', '2020-12-29 18:04:25'),
(47, '23279', '2020-12-29', '18:15:16', 3, '', 1, '', 'คุณ พรชนก', 'ศรีตองอ่อน', '', '', 2, '', '', '', '', '2021-01-01', 2, 0, 2, 1, '2020-12-29 18:15:16', '2020-12-29 18:15:16'),
(48, '23280', '2020-12-29', '18:21:45', 3, '', 1, '', 'คุณณัฏฐ์ชุดา', 'ธเนศวงศ์วณิช', '', '', 2, '', '', '', '', '2021-01-01', 2, 0, 2, 1, '2020-12-29 18:21:45', '2020-12-29 18:21:45'),
(49, '1234560', '2020-12-30', '09:44:49', 0, '', 2, '-', 'นายลูกค้า', 'ทดสอบ', '0812345678', 'costumer@gmail.com', 2, '', '', '', '', '2020-12-30', 2, 0, 1, 2, '2020-12-30 09:44:49', '2020-12-30 09:47:09'),
(50, '23632', '2020-12-30', '13:49:23', 0, '', 1, '-', 'คุณพีระยา', 'อารีย์ดำริกุล', '0840266270/0841545063', 'Face:Pe Phiray', 1, 'ห้างหุ้นส่วนจำกัดโรงงานยูโรพลาส(สำนักงานใหญ่)', '22/29 หมู่ 5 ต.แคราย  อ.กระทุ่มแบน \r\nจ.สมทรสาคร  74110', '0103544006901', '', '2021-01-02', 2, 0, 2, 1, '2020-12-30 13:49:23', '2020-12-30 13:49:23'),
(51, '23717', '2020-12-30', '14:17:30', 10, '23717', 1, '', 'คุณอัปสร', 'สินสวาส', '', '', 2, '', '', '', '', '2021-01-02', 2, 0, 2, 1, '2020-12-30 14:17:30', '2020-12-30 14:17:30'),
(52, '23959', '2020-12-30', '14:23:01', 9, '692822', 3, '', 'Berry  Ch', '', '', '', 2, '', '', '', '', '2020-12-30', 2, 0, 2, 1, '2020-12-30 14:23:01', '2020-12-30 14:23:01'),
(53, '23835', '2020-12-30', '14:59:19', 0, '', 1, '-', 'คุณ นุชจรินทร์', 'ตันยะ', '0813758041', 'Line:Pui K\'Kwan Y4L', 2, '', '', '', '', '2021-01-02', 2, 0, 2, 1, '2020-12-30 14:59:19', '2020-12-30 14:59:19'),
(54, '23363', '2020-12-30', '15:25:04', 0, '', 1, '-', 'คุณสลิลรัตน์', 'กิตติดุษฎี', '0895249966/0833053399', 'Face:Salilrath  Kittidusadee', 2, '', '', '', '', '2021-01-02', 2, 0, 2, 1, '2020-12-30 15:25:04', '2020-12-30 15:25:04'),
(55, '23414', '2020-12-30', '15:31:47', 0, '', 1, '-', 'คุณสมชาย', 'วัฒนากรแก้ว', '081-7333223/081-4418765', 'Line:Somchai', 2, '', '', '', '', '2021-01-02', 1, 0, 1, 1, '2020-12-30 15:31:47', '2021-04-07 15:34:17'),
(56, '23378', '2020-12-30', '15:34:56', 0, '', 1, '-', 'K.Apitsada ', ' Akarasakulhiran', '061-9592424/088-3989656', 'Line:ALISZ', 2, '', '', '', '', '2021-01-02', 2, 0, 2, 1, '2020-12-30 15:34:56', '2020-12-30 15:38:30'),
(57, '23600', '2020-12-30', '15:40:54', 0, '', 1, '-', 'คุณเมษ์ศิรินทร์', 'ศิริตันติธรรม', '095-4416355/096-9146691', 'Line:MaYSiRin', 2, '', '', '', '', '2021-01-02', 2, 0, 2, 1, '2020-12-30 15:40:54', '2020-12-30 15:40:54'),
(58, '23198', '2020-12-30', '17:26:06', 0, '', 1, '-', 'Miss Punnita', 'Chuntharakupt', '086-3492064', '', 2, '', '', '', '', '2021-01-01', 2, 3, 2, 1, '2020-12-30 17:26:06', '2020-12-30 17:44:49');

-- --------------------------------------------------------

--
-- โครงสร้างตาราง `booking_history`
--

CREATE TABLE `booking_history` (
  `id` int(11) NOT NULL,
  `booking` int(11) NOT NULL,
  `history_type` int(11) NOT NULL,
  `booking_products` int(11) NOT NULL,
  `description_field` mediumtext CHARACTER SET utf8 COLLATE utf8_unicode_ci NOT NULL,
  `employee` int(11) NOT NULL,
  `ip_address` varchar(100) CHARACTER SET utf8 COLLATE utf8_unicode_ci NOT NULL,
  `create_date` datetime NOT NULL
) ENGINE=InnoDB DEFAULT CHARSET=utf8mb4 COLLATE=utf8mb4_unicode_ci;

--
-- dump ตาราง `booking_history`
--

INSERT INTO `booking_history` (`id`, `booking`, `history_type`, `booking_products`, `description_field`, `employee`, `ip_address`, `create_date`) VALUES
(78, 1, 1, 0, 'สถานะ : ออนไลน์\nประเภทลูกค้า : ลูกค้าทั่วไป\nVoucher No. : 0011\nวันที่จอง : 11 November 2020\nเอเย่นต์ : -\nVoucher No. (เอเย่นต์) : -\nชื่อเซลล์ : -\nชื่อ (ลูกค้า) : นายลูกค้า\nนามสกุล (ลูกค้า) : สมมุติ\nเบอร์โทรศัพท์ (ลูกค้า) : 0812345678\nอีเมล์ (ลูกค้า) : costumer@gmail.com\nใบเสร็จรับเงิน : แบบเต็ม\nชื่อ : นายลูกค้า สมมุติ\nที่อยู่ : 178/96\nหมายเลขประจำตัวผู้เสียภาษี : 1234567890123\nรายละเอียดใบเสร็จ : มุสลิม , ไม่ทานไก่\n', 2, '118.173.131.28', '2020-11-11 18:33:25'),
(79, 1, 1, 1, 'ไม่ระบุวันที่ : ไม่ใช่\nวันที่เที่ยว / วันที่เดินทาง : 11 November 2020\nผู้ใหญ่ : 2 คน\nเด็ก : - คน\nทารก : - คน\nFOC : - คน\nเพิ่มรถรับส่ง : ไม่ใช่\nสถานที่รับ : N/A\nสถานที่ส่ง : N/A\nโซน : -\nห้องพัก : -\nชาวต่างชาติ : ไม่มี\nจำนวนชาวต่างชาติ : - คน\nราคาเพิ่มเติมสำหรับชาวต่างชาติ : 0 บาท\nราคาสำหรับแก้ไข : 5,800 บาท\nหมายเหตุ : \n\n', 2, '118.173.131.28', '2020-11-11 18:39:05'),
(80, 1, 5, 1, 'สถานะการยืนยัน : ยืนยันแล้ว </br>ยืนยันโดย : admin', 2, '118.173.131.28', '2020-11-11 18:39:28'),
(81, 1, 2, 0, 'รายละเอียดใบเสร็จ : มุสลิม , ไม่ทานไก่\n', 2, '118.173.131.28', '2020-11-11 18:39:47'),
(82, 1, 2, 0, 'รายละเอียดใบเสร็จ : มุสลิม , ไม่ทานไก่\n', 2, '118.173.131.28', '2020-11-11 18:42:00'),
(83, 1, 5, 1, 'สถานะการยืนยัน(OP) : ยืนยันแล้ว', 2, '118.173.131.28', '2020-11-11 18:44:13'),
(84, 1, 2, 1, 'หมายเลขรถ/ป้ายทะเบียนรถ : กก-9999', 2, '118.173.131.28', '2020-11-11 18:44:54'),
(85, 2, 1, 0, 'สถานะ : ออนไลน์\nประเภทลูกค้า : ลูกค้าทั่วไป\nVoucher No. : 0012\nวันที่จอง : 11 November 2020\nเอเย่นต์ : -\nVoucher No. (เอเย่นต์) : -\nชื่อเซลล์ : -\nชื่อ (ลูกค้า) : นายเอเยน\nนามสกุล (ลูกค้า) : สมมุติ\nเบอร์โทรศัพท์ (ลูกค้า) : 0812345678\nอีเมล์ (ลูกค้า) : costumer@gmail.com\nใบเสร็จรับเงิน : แบบเต็ม\nชื่อ : นายเอเยน สมมุติ\nที่อยู่ : 123/4\nหมายเลขประจำตัวผู้เสียภาษี : 1234567890321\nรายละเอียดใบเสร็จ : รีมาร์ค\n', 2, '118.173.131.28', '2020-11-11 19:17:43'),
(86, 2, 1, 2, 'ไม่ระบุวันที่ : ไม่ใช่\nวันที่เที่ยว / วันที่เดินทาง : 11 November 2020\nผู้ใหญ่ : 2 คน\nเด็ก : 1 คน\nทารก : - คน\nFOC : - คน\nเพิ่มรถรับส่ง : ไม่ใช่\nสถานที่รับ : N/A\nสถานที่ส่ง : N/A\nโซน : -\nห้องพัก : -\nชาวต่างชาติ : ไม่มี\nจำนวนชาวต่างชาติ : - คน\nราคาเพิ่มเติมสำหรับชาวต่างชาติ : 0 บาท\nราคาสำหรับแก้ไข : 8,200 บาท\nหมายเหตุ : \n\n', 2, '118.173.131.28', '2020-11-11 19:18:08'),
(87, 2, 5, 2, 'สถานะการยืนยัน : ยืนยันแล้ว </br>ยืนยันโดย : admin', 2, '118.173.131.28', '2020-11-11 19:18:26'),
(88, 1, 2, 0, 'รายละเอียดใบเสร็จ : มุสลิม , ไม่ทานไก่\n', 2, '118.173.131.28', '2020-11-11 19:19:33'),
(89, 2, 5, 2, 'สถานะการยืนยัน(OP) : ยืนยันแล้ว', 2, '118.173.131.28', '2020-11-11 19:20:09'),
(90, 3, 1, 0, 'สถานะ : ออนไลน์\nประเภทลูกค้า : เอเย่นต์\nVoucher No. : 10001\nวันที่จอง : 13 November 2020\nเอเย่นต์ : Test Agent\nVoucher No. (เอเย่นต์) : 20001\nชื่อเซลล์ : ทดสอบ\nชื่อ (ลูกค้า) : นายลูกค้า\nนามสกุล (ลูกค้า) : ทดสอบ\nเบอร์โทรศัพท์ (ลูกค้า) : 0812345678\nอีเมล์ (ลูกค้า) : -\nใบเสร็จรับเงิน : แบบเต็ม\nชื่อ : นายลูกค้า ทดสอบ\nที่อยู่ : 77/8\nหมายเลขประจำตัวผู้เสียภาษี : -\nรายละเอียดใบเสร็จ : มา 2 คน\n', 2, '118.173.152.81', '2020-11-13 14:33:21'),
(91, 3, 1, 3, 'ไม่ระบุวันที่ : ไม่ใช่\nวันที่เที่ยว / วันที่เดินทาง : 13 November 2020\nผู้ใหญ่ : 3 คน\nเด็ก : 2 คน\nทารก : - คน\nFOC : - คน\nเพิ่มรถรับส่ง : ใช่\nสถานที่รับ : เมือง\nสถานที่ส่ง : ป่าตอง\nโซน : ป่าตอง\nห้องพัก : A201\nชาวต่างชาติ : ไม่มี\nจำนวนชาวต่างชาติ : - คน\nราคาเพิ่มเติมสำหรับชาวต่างชาติ : 0 บาท\nราคาสำหรับแก้ไข : 10,500 บาท\nหมายเหตุ : \nTest\n', 2, '118.173.152.81', '2020-11-13 14:36:32'),
(92, 3, 2, 3, 'ราคาสำหรับแก้ไข : 9,000 บาท\nหมายเหตุ : \nTest\n', 2, '118.173.152.81', '2020-11-13 14:39:35'),
(93, 3, 2, 3, 'ราคาสำหรับแก้ไข : 10,500 บาท\nหมายเหตุ : \nTest\n', 2, '118.173.152.81', '2020-11-13 14:39:57'),
(94, 3, 5, 3, 'สถานะการยืนยัน : ยืนยันแล้ว </br>ยืนยันโดย : Admin', 2, '118.173.152.81', '2020-11-13 14:40:16'),
(95, 3, 8, 3, 'สถานะการส่งอีเมล์ : ส่งแล้ว </br>ส่งอีเมล์โดย : Andaman Passion (Admin)</br>Remark : Test', 2, '118.173.152.81', '2020-11-13 14:40:50'),
(96, 3, 10, 3, 'สถานะการส่งอีเมล์ : ส่งใหม่ </br>ส่งอีเมล์โดย : Andaman Passion (Admin)</br>Remark : Test 2', 2, '118.173.152.81', '2020-11-13 14:41:33'),
(97, 3, 5, 3, 'สถานะการยืนยัน(OP) : ยืนยันแล้ว', 2, '118.173.152.81', '2020-11-13 14:44:52'),
(98, 4, 1, 0, 'สถานะ : ออนไลน์\nประเภทลูกค้า : ลูกค้าทั่วไป\nVoucher No. : 10003\nวันที่จอง : 13 November 2020\nเอเย่นต์ : -\nVoucher No. (เอเย่นต์) : -\nชื่อเซลล์ : -\nชื่อ (ลูกค้า) : ทั่วไป\nนามสกุล (ลูกค้า) : เทส\nเบอร์โทรศัพท์ (ลูกค้า) : 054855495\nอีเมล์ (ลูกค้า) : costumer@gmail.com\nใบเสร็จรับเงิน : แบบเต็ม\nชื่อ : นายลูกค้า ทั่วไป\nที่อยู่ : 77/9\nหมายเลขประจำตัวผู้เสียภาษี : -\nรายละเอียดใบเสร็จ : -\n', 2, '118.173.152.81', '2020-11-13 14:48:46'),
(99, 4, 1, 4, 'ไม่ระบุวันที่ : ไม่ใช่\nวันที่เที่ยว / วันที่เดินทาง : 13 November 2020\nผู้ใหญ่ : 3 คน\nเด็ก : 2 คน\nทารก : - คน\nFOC : - คน\nเพิ่มรถรับส่ง : ใช่\nสถานที่รับ : เมือง\nสถานที่ส่ง : ป่าตอง\nโซน : ป่าตอง\nห้องพัก : A26\nชาวต่างชาติ : ไม่มี\nจำนวนชาวต่างชาติ : - คน\nราคาเพิ่มเติมสำหรับชาวต่างชาติ : 0 บาท\nราคาสำหรับแก้ไข : 6,750 บาท\nหมายเหตุ : \n\n', 2, '118.173.152.81', '2020-11-13 14:49:38'),
(100, 4, 5, 4, 'สถานะการยืนยัน : ยืนยันแล้ว </br>ยืนยันโดย : Admin', 2, '118.173.152.81', '2020-11-13 14:50:42'),
(101, 4, 2, 4, 'หมายเลขรถ/ป้ายทะเบียนรถ : P20', 2, '118.173.152.81', '2020-11-13 14:51:11'),
(102, 4, 2, 4, 'เวลารับ : 16:00 น.', 2, '118.173.152.81', '2020-11-13 14:51:30'),
(103, 4, 5, 4, 'สถานะการยืนยัน(OP) : ยืนยันแล้ว', 2, '118.173.152.81', '2020-11-13 14:51:34'),
(104, 4, 8, 4, 'สถานะการส่งอีเมล์ : ส่งแล้ว </br>ส่งอีเมล์โดย : Andaman Passion (Admin)</br>Remark : 1123', 2, '118.173.152.81', '2020-11-13 15:15:15'),
(105, 5, 1, 0, 'สถานะ : ออนไลน์\nประเภทลูกค้า : ลูกค้าทั่วไป\nVoucher No. : 23248\nวันที่จอง : 17 November 2020\nเอเย่นต์ : -\nVoucher No. (เอเย่นต์) : -\nชื่อเซลล์ : -\nชื่อ (ลูกค้า) : คุณ ภควรรณ\nนามสกุล (ลูกค้า) : องอาจวุฒิวงศ์\nเบอร์โทรศัพท์ (ลูกค้า) : 0809649597,0869767999\nอีเมล์ (ลูกค้า) : F : Parswan Ongartwotthiwong\nใบเสร็จรับเงิน : ไม่ใช่แบบเต็ม\nชื่อ : -\nที่อยู่ : -\nหมายเลขประจำตัวผู้เสียภาษี : -\nรายละเอียดใบเสร็จ : No transfer\n', 2, '1.2.180.200', '2020-11-17 10:37:00'),
(106, 5, 1, 5, 'ไม่ระบุวันที่ : ไม่ใช่\nวันที่เที่ยว / วันที่เดินทาง : 09 January 2021\nผู้ใหญ่ : 2 คน\nเด็ก : - คน\nทารก : - คน\nFOC : - คน\nเพิ่มรถรับส่ง : ไม่ใช่\nสถานที่รับ : N/A\nสถานที่ส่ง : N/A\nโซน : -\nห้องพัก : -\nชาวต่างชาติ : ไม่มี\nจำนวนชาวต่างชาติ : - คน\nราคาเพิ่มเติมสำหรับชาวต่างชาติ : 0 บาท\nราคาสำหรับแก้ไข : 3,198 บาท\nหมายเหตุ : \nปรับปรุงหรือยิง\n', 2, '1.2.180.200', '2020-11-17 10:46:16'),
(107, 5, 5, 5, 'สถานะการยืนยัน : ยืนยันแล้ว </br>ยืนยันโดย : admin', 2, '1.2.180.200', '2020-11-17 10:47:08'),
(108, 5, 2, 0, 'รายละเอียดใบเสร็จ : No transfer\n', 2, '1.2.180.200', '2020-11-17 10:47:27'),
(109, 5, 8, 5, 'สถานะการส่งอีเมล์ : ส่งแล้ว </br>ส่งอีเมล์โดย : Andaman Passion (Admin)</br>Remark : ', 2, '1.2.180.200', '2020-11-17 10:47:36'),
(110, 5, 10, 5, 'สถานะการส่งอีเมล์ : ส่งใหม่ </br>ส่งอีเมล์โดย : Andaman Passion (Admin)</br>Remark : 111', 2, '1.2.180.200', '2020-11-17 10:47:58'),
(111, 5, 10, 5, 'สถานะการส่งอีเมล์ : ส่งใหม่ </br>ส่งอีเมล์โดย : Andaman Passion (Admin)</br>Remark : 111', 2, '1.2.180.200', '2020-11-17 10:48:27'),
(112, 5, 6, 5, 'สถานะการยืนยัน : ยังไม่ยืนยัน', 1, '171.100.83.90', '2020-11-17 11:07:04'),
(113, 5, 5, 5, 'สถานะการยืนยัน : ยืนยันแล้ว </br>ยืนยันโดย : Admin', 1, '171.100.83.90', '2020-11-17 11:07:20'),
(114, 5, 6, 5, 'สถานะการยืนยัน : ยังไม่ยืนยัน', 1, '171.100.83.90', '2020-11-17 11:07:57'),
(115, 5, 5, 5, 'สถานะการยืนยัน : ยืนยันแล้ว </br>ยืนยันโดย : admin', 2, '1.2.180.200', '2020-11-17 11:08:52'),
(116, 5, 5, 5, 'สถานะการยืนยัน(OP) : ยืนยันแล้ว', 2, '1.2.180.200', '2020-11-17 11:13:35'),
(117, 6, 1, 0, 'สถานะ : ออนไลน์\nประเภทลูกค้า : ลูกค้าทั่วไป\nVoucher No. : 55555\nวันที่จอง : 18 November 2020\nเอเย่นต์ : -\nVoucher No. (เอเย่นต์) : -\nชื่อเซลล์ : -\nชื่อ (ลูกค้า) : Admin\nนามสกุล (ลูกค้า) : test-system\nเบอร์โทรศัพท์ (ลูกค้า) : 087-854-2254\nอีเมล์ (ลูกค้า) : admin@gmail.com\nใบเสร็จรับเงิน : แบบเต็ม\nชื่อ : admin test system\nที่อยู่ : 85/6\nหมายเลขประจำตัวผู้เสียภาษี : -\nรายละเอียดใบเสร็จ : Solution Test System 18-11-2020\n', 1, '171.101.210.224', '2020-11-18 11:47:32'),
(118, 6, 1, 6, 'ไม่ระบุวันที่ : ไม่ใช่\nวันที่เที่ยว / วันที่เดินทาง : 19 November 2020\nผู้ใหญ่ : 2 คน\nเด็ก : 2 คน\nทารก : - คน\nFOC : - คน\nเพิ่มรถรับส่ง : ใช่\nสถานที่รับ : เมือง\nสถานที่ส่ง : \nโซน : ฉลอง\nห้องพัก : A102\nชาวต่างชาติ : ไม่มี\nจำนวนชาวต่างชาติ : - คน\nราคาเพิ่มเติมสำหรับชาวต่างชาติ : 0 บาท\nราคาสำหรับแก้ไข : 12,600 บาท\nหมายเหตุ : \n\n', 1, '171.101.210.224', '2020-11-18 11:48:24'),
(119, 6, 1, 7, 'ไม่ระบุวันที่ : ไม่ใช่\nวันที่เที่ยว / วันที่เดินทาง : 20 November 2020\nผู้ใหญ่ : 3 คน\nเด็ก : 1 คน\nทารก : 2 คน\nFOC : 1 คน\nเพิ่มรถรับส่ง : ใช่\nสถานที่รับ : เมือง\nสถานที่ส่ง : \nโซน : เมือง\nห้องพัก : -\nชาวต่างชาติ : ไม่มี\nจำนวนชาวต่างชาติ : - คน\nราคาเพิ่มเติมสำหรับชาวต่างชาติ : 0 บาท\nราคาสำหรับแก้ไข : 7,696 บาท\nหมายเหตุ : \n\n', 1, '171.101.210.224', '2020-11-18 11:49:48'),
(120, 6, 1, 8, 'ไม่ระบุวันที่ : ไม่ใช่\nวันที่เที่ยว / วันที่เดินทาง : 20 November 2020\nผู้ใหญ่ : 3 คน\nเด็ก : 1 คน\nทารก : - คน\nFOC : - คน\nเพิ่มรถรับส่ง : ใช่\nสถานที่รับ : ป่าตอง\nสถานที่ส่ง : \nโซน : ป่าตอง\nห้องพัก : -\nชาวต่างชาติ : มี\nจำนวนชาวต่างชาติ : 2 คน\nราคาเพิ่มเติมสำหรับชาวต่างชาติ : 600 บาท\nราคาสำหรับแก้ไข : 3,500 บาท\nหมายเหตุ : \n\n', 1, '171.101.210.224', '2020-11-18 11:57:04'),
(121, 6, 1, 9, 'ไม่ระบุวันที่ : ไม่ใช่\nวันที่เช็คอิน : 21 November 2020\nวันที่เช็คเอาท์ : 24 November 2020\nผู้ใหญ่ : 2 คน\nเด็ก : 1 คน\nทารก : - คน\nFOC : - คน\nสถานที่รับ : กะตะ\nสถานที่ส่ง : \nโซน : กะตะ\nห้องพัก : -\nจำนวนห้อง : 1 ห้อง\nจำนวนเตียงเสริม : 1 เตียง\nจำนวนแชร์เตียง : - เตียง\nราคาสำหรับแก้ไข : 3,300 บาท\nหมายเหตุ : \n\n', 1, '171.101.210.224', '2020-11-18 11:57:56'),
(122, 6, 5, 6, 'สถานะการยืนยัน : ยืนยันแล้ว </br>ยืนยันโดย : Admin', 1, '171.101.210.224', '2020-11-18 11:58:09'),
(123, 6, 5, 7, 'สถานะการยืนยัน : ยืนยันแล้ว </br>ยืนยันโดย : Admin', 1, '171.101.210.224', '2020-11-18 11:58:41'),
(124, 6, 5, 8, 'สถานะการยืนยัน : ยืนยันแล้ว </br>ยืนยันโดย : Admin', 1, '171.101.210.224', '2020-11-18 11:58:46'),
(125, 6, 5, 9, 'สถานะการยืนยัน : ยืนยันแล้ว </br>ยืนยันโดย : Admin', 1, '171.101.210.224', '2020-11-18 11:58:51'),
(126, 6, 2, 6, 'หมายเลขรถ/ป้ายทะเบียนรถ : P1', 1, '171.101.210.224', '2020-11-18 11:59:19'),
(127, 6, 2, 7, 'หมายเลขรถ/ป้ายทะเบียนรถ : P5', 1, '171.101.210.224', '2020-11-18 11:59:24'),
(128, 6, 2, 8, 'หมายเลขรถ/ป้ายทะเบียนรถ : P6', 1, '171.101.210.224', '2020-11-18 11:59:34'),
(133, 2, 2, 2, 'สถานที่ส่ง : \nหมายเหตุ : \n\n', 1, '171.101.210.224', '2020-11-18 12:01:42'),
(134, 1, 2, 1, 'สถานที่ส่ง : \nหมายเหตุ : \n\n', 1, '171.101.210.224', '2020-11-18 12:02:27'),
(135, 1, 2, 1, 'หมายเหตุ : \n\n', 1, '171.101.210.224', '2020-11-18 12:02:27'),
(136, 4, 2, 4, 'สถานที่ส่ง : \nหมายเหตุ : \n\n', 1, '171.101.210.224', '2020-11-18 12:02:37'),
(137, 3, 2, 3, 'สถานที่ส่ง : \nราคาสำหรับแก้ไข : 0 บาท\nหมายเหตุ : \nTest\n', 1, '171.101.210.224', '2020-11-18 12:02:55'),
(138, 5, 2, 5, 'สถานที่ส่ง : \nหมายเหตุ : \nปรับปรุงหรือยิง\n', 1, '171.101.210.224', '2020-11-18 12:03:23'),
(144, 1, 8, 1, 'สถานะการส่งอีเมล์ : ส่งแล้ว </br>ส่งอีเมล์โดย : Programmer</br>Remark : Test', 1, '171.101.210.224', '2020-11-18 14:15:14'),
(145, 1, 5, 1, 'สถานะการยืนยัน : ยืนยันแล้ว </br>ยืนยันโดย : Admin', 1, '171.101.210.224', '2020-11-18 14:20:40'),
(146, 4, 6, 4, 'สถานะการยืนยัน : ยังไม่ยืนยัน', 1, '171.101.210.224', '2020-11-18 14:21:27'),
(147, 4, 5, 4, 'สถานะการยืนยัน : ยืนยันแล้ว </br>ยืนยันโดย : Admin', 1, '171.101.210.224', '2020-11-18 14:21:39'),
(148, 1, 5, 1, 'สถานะการยืนยัน(OP) : ยืนยันแล้ว', 1, '171.101.210.224', '2020-11-18 14:22:03'),
(149, 2, 5, 2, 'สถานะการยืนยัน(OP) : ยืนยันแล้ว', 1, '171.101.210.224', '2020-11-18 14:22:06'),
(152, 3, 5, 3, 'สถานะการยืนยัน(OP) : ยืนยันแล้ว', 1, '171.101.210.224', '2020-11-18 14:22:20'),
(153, 4, 5, 4, 'สถานะการยืนยัน(OP) : ยืนยันแล้ว', 1, '171.101.210.224', '2020-11-18 14:22:22'),
(165, 3, 2, 3, 'ราคาสำหรับแก้ไข : 10,500 บาท\nหมายเหตุ : \nTest\n', 1, '171.101.210.224', '2020-11-18 15:16:56'),
(166, 7, 1, 0, 'สถานะ : ออนไลน์\nประเภทลูกค้า : ลูกค้าทั่วไป\nVoucher No. : 55055\nวันที่จอง : 18 November 2020\nเอเย่นต์ : -\nVoucher No. (เอเย่นต์) : -\nชื่อเซลล์ : -\nชื่อ (ลูกค้า) : John\nนามสกุล (ลูกค้า) : Wick\nเบอร์โทรศัพท์ (ลูกค้า) : 084-695-6659\nอีเมล์ (ลูกค้า) : mr.wick@gmail.com\nใบเสร็จรับเงิน : ไม่ใช่แบบเต็ม\nชื่อ : Mr.Wick\nที่อยู่ : 5/6\nหมายเลขประจำตัวผู้เสียภาษี : -\nรายละเอียดใบเสร็จ : -\n', 1, '171.101.210.224', '2020-11-18 15:31:53'),
(167, 7, 1, 11, 'ไม่ระบุวันที่ : ไม่ใช่\nวันที่เที่ยว / วันที่เดินทาง : 18 November 2020\nผู้ใหญ่ : 2 คน\nเด็ก : - คน\nทารก : - คน\nFOC : - คน\nเพิ่มรถรับส่ง : ไม่ใช่\nสถานที่รับ : N/A\nสถานที่ส่ง : N/A\nโซน : -\nห้องพัก : -\nชาวต่างชาติ : ไม่มี\nจำนวนชาวต่างชาติ : - คน\nราคาเพิ่มเติมสำหรับชาวต่างชาติ : 0 บาท\nราคาสำหรับแก้ไข : 5,800 บาท\nหมายเหตุ : \n\n', 1, '171.101.210.224', '2020-11-18 15:34:51'),
(168, 7, 1, 12, 'ไม่ระบุวันที่ : ไม่ใช่\nวันที่เที่ยว / วันที่เดินทาง : 21 November 2020\nผู้ใหญ่ : 2 คน\nเด็ก : - คน\nทารก : - คน\nFOC : - คน\nเพิ่มรถรับส่ง : ไม่ใช่\nสถานที่รับ : N/A\nสถานที่ส่ง : N/A\nโซน : -\nห้องพัก : -\nชาวต่างชาติ : ไม่มี\nจำนวนชาวต่างชาติ : - คน\nราคาเพิ่มเติมสำหรับชาวต่างชาติ : 0 บาท\nราคาสำหรับแก้ไข : 3,998 บาท\nหมายเหตุ : \n\n', 1, '171.101.210.224', '2020-11-18 15:35:14'),
(169, 7, 5, 11, 'สถานะการยืนยัน : ยืนยันแล้ว </br>ยืนยันโดย : Admin', 1, '171.101.210.224', '2020-11-18 15:35:22'),
(170, 7, 5, 12, 'สถานะการยืนยัน : ยืนยันแล้ว </br>ยืนยันโดย : Admin', 1, '171.101.210.224', '2020-11-18 15:35:28'),
(171, 7, 2, 11, 'สถานที่รับ : เมือง\nสถานที่ส่ง : ท่าเรือฉลอง\nหมายเหตุ : \n\n', 1, '171.101.210.224', '2020-11-18 15:37:51'),
(172, 7, 2, 12, 'สถานที่รับ : เมือง\nสถานที่ส่ง : ท่าเรือฉลอง\nหมายเหตุ : \n\n', 1, '171.101.210.224', '2020-11-18 15:38:02'),
(173, 7, 5, 11, 'สถานะการยืนยัน(OP) : ยืนยันแล้ว', 1, '171.101.210.224', '2020-11-18 15:38:33'),
(174, 7, 5, 12, 'สถานะการยืนยัน(OP) : ยืนยันแล้ว', 1, '171.101.210.224', '2020-11-18 15:38:35'),
(175, 7, 2, 11, 'สถานที่ส่ง : ท่าเรือทับละมุ\nหมายเหตุ : \n\n', 1, '171.101.210.224', '2020-11-18 15:38:53'),
(176, 8, 1, 0, 'สถานะ : ออนไลน์\nประเภทลูกค้า : ลูกค้าทั่วไป\nVoucher No. : 23446\nวันที่จอง : 19 November 2020\nเอเย่นต์ : -\nVoucher No. (เอเย่นต์) : -\nชื่อเซลล์ : -\nชื่อ (ลูกค้า) : คุณจิดาภา\nนามสกุล (ลูกค้า) : ชัยวร\nเบอร์โทรศัพท์ (ลูกค้า) : 0844900922/0954472538\nอีเมล์ (ลูกค้า) : Line mameaw\nใบเสร็จรับเงิน : ไม่ใช่แบบเต็ม\nชื่อ : -\nที่อยู่ : -\nหมายเลขประจำตัวผู้เสียภาษี : -\nรายละเอียดใบเสร็จ : -\n', 2, '183.89.194.168', '2020-11-19 21:02:16'),
(177, 9, 1, 0, 'สถานะ : ออนไลน์\nประเภทลูกค้า : ลูกค้าทั่วไป\nVoucher No. : 23260\nวันที่จอง : 20 November 2020\nเอเย่นต์ : -\nVoucher No. (เอเย่นต์) : -\nชื่อเซลล์ : -\nชื่อ (ลูกค้า) : คุณชวิธร\nนามสกุล (ลูกค้า) : เบญจวธางกร\nเบอร์โทรศัพท์ (ลูกค้า) : 0955246935\nอีเมล์ (ลูกค้า) : -\nใบเสร็จรับเงิน : ไม่ใช่แบบเต็ม\nชื่อ : -\nที่อยู่ : -\nหมายเลขประจำตัวผู้เสียภาษี : -\nรายละเอียดใบเสร็จ : P/U ลูกค้าเดินทางไปทางเรือเอง\n', 2, '1.20.234.130', '2020-11-20 16:31:21'),
(178, 10, 1, 0, 'สถานะ : ออนไลน์\nประเภทลูกค้า : เอเย่นต์\nVoucher No. : 23384\nวันที่จอง : 21 November 2020\nเอเย่นต์ : -\nVoucher No. (เอเย่นต์) : -\nชื่อเซลล์ : \nชื่อ (ลูกค้า) : นาย ลูกค้า\nนามสกุล (ลูกค้า) : สมมุติ\nเบอร์โทรศัพท์ (ลูกค้า) : 0812345678\nอีเมล์ (ลูกค้า) : -\nใบเสร็จรับเงิน : ไม่ใช่แบบเต็ม\nชื่อ : -\nที่อยู่ : -\nหมายเลขประจำตัวผู้เสียภาษี : -\nรายละเอียดใบเสร็จ : -\n', 2, '101.109.71.212', '2020-11-21 10:22:32'),
(179, 4, 10, 4, 'สถานะการส่งอีเมล์ : ส่งใหม่ </br>ส่งอีเมล์โดย : Programmer</br>Remark : Test Send Email', 1, '171.101.210.224', '2020-11-23 14:33:49'),
(180, 4, 10, 4, 'สถานะการส่งอีเมล์ : ส่งใหม่ </br>ส่งอีเมล์โดย : Programmer</br>Remark : Test Send', 1, '171.101.210.224', '2020-11-23 14:35:43'),
(181, 4, 10, 4, 'สถานะการส่งอีเมล์ : ส่งใหม่ </br>ส่งอีเมล์โดย : Programmer</br>Remark : Test send\n', 1, '171.101.210.224', '2020-11-23 14:39:10'),
(182, 4, 10, 4, 'สถานะการส่งอีเมล์ : ส่งใหม่ </br>ส่งอีเมล์โดย : Programmer</br>Remark : Test send', 1, '171.101.210.224', '2020-11-23 14:56:35'),
(183, 4, 10, 4, 'สถานะการส่งอีเมล์ : ส่งใหม่ </br>ส่งอีเมล์โดย : Programmer</br>Remark : Test send', 1, '171.101.210.224', '2020-11-23 15:01:58'),
(184, 4, 10, 4, 'สถานะการส่งอีเมล์ : ส่งใหม่ </br>ส่งอีเมล์โดย : Programmer</br>Remark : Test Send', 1, '171.101.210.224', '2020-11-23 15:07:09'),
(250, 6, 1, 13, 'ไม่ระบุวันที่ : ไม่ใช่\nวันที่เที่ยว / วันที่เดินทาง : 25 November 2020\nผู้ใหญ่ : 2 คน\nเด็ก : 2 คน\nทารก : - คน\nFOC : - คน\nเพิ่มรถรับส่ง : ไม่ใช่\nสถานที่รับ : N/A\nสถานที่ส่ง : N/A\nโซน : -\nห้องพัก : -\nชาวต่างชาติ : ไม่มี\nจำนวนชาวต่างชาติ : - คน\nราคาเพิ่มเติมสำหรับชาวต่างชาติ : 0 บาท\nราคาสำหรับแก้ไข : 3,800 บาท\nหมายเหตุ : \n\n', 1, '171.101.210.161', '2020-11-25 13:03:02'),
(251, 6, 5, 13, 'สถานะการยืนยัน : ยืนยันแล้ว </br>ยืนยันโดย : Admin', 1, '171.101.210.161', '2020-11-25 13:03:09'),
(252, 6, 8, 13, 'สถานะการส่งอีเมล์ : ส่งแล้ว </br>ส่งอีเมล์โดย : Programmer</br>Remark : Test Send Email', 1, '171.101.210.161', '2020-11-25 13:03:33'),
(253, 6, 8, 7, 'สถานะการส่งอีเมล์ : ส่งแล้ว </br>ส่งอีเมล์โดย : Programmer</br>Remark : Test Send Email', 1, '171.101.210.161', '2020-11-25 13:03:33'),
(254, 6, 10, 13, 'สถานะการส่งอีเมล์ : ส่งใหม่ </br>ส่งอีเมล์โดย : Programmer</br>Remark : Test Send', 1, '171.101.210.161', '2020-11-25 14:07:20'),
(255, 6, 8, 8, 'สถานะการส่งอีเมล์ : ส่งแล้ว </br>ส่งอีเมล์โดย : Programmer</br>Remark : Test Send', 1, '171.101.210.161', '2020-11-25 14:07:20'),
(256, 6, 8, 10, 'สถานะการส่งอีเมล์ : ส่งแล้ว </br>ส่งอีเมล์โดย : Programmer</br>Remark : Test Send', 1, '171.101.210.161', '2020-11-25 14:07:21'),
(257, 6, 8, 9, 'สถานะการส่งอีเมล์ : ส่งแล้ว </br>ส่งอีเมล์โดย : Programmer</br>Remark : Test Send', 1, '171.101.210.161', '2020-11-25 14:07:21'),
(258, 6, 2, 13, 'หมายเหตุ : \nTest Detail Tours\n', 1, '171.101.210.161', '2020-11-25 14:11:33'),
(259, 6, 2, 8, 'หมายเหตุ : \nTest Detail Activity\n', 1, '171.101.210.161', '2020-11-25 14:11:49'),
(260, 6, 2, 10, 'หมายเหตุ : \nTest Detail Transfer\n', 1, '171.101.210.161', '2020-11-25 14:12:10'),
(261, 6, 2, 9, 'หมายเหตุ : \nTest Detail Hotel\n', 1, '171.101.210.161', '2020-11-25 14:12:26'),
(262, 6, 10, 13, 'สถานะการส่งอีเมล์ : ส่งใหม่ </br>ส่งอีเมล์โดย : Programmer</br>Remark : Test Send Email', 1, '171.101.210.161', '2020-11-25 14:12:44'),
(263, 6, 10, 8, 'สถานะการส่งอีเมล์ : ส่งใหม่ </br>ส่งอีเมล์โดย : Programmer</br>Remark : Test Send Email', 1, '171.101.210.161', '2020-11-25 14:12:44'),
(264, 6, 10, 10, 'สถานะการส่งอีเมล์ : ส่งใหม่ </br>ส่งอีเมล์โดย : Programmer</br>Remark : Test Send Email', 1, '171.101.210.161', '2020-11-25 14:12:44'),
(265, 6, 10, 9, 'สถานะการส่งอีเมล์ : ส่งใหม่ </br>ส่งอีเมล์โดย : Programmer</br>Remark : Test Send Email', 1, '171.101.210.161', '2020-11-25 14:12:44'),
(266, 6, 10, 13, 'สถานะการส่งอีเมล์ : ส่งใหม่ </br>ส่งอีเมล์โดย : Programmer</br>Remark : Test Send ', 1, '171.101.210.161', '2020-11-25 14:16:46'),
(267, 6, 10, 8, 'สถานะการส่งอีเมล์ : ส่งใหม่ </br>ส่งอีเมล์โดย : Programmer</br>Remark : Test Send ', 1, '171.101.210.161', '2020-11-25 14:16:47'),
(268, 6, 10, 10, 'สถานะการส่งอีเมล์ : ส่งใหม่ </br>ส่งอีเมล์โดย : Programmer</br>Remark : Test Send ', 1, '171.101.210.161', '2020-11-25 14:16:48'),
(269, 6, 10, 9, 'สถานะการส่งอีเมล์ : ส่งใหม่ </br>ส่งอีเมล์โดย : Programmer</br>Remark : Test Send ', 1, '171.101.210.161', '2020-11-25 14:16:48'),
(270, 6, 10, 13, 'สถานะการส่งอีเมล์ : ส่งใหม่ </br>ส่งอีเมล์โดย : Programmer</br>Remark : Test Send', 1, '171.101.210.161', '2020-11-25 14:29:35'),
(271, 6, 10, 8, 'สถานะการส่งอีเมล์ : ส่งใหม่ </br>ส่งอีเมล์โดย : Programmer</br>Remark : Test Send', 1, '171.101.210.161', '2020-11-25 14:29:36'),
(272, 6, 10, 10, 'สถานะการส่งอีเมล์ : ส่งใหม่ </br>ส่งอีเมล์โดย : Programmer</br>Remark : Test Send', 1, '171.101.210.161', '2020-11-25 14:29:37'),
(273, 6, 10, 9, 'สถานะการส่งอีเมล์ : ส่งใหม่ </br>ส่งอีเมล์โดย : Programmer</br>Remark : Test Send', 1, '171.101.210.161', '2020-11-25 14:29:37'),
(274, 6, 10, 13, 'สถานะการส่งอีเมล์ : ส่งใหม่ </br>ส่งอีเมล์โดย : Programmer</br>Remark : Test Send', 1, '171.101.210.161', '2020-11-25 14:37:23'),
(275, 6, 10, 8, 'สถานะการส่งอีเมล์ : ส่งใหม่ </br>ส่งอีเมล์โดย : Programmer</br>Remark : Test Send', 1, '171.101.210.161', '2020-11-25 14:37:23'),
(276, 6, 10, 10, 'สถานะการส่งอีเมล์ : ส่งใหม่ </br>ส่งอีเมล์โดย : Programmer</br>Remark : Test Send', 1, '171.101.210.161', '2020-11-25 14:37:24'),
(277, 6, 10, 9, 'สถานะการส่งอีเมล์ : ส่งใหม่ </br>ส่งอีเมล์โดย : Programmer</br>Remark : Test Send', 1, '171.101.210.161', '2020-11-25 14:37:24'),
(278, 6, 10, 13, 'สถานะการส่งอีเมล์ : ส่งใหม่ </br>ส่งอีเมล์โดย : Programmer</br>Remark : Test Send', 1, '171.101.210.161', '2020-11-25 14:40:47'),
(279, 6, 10, 13, 'สถานะการส่งอีเมล์ : ส่งใหม่ </br>ส่งอีเมล์โดย : Programmer</br>Remark : Test Send', 1, '171.101.210.161', '2020-11-25 14:44:09'),
(280, 6, 3, 13, 'สถานะ : ยกเลิกข้อมูล', 1, '171.101.210.161', '2020-11-25 14:44:14'),
(281, 6, 4, 13, 'สถานะ : คืนข้อมูล', 1, '171.101.210.161', '2020-11-25 14:48:23'),
(282, 6, 8, 13, 'สถานะการส่งอีเมล์ : ส่งแล้ว </br>ส่งอีเมล์โดย : Programmer</br>Remark : Test Send\n', 1, '171.101.210.161', '2020-11-25 14:48:33'),
(283, 6, 10, 13, 'สถานะการส่งอีเมล์ : ส่งใหม่ </br>ส่งอีเมล์โดย : Programmer</br>Remark : Test Send', 1, '171.101.210.161', '2020-11-25 14:52:44'),
(284, 6, 10, 13, 'สถานะการส่งอีเมล์ : ส่งใหม่ </br>ส่งอีเมล์โดย : Programmer</br>Remark : Test Send', 1, '171.101.210.161', '2020-11-25 14:58:49'),
(285, 6, 10, 8, 'สถานะการส่งอีเมล์ : ส่งใหม่ </br>ส่งอีเมล์โดย : Programmer</br>Remark : Test Send', 1, '171.101.210.161', '2020-11-25 14:58:51'),
(286, 6, 10, 10, 'สถานะการส่งอีเมล์ : ส่งใหม่ </br>ส่งอีเมล์โดย : Programmer</br>Remark : Test Send', 1, '171.101.210.161', '2020-11-25 14:58:51'),
(287, 6, 10, 9, 'สถานะการส่งอีเมล์ : ส่งใหม่ </br>ส่งอีเมล์โดย : Programmer</br>Remark : Test Send', 1, '171.101.210.161', '2020-11-25 14:58:51'),
(288, 6, 10, 8, 'สถานะการส่งอีเมล์ : ส่งใหม่ </br>ส่งอีเมล์โดย : Programmer</br>Remark : Test Send', 1, '171.101.210.161', '2020-11-25 15:02:18'),
(289, 6, 3, 8, 'สถานะ : ยกเลิกข้อมูล', 1, '171.101.210.161', '2020-11-25 15:13:37'),
(290, 6, 3, 13, 'สถานะ : ยกเลิกข้อมูล', 1, '171.101.210.161', '2020-11-25 15:17:30'),
(291, 6, 3, 8, 'สถานะ : ยกเลิกข้อมูล', 1, '171.101.210.161', '2020-11-25 15:17:38'),
(292, 6, 3, 10, 'สถานะ : ยกเลิกข้อมูล', 1, '171.101.210.161', '2020-11-25 15:17:42'),
(293, 6, 3, 9, 'สถานะ : ยกเลิกข้อมูล', 1, '171.101.210.161', '2020-11-25 15:17:46'),
(294, 6, 4, 8, 'สถานะ : คืนข้อมูล', 1, '171.101.210.161', '2020-11-25 15:17:51'),
(295, 6, 4, 13, 'สถานะ : คืนข้อมูล', 1, '171.101.210.161', '2020-11-25 15:17:55'),
(296, 6, 4, 10, 'สถานะ : คืนข้อมูล', 1, '171.101.210.161', '2020-11-25 15:18:19'),
(297, 6, 4, 9, 'สถานะ : คืนข้อมูล', 1, '171.101.210.161', '2020-11-25 15:18:27'),
(298, 6, 3, 8, 'สถานะ : ยกเลิกข้อมูล', 1, '171.101.210.161', '2020-11-25 15:23:10'),
(299, 6, 3, 10, 'สถานะ : ยกเลิกข้อมูล', 1, '171.101.210.161', '2020-11-25 15:23:15'),
(300, 6, 3, 9, 'สถานะ : ยกเลิกข้อมูล', 1, '171.101.210.161', '2020-11-25 15:23:18'),
(301, 6, 3, 13, 'สถานะ : ยกเลิกข้อมูล', 1, '171.101.210.161', '2020-11-25 15:23:22'),
(302, 6, 4, 9, 'สถานะ : คืนข้อมูล', 1, '171.101.210.161', '2020-11-25 15:26:07'),
(303, 6, 4, 13, 'สถานะ : คืนข้อมูล', 1, '171.101.210.161', '2020-11-25 15:26:11'),
(304, 6, 4, 8, 'สถานะ : คืนข้อมูล', 1, '171.101.210.161', '2020-11-25 15:26:15'),
(305, 6, 4, 10, 'สถานะ : คืนข้อมูล', 1, '171.101.210.161', '2020-11-25 15:26:19'),
(306, 6, 3, 13, 'สถานะ : ยกเลิกข้อมูล', 1, '171.101.210.161', '2020-11-25 15:48:58'),
(307, 6, 3, 8, 'สถานะ : ยกเลิกข้อมูล', 1, '171.101.210.161', '2020-11-25 15:49:04'),
(308, 6, 3, 10, 'สถานะ : ยกเลิกข้อมูล', 1, '171.101.210.161', '2020-11-25 15:49:06'),
(309, 6, 3, 9, 'สถานะ : ยกเลิกข้อมูล', 1, '171.101.210.161', '2020-11-25 15:49:10'),
(310, 6, 3, 9, 'สถานะ : ยกเลิกข้อมูล', 1, '171.101.210.161', '2020-11-25 15:55:35'),
(311, 6, 3, 10, 'สถานะ : ยกเลิกข้อมูล', 1, '171.101.210.161', '2020-11-25 15:55:38'),
(312, 6, 3, 8, 'สถานะ : ยกเลิกข้อมูล', 1, '171.101.210.161', '2020-11-25 15:55:41'),
(313, 6, 3, 13, 'สถานะ : ยกเลิกข้อมูล', 1, '171.101.210.161', '2020-11-25 15:55:45'),
(314, 6, 3, 10, 'สถานะ : ยกเลิกข้อมูล', 1, '171.101.210.161', '2020-11-25 16:07:21'),
(315, 6, 4, 9, 'สถานะ : คืนข้อมูล', 1, '171.101.211.183', '2020-11-27 13:21:30'),
(316, 6, 4, 10, 'สถานะ : คืนข้อมูล', 1, '171.101.211.183', '2020-11-27 13:21:34'),
(317, 6, 3, 10, 'สถานะ : ยกเลิกข้อมูล', 1, '171.101.211.183', '2020-11-27 13:21:43'),
(318, 6, 3, 9, 'สถานะ : ยกเลิกข้อมูล', 1, '171.101.211.183', '2020-11-27 13:21:50'),
(319, 6, 4, 8, 'สถานะ : คืนข้อมูล', 1, '171.101.211.183', '2020-11-27 13:21:58'),
(320, 6, 3, 8, 'สถานะ : ยกเลิกข้อมูล', 1, '171.101.211.183', '2020-11-27 13:22:03'),
(321, 6, 4, 13, 'สถานะ : คืนข้อมูล', 1, '171.101.211.183', '2020-11-27 13:22:08'),
(322, 6, 3, 13, 'สถานะ : ยกเลิกข้อมูล', 1, '171.101.211.183', '2020-11-27 13:22:15'),
(323, 6, 4, 9, 'สถานะ : คืนข้อมูล', 1, '171.101.211.183', '2020-11-27 13:29:09'),
(324, 6, 4, 10, 'สถานะ : คืนข้อมูล', 1, '171.101.211.183', '2020-11-27 13:29:24'),
(325, 6, 4, 8, 'สถานะ : คืนข้อมูล', 1, '171.101.211.183', '2020-11-27 13:29:27'),
(326, 6, 4, 13, 'สถานะ : คืนข้อมูล', 1, '171.101.211.183', '2020-11-27 13:29:32'),
(327, 6, 3, 13, 'สถานะ : ยกเลิกข้อมูล', 1, '171.101.211.183', '2020-11-27 13:30:08'),
(328, 6, 3, 8, 'สถานะ : ยกเลิกข้อมูล', 1, '171.101.211.183', '2020-11-27 13:30:15'),
(329, 6, 3, 10, 'สถานะ : ยกเลิกข้อมูล', 1, '171.101.211.183', '2020-11-27 13:30:20'),
(330, 6, 3, 9, 'สถานะ : ยกเลิกข้อมูล', 1, '171.101.211.183', '2020-11-27 13:30:27'),
(331, 6, 4, 9, 'สถานะ : คืนข้อมูล', 1, '171.101.211.183', '2020-11-27 13:33:54'),
(332, 6, 4, 10, 'สถานะ : คืนข้อมูล', 1, '171.101.211.183', '2020-11-27 13:34:03'),
(333, 6, 4, 13, 'สถานะ : คืนข้อมูล', 1, '171.101.211.183', '2020-11-27 13:34:07'),
(334, 6, 4, 8, 'สถานะ : คืนข้อมูล', 1, '171.101.211.183', '2020-11-27 13:34:11'),
(335, 6, 3, 9, 'สถานะ : ยกเลิกข้อมูล', 1, '171.101.211.183', '2020-11-27 13:34:15'),
(336, 6, 3, 10, 'สถานะ : ยกเลิกข้อมูล', 1, '171.101.211.183', '2020-11-27 13:34:19'),
(337, 6, 3, 8, 'สถานะ : ยกเลิกข้อมูล', 1, '171.101.211.183', '2020-11-27 13:34:24'),
(338, 6, 3, 13, 'สถานะ : ยกเลิกข้อมูล', 1, '171.101.211.183', '2020-11-27 13:34:29'),
(339, 6, 3, 9, 'สถานะ : ยกเลิกข้อมูล', 1, '171.101.211.183', '2020-11-27 13:36:19'),
(340, 6, 3, 9, 'สถานะ : ยกเลิกข้อมูล', 1, '171.101.211.183', '2020-11-27 13:38:03'),
(341, 6, 3, 9, 'สถานะ : ยกเลิกข้อมูล', 1, '171.101.211.183', '2020-11-27 13:38:11'),
(342, 6, 3, 9, 'สถานะ : ยกเลิกข้อมูล', 1, '171.101.211.183', '2020-11-27 13:54:42'),
(343, 6, 3, 9, 'สถานะ : ยกเลิกข้อมูล', 1, '171.101.211.183', '2020-11-27 13:55:22'),
(344, 6, 3, 9, 'สถานะ : ยกเลิกข้อมูล', 1, '171.101.211.183', '2020-11-27 13:58:14'),
(345, 6, 3, 9, 'สถานะ : ยกเลิกข้อมูล', 1, '171.101.211.183', '2020-11-27 13:59:01'),
(346, 6, 3, 9, 'สถานะ : ยกเลิกข้อมูล', 1, '171.101.211.183', '2020-11-27 13:59:45'),
(347, 6, 3, 9, 'สถานะ : ยกเลิกข้อมูล', 1, '171.101.211.183', '2020-11-27 14:00:25'),
(348, 6, 3, 9, 'สถานะ : ยกเลิกข้อมูล', 1, '171.101.211.183', '2020-11-27 14:02:33'),
(349, 6, 3, 9, 'สถานะ : ยกเลิกข้อมูล', 1, '171.101.211.183', '2020-11-27 14:04:25'),
(350, 6, 3, 9, 'สถานะ : ยกเลิกข้อมูล', 1, '171.101.211.183', '2020-11-27 14:04:52'),
(351, 6, 3, 9, 'สถานะ : ยกเลิกข้อมูล', 1, '171.101.211.183', '2020-11-27 15:14:28'),
(352, 6, 3, 9, 'สถานะ : ยกเลิกข้อมูล', 1, '171.101.211.183', '2020-11-27 15:14:54'),
(353, 6, 3, 9, 'สถานะ : ยกเลิกข้อมูล', 1, '171.101.211.183', '2020-11-27 15:15:33'),
(354, 6, 3, 9, 'สถานะ : ยกเลิกข้อมูล', 1, '171.101.211.183', '2020-11-27 15:15:56'),
(355, 6, 3, 9, 'สถานะ : ยกเลิกข้อมูล', 1, '171.101.211.183', '2020-11-27 15:17:45'),
(356, 6, 3, 9, 'สถานะ : ยกเลิกข้อมูล', 1, '171.101.211.183', '2020-11-27 15:18:20'),
(357, 6, 3, 9, 'สถานะ : ยกเลิกข้อมูล', 1, '171.101.211.183', '2020-11-27 15:19:28'),
(358, 6, 3, 9, 'สถานะ : ยกเลิกข้อมูล', 1, '171.101.211.183', '2020-11-27 15:20:24'),
(359, 6, 3, 9, 'สถานะ : ยกเลิกข้อมูล', 1, '171.101.211.183', '2020-11-27 15:21:19'),
(360, 6, 3, 9, 'สถานะ : ยกเลิกข้อมูล', 1, '171.101.211.183', '2020-11-27 15:22:25'),
(361, 6, 3, 9, 'สถานะ : ยกเลิกข้อมูล', 1, '171.101.211.183', '2020-11-27 15:22:50'),
(362, 6, 3, 9, 'สถานะ : ยกเลิกข้อมูล', 1, '171.101.211.183', '2020-11-27 15:23:14'),
(363, 6, 4, 9, 'สถานะ : คืนข้อมูล', 1, '171.97.215.41', '2020-12-01 16:32:20'),
(364, 6, 4, 13, 'สถานะ : คืนข้อมูล', 1, '171.97.215.41', '2020-12-01 16:32:24'),
(365, 6, 4, 8, 'สถานะ : คืนข้อมูล', 1, '171.97.215.41', '2020-12-01 16:32:27'),
(366, 6, 4, 10, 'สถานะ : คืนข้อมูล', 1, '171.97.215.41', '2020-12-01 16:32:30'),
(367, 6, 3, 9, 'สถานะ : ยกเลิกข้อมูล', 1, '171.97.215.41', '2020-12-01 16:40:10'),
(368, 6, 3, 9, 'สถานะ : ยกเลิกข้อมูล', 1, '171.97.215.41', '2020-12-01 16:40:36'),
(369, 6, 3, 9, 'สถานะ : ยกเลิกข้อมูล', 1, '171.97.215.41', '2020-12-01 16:46:18'),
(370, 6, 3, 9, 'สถานะ : ยกเลิกข้อมูล', 1, '171.97.215.41', '2020-12-01 16:46:48'),
(371, 6, 3, 9, 'สถานะ : ยกเลิกข้อมูล', 1, '171.97.215.41', '2020-12-01 17:19:15'),
(372, 6, 3, 9, 'สถานะ : ยกเลิกข้อมูล', 1, '171.97.215.41', '2020-12-01 17:19:44'),
(373, 6, 3, 9, 'สถานะ : ยกเลิกข้อมูล', 1, '171.97.215.41', '2020-12-01 17:20:18'),
(374, 6, 3, 9, 'สถานะ : ยกเลิกข้อมูล', 1, '171.97.215.41', '2020-12-01 17:23:32'),
(375, 6, 3, 9, 'สถานะ : ยกเลิกข้อมูล', 1, '171.97.215.41', '2020-12-01 17:30:05'),
(376, 6, 3, 9, 'สถานะ : ยกเลิกข้อมูล', 1, '171.97.215.41', '2020-12-01 17:34:14'),
(377, 6, 3, 9, 'สถานะ : ยกเลิกข้อมูล', 1, '171.97.215.41', '2020-12-01 17:43:16'),
(378, 6, 3, 10, 'สถานะ : ยกเลิกข้อมูล', 1, '171.97.215.41', '2020-12-01 17:43:20'),
(379, 6, 3, 13, 'สถานะ : ยกเลิกข้อมูล', 1, '171.97.215.41', '2020-12-01 17:48:41'),
(380, 6, 3, 8, 'สถานะ : ยกเลิกข้อมูล', 1, '171.97.215.41', '2020-12-01 17:48:45'),
(381, 6, 3, 9, 'สถานะ : ยกเลิกข้อมูล', 1, '171.97.215.41', '2020-12-01 17:53:58'),
(382, 6, 3, 9, 'สถานะ : ยกเลิกข้อมูล', 1, '171.97.215.41', '2020-12-01 17:58:24'),
(383, 6, 3, 10, 'สถานะ : ยกเลิกข้อมูล', 1, '171.97.215.41', '2020-12-01 17:58:28'),
(384, 6, 3, 9, 'สถานะ : ยกเลิกข้อมูล', 1, '171.97.215.41', '2020-12-01 18:02:27'),
(385, 6, 3, 10, 'สถานะ : ยกเลิกข้อมูล', 1, '171.97.215.41', '2020-12-01 18:02:32'),
(386, 6, 3, 9, 'สถานะ : ยกเลิกข้อมูล', 1, '171.97.215.41', '2020-12-01 18:05:23'),
(387, 6, 3, 10, 'สถานะ : ยกเลิกข้อมูล', 1, '171.97.215.41', '2020-12-01 18:05:26'),
(388, 6, 4, 9, 'สถานะ : คืนข้อมูล', 1, '171.97.215.41', '2020-12-02 12:21:24'),
(389, 6, 4, 13, 'สถานะ : คืนข้อมูล', 1, '171.97.215.41', '2020-12-02 12:21:28'),
(390, 6, 4, 8, 'สถานะ : คืนข้อมูล', 1, '171.97.215.41', '2020-12-02 12:21:31'),
(391, 6, 4, 10, 'สถานะ : คืนข้อมูล', 1, '171.97.215.41', '2020-12-02 12:21:34'),
(392, 6, 8, 10, 'สถานะการส่งอีเมล์ : ส่งแล้ว </br>ส่งอีเมล์โดย : Programmer</br>Remark : Test Send Email', 1, '171.97.215.41', '2020-12-02 12:21:57'),
(393, 6, 8, 9, 'สถานะการส่งอีเมล์ : ส่งแล้ว </br>ส่งอีเมล์โดย : Programmer</br>Remark : Test Send Email', 1, '171.97.215.41', '2020-12-02 12:21:57'),
(394, 6, 8, 13, 'สถานะการส่งอีเมล์ : ส่งแล้ว </br>ส่งอีเมล์โดย : Programmer</br>Remark : Test Send 2', 1, '171.97.215.41', '2020-12-02 12:26:39'),
(395, 6, 8, 8, 'สถานะการส่งอีเมล์ : ส่งแล้ว </br>ส่งอีเมล์โดย : Programmer</br>Remark : Test Send 2', 1, '171.97.215.41', '2020-12-02 12:28:46'),
(396, 6, 10, 10, 'สถานะการส่งอีเมล์ : ส่งใหม่ </br>ส่งอีเมล์โดย : Programmer</br>Remark : Test Send 2', 1, '171.97.215.41', '2020-12-02 12:29:02'),
(397, 6, 10, 13, 'สถานะการส่งอีเมล์ : ส่งใหม่ </br>ส่งอีเมล์โดย : Programmer</br>Remark : Test Send', 1, '171.101.210.178', '2020-12-04 14:41:58'),
(398, 6, 10, 8, 'สถานะการส่งอีเมล์ : ส่งใหม่ </br>ส่งอีเมล์โดย : Programmer</br>Remark : Test Send', 1, '171.101.210.178', '2020-12-04 14:41:58'),
(399, 6, 10, 10, 'สถานะการส่งอีเมล์ : ส่งใหม่ </br>ส่งอีเมล์โดย : Programmer</br>Remark : Test Send', 1, '171.101.210.178', '2020-12-04 14:41:58'),
(400, 6, 10, 9, 'สถานะการส่งอีเมล์ : ส่งใหม่ </br>ส่งอีเมล์โดย : Programmer</br>Remark : Test Send', 1, '171.101.210.178', '2020-12-04 14:41:59'),
(401, 6, 3, 9, 'สถานะ : ยกเลิกข้อมูล', 1, '171.101.210.178', '2020-12-04 14:55:44'),
(402, 6, 3, 10, 'สถานะ : ยกเลิกข้อมูล', 1, '171.101.210.178', '2020-12-04 14:59:04'),
(403, 6, 4, 9, 'สถานะ : คืนข้อมูล', 1, '171.101.210.178', '2020-12-04 15:00:15'),
(404, 6, 4, 10, 'สถานะ : คืนข้อมูล', 1, '171.101.210.178', '2020-12-04 15:00:19'),
(405, 6, 3, 9, 'สถานะ : ยกเลิกข้อมูล', 1, '171.101.210.178', '2020-12-04 15:03:08'),
(406, 6, 10, 8, 'สถานะการส่งอีเมล์ : ส่งใหม่ </br>ส่งอีเมล์โดย : Programmer</br>Remark : Test Send', 1, '171.101.210.178', '2020-12-04 15:08:42'),
(407, 6, 8, 10, 'สถานะการส่งอีเมล์ : ส่งแล้ว </br>ส่งอีเมล์โดย : Programmer</br>Remark : Test Send', 1, '171.101.210.178', '2020-12-04 15:08:42'),
(408, 6, 10, 8, 'สถานะการส่งอีเมล์ : ส่งใหม่ </br>ส่งอีเมล์โดย : Programmer</br>Remark : Test Send', 1, '171.101.210.178', '2020-12-04 15:09:17'),
(409, 6, 10, 10, 'สถานะการส่งอีเมล์ : ส่งใหม่ </br>ส่งอีเมล์โดย : Programmer</br>Remark : Test Send', 1, '171.101.210.178', '2020-12-04 15:09:18'),
(410, 6, 3, 9, 'สถานะ : ยกเลิกข้อมูล', 1, '171.101.210.178', '2020-12-04 15:13:24'),
(411, 6, 3, 9, 'สถานะ : ยกเลิกข้อมูล', 1, '171.101.210.178', '2020-12-04 15:17:18'),
(412, 6, 3, 9, 'สถานะ : ยกเลิกข้อมูล', 1, '171.101.210.178', '2020-12-04 15:21:08'),
(413, 6, 3, 9, 'สถานะ : ยกเลิกข้อมูล', 1, '171.101.210.178', '2020-12-04 15:21:38'),
(414, 6, 3, 9, 'สถานะ : ยกเลิกข้อมูล', 1, '171.101.210.178', '2020-12-04 15:32:01'),
(415, 6, 3, 9, 'สถานะ : ยกเลิกข้อมูล', 1, '171.101.210.178', '2020-12-04 15:32:43'),
(416, 6, 3, 9, 'สถานะ : ยกเลิกข้อมูล', 1, '171.101.210.178', '2020-12-04 15:34:14'),
(417, 6, 3, 9, 'สถานะ : ยกเลิกข้อมูล', 1, '171.101.210.178', '2020-12-04 15:34:47'),
(418, 6, 3, 9, 'สถานะ : ยกเลิกข้อมูล', 1, '171.101.210.178', '2020-12-04 15:38:20'),
(419, 6, 3, 9, 'สถานะ : ยกเลิกข้อมูล', 1, '171.101.210.178', '2020-12-04 15:45:27'),
(420, 6, 3, 9, 'สถานะ : ยกเลิกข้อมูล', 1, '171.101.210.178', '2020-12-04 15:46:06'),
(421, 6, 3, 9, 'สถานะ : ยกเลิกข้อมูล', 1, '171.101.210.178', '2020-12-04 15:47:22'),
(422, 6, 3, 9, 'สถานะ : ยกเลิกข้อมูล', 1, '171.101.210.178', '2020-12-04 15:49:37'),
(423, 6, 3, 9, 'สถานะ : ยกเลิกข้อมูล', 1, '171.101.210.178', '2020-12-04 15:52:36'),
(424, 6, 3, 9, 'สถานะ : ยกเลิกข้อมูล', 1, '171.101.210.178', '2020-12-04 15:53:12'),
(425, 6, 3, 9, 'สถานะ : ยกเลิกข้อมูล', 1, '171.101.210.178', '2020-12-04 16:00:07'),
(426, 6, 3, 9, 'สถานะ : ยกเลิกข้อมูล', 1, '171.101.210.178', '2020-12-04 16:00:30'),
(427, 6, 3, 9, 'สถานะ : ยกเลิกข้อมูล', 1, '171.101.210.178', '2020-12-04 16:01:52'),
(428, 6, 3, 9, 'สถานะ : ยกเลิกข้อมูล', 1, '171.101.210.178', '2020-12-04 16:03:50'),
(429, 6, 3, 9, 'สถานะ : ยกเลิกข้อมูล', 1, '171.101.210.178', '2020-12-04 16:05:15'),
(430, 6, 3, 9, 'สถานะ : ยกเลิกข้อมูล', 1, '171.101.210.178', '2020-12-04 16:06:17'),
(431, 6, 3, 9, 'สถานะ : ยกเลิกข้อมูล', 1, '171.101.210.178', '2020-12-04 16:07:21'),
(432, 6, 10, 8, 'สถานะการส่งอีเมล์ : ส่งใหม่ </br>ส่งอีเมล์โดย : Programmer</br>Remark : Test Send', 1, '171.101.210.178', '2020-12-04 16:08:57'),
(433, 6, 10, 10, 'สถานะการส่งอีเมล์ : ส่งใหม่ </br>ส่งอีเมล์โดย : Programmer</br>Remark : Test Send', 1, '171.101.210.178', '2020-12-04 16:08:59'),
(434, 6, 4, 9, 'สถานะ : คืนข้อมูล', 1, '171.101.210.178', '2020-12-04 16:12:06'),
(435, 6, 10, 10, 'สถานะการส่งอีเมล์ : ส่งใหม่ </br>ส่งอีเมล์โดย : Programmer</br>Remark : Test', 1, '171.101.210.178', '2020-12-04 16:12:19'),
(436, 6, 8, 9, 'สถานะการส่งอีเมล์ : ส่งแล้ว </br>ส่งอีเมล์โดย : Programmer</br>Remark : Test', 1, '171.101.210.178', '2020-12-04 16:12:20'),
(437, 6, 3, 9, 'สถานะ : ยกเลิกข้อมูล', 1, '171.101.210.178', '2020-12-04 16:15:07'),
(438, 6, 4, 9, 'สถานะ : คืนข้อมูล', 1, '171.101.210.178', '2020-12-04 16:22:13'),
(439, 6, 2, 9, 'ผู้ใหญ่ : 1 คน\nเด็ก : - คน\nFOC : 1 คน\nราคาสำหรับแก้ไข : 0 บาท\nหมายเหตุ : \nTest Detail Hotel\n', 1, '171.101.210.178', '2020-12-04 16:28:43'),
(440, 6, 2, 9, 'หมายเหตุ : \nTest Detail Hotel\n', 1, '171.101.210.178', '2020-12-04 16:29:00'),
(441, 6, 2, 9, 'หมายเหตุ : \nTest Detail Hotel\n', 1, '171.101.210.178', '2020-12-04 16:30:25'),
(442, 6, 2, 6, 'ผู้ใหญ่ : 1 คน\nเด็ก : - คน\nFOC : 1 คน\nราคาสำหรับแก้ไข : 0 บาท\nหมายเหตุ : \n\n', 1, '171.101.210.178', '2020-12-04 16:31:07'),
(443, 6, 2, 9, 'ผู้ใหญ่ : - คน\nหมายเหตุ : \nTest Detail Hotel\n', 1, '171.101.210.178', '2020-12-04 16:31:54'),
(444, 6, 2, 10, 'ผู้ใหญ่ : - คน\nเด็ก : - คน\nFOC : 2 คน\nราคาสำหรับแก้ไข : 0 บาท\nหมายเหตุ : \nTest Detail Transfer\n', 1, '171.101.210.178', '2020-12-04 16:32:12'),
(445, 6, 2, 8, 'ผู้ใหญ่ : - คน\nเด็ก : - คน\nFOC : 2 คน\nราคาสำหรับแก้ไข : 0 บาท\nหมายเหตุ : \nTest Detail Activity\n', 1, '171.101.210.178', '2020-12-04 16:32:22'),
(446, 6, 2, 7, 'ผู้ใหญ่ : - คน\nเด็ก : - คน\nทารก : - คน\nFOC : 3 คน\nราคาสำหรับแก้ไข : 0 บาท\nหมายเหตุ : \n\n', 1, '171.101.210.178', '2020-12-04 16:32:36'),
(447, 6, 2, 6, 'ผู้ใหญ่ : 2 คน\nเด็ก : 2 คน\nหมายเหตุ : \n\n', 1, '171.101.210.178', '2020-12-04 16:32:47'),
(448, 6, 5, 13, 'สถานะการยืนยัน(OP) : ยืนยันแล้ว', 1, '171.101.210.178', '2020-12-04 16:38:22'),
(449, 6, 2, 9, 'หมายเหตุ : \nTest Detail Hotel\n', 1, '171.101.210.178', '2020-12-04 16:47:02'),
(450, 6, 2, 10, 'หมายเหตุ : \nTest Detail Transfer\n', 1, '171.101.210.178', '2020-12-04 16:47:07'),
(451, 6, 2, 6, 'ผู้ใหญ่ : - คน\nเด็ก : - คน\nFOC : 3 คน\nหมายเหตุ : \n\n', 1, '171.101.210.178', '2020-12-04 16:48:10'),
(452, 6, 2, 7, 'หมายเหตุ : \n\n', 1, '171.101.210.178', '2020-12-04 16:48:18'),
(453, 6, 2, 8, 'ชาวต่างชาติ : ไม่มี\nจำนวนชาวต่างชาติ : - คน\nราคาเพิ่มเติมสำหรับชาวต่างชาติ : 0 บาท\nหมายเหตุ : \nTest Detail Activity\n', 1, '171.101.210.178', '2020-12-04 16:48:27'),
(454, 6, 2, 10, 'จำนวนคัน : 2 คัน\nหมายเหตุ : \nTest Detail Transfer\n', 1, '171.101.210.178', '2020-12-04 16:48:36'),
(455, 10, 1, 14, 'ไม่ระบุวันที่ : ไม่ใช่\nวันที่เที่ยว / วันที่เดินทาง : 07 December 2020\nผู้ใหญ่ : 2 คน\nเด็ก : - คน\nทารก : - คน\nFOC : - คน\nเพิ่มรถรับส่ง : ไม่ใช่\nสถานที่รับ : N/A\nสถานที่ส่ง : N/A\nโซน : -\nห้องพัก : -\nชาวต่างชาติ : ไม่มี\nจำนวนชาวต่างชาติ : - คน\nราคาเพิ่มเติมสำหรับชาวต่างชาติ : 0 บาท\nราคาสำหรับแก้ไข : 5,800 บาท\nหมายเหตุ : \n\n', 2, '118.173.181.107', '2020-12-07 10:28:21'),
(456, 10, 5, 14, 'สถานะการยืนยัน : ยืนยันแล้ว </br>ยืนยันโดย : admin', 2, '118.173.181.107', '2020-12-07 10:31:36'),
(457, 11, 1, 0, 'สถานะ : ออนไลน์\nประเภทลูกค้า : ลูกค้าทั่วไป\nVoucher No. : 23645\nวันที่จอง : 13 December 2020\nเอเย่นต์ : -\nVoucher No. (เอเย่นต์) : -\nชื่อเซลล์ : -\nชื่อ (ลูกค้า) : คุณ สุภาภรณ์\nนามสกุล (ลูกค้า) : สมถะธัญกรณ์\nเบอร์โทรศัพท์ (ลูกค้า) : 0611938425\nอีเมล์ (ลูกค้า) : -\nใบเสร็จรับเงิน : ไม่ใช่แบบเต็ม\nชื่อ : -\nที่อยู่ : -\nหมายเลขประจำตัวผู้เสียภาษี : -\nรายละเอียดใบเสร็จ : -\n', 2, '14.207.76.224', '2020-12-13 16:58:58'),
(458, 11, 1, 15, 'ไม่ระบุวันที่ : ไม่ใช่\nวันที่เที่ยว / วันที่เดินทาง : 13 December 2020\nผู้ใหญ่ : 4 คน\nเด็ก : - คน\nทารก : - คน\nFOC : - คน\nเพิ่มรถรับส่ง : ไม่ใช่\nสถานที่รับ : N/A\nสถานที่ส่ง : N/A\nโซน : -\nห้องพัก : -\nชาวต่างชาติ : ไม่มี\nจำนวนชาวต่างชาติ : - คน\nราคาเพิ่มเติมสำหรับชาวต่างชาติ : 0 บาท\nราคาสำหรับแก้ไข : 7,996 บาท\nหมายเหตุ : \n\n', 2, '14.207.76.224', '2020-12-13 17:03:35'),
(459, 12, 1, 0, 'สถานะ : ออนไลน์\nประเภทลูกค้า : ลูกค้าทั่วไป\nVoucher No. : 23657\nวันที่จอง : 13 December 2020\nเอเย่นต์ : -\nVoucher No. (เอเย่นต์) : -\nชื่อเซลล์ : -\nชื่อ (ลูกค้า) : คุณวิษณุ\nนามสกุล (ลูกค้า) : มณียศ\nเบอร์โทรศัพท์ (ลูกค้า) : 0956798837\nอีเมล์ (ลูกค้า) : -\nใบเสร็จรับเงิน : ไม่ใช่แบบเต็ม\nชื่อ : -\nที่อยู่ : -\nหมายเลขประจำตัวผู้เสียภาษี : -\nรายละเอียดใบเสร็จ : -\n', 2, '14.207.76.224', '2020-12-13 17:49:14'),
(460, 12, 1, 16, 'ไม่ระบุวันที่ : ไม่ใช่\nวันที่เที่ยว / วันที่เดินทาง : 15 December 2020\nผู้ใหญ่ : 1 คน\nเด็ก : - คน\nทารก : - คน\nFOC : - คน\nเพิ่มรถรับส่ง : ไม่ใช่\nสถานที่รับ : N/A\nสถานที่ส่ง : N/A\nโซน : -\nห้องพัก : -\nชาวต่างชาติ : ไม่มี\nจำนวนชาวต่างชาติ : - คน\nราคาเพิ่มเติมสำหรับชาวต่างชาติ : 0 บาท\nราคาสำหรับแก้ไข : 1,999 บาท\nหมายเหตุ : \n\n', 2, '14.207.76.224', '2020-12-13 17:50:47'),
(461, 12, 2, 0, 'ใบเสร็จรับเงิน : แบบเต็ม\nชื่อ : นายวิษณุ  มณียศ\nที่อยู่ : 106 หมู่2 ต.ปงยางคก อ.ห้างฉัตร จ.ลำปาง\r\n52190\nหมายเลขประจำตัวผู้เสียภาษี : 1529900508908\nรายละเอียดใบเสร็จ : ที่อยู่ในการจัดส่ง\r\nเลขที่50ห้อง202 Le Richmore ซ.อินทรามระ 23 ถ.สุทธิสารวินิจฉัย แขวงสามเสนใน เขตพญาไท  กรุงเทพมหานคร  10400\n', 2, '14.207.76.224', '2020-12-13 18:13:47'),
(462, 13, 1, 0, 'สถานะ : ออนไลน์\nประเภทลูกค้า : ลูกค้าทั่วไป\nVoucher No. : 24749\nวันที่จอง : 13 December 2020\nเอเย่นต์ : -\nVoucher No. (เอเย่นต์) : -\nชื่อเซลล์ : -\nชื่อ (ลูกค้า) : คุณมารุดี\nนามสกุล (ลูกค้า) : ศรีพจนารจ\nเบอร์โทรศัพท์ (ลูกค้า) : 0636941692/0641659429\nอีเมล์ (ลูกค้า) : -\nใบเสร็จรับเงิน : ไม่ใช่แบบเต็ม\nชื่อ : -\nที่อยู่ : -\nหมายเลขประจำตัวผู้เสียภาษี : -\nรายละเอียดใบเสร็จ : -\n', 2, '14.207.76.224', '2020-12-13 18:17:11'),
(463, 13, 1, 17, 'ไม่ระบุวันที่ : ไม่ใช่\nวันที่เที่ยว / วันที่เดินทาง : 15 December 2020\nผู้ใหญ่ : 7 คน\nเด็ก : - คน\nทารก : - คน\nFOC : - คน\nเพิ่มรถรับส่ง : ไม่ใช่\nสถานที่รับ : N/B  Anantara  Layan\nสถานที่ส่ง : ท่าเรือฉลอง\nโซน : ลายัน\nห้องพัก : -\nชาวต่างชาติ : ไม่มี\nจำนวนชาวต่างชาติ : - คน\nราคาเพิ่มเติมสำหรับชาวต่างชาติ : 0 บาท\nราคาสำหรับแก้ไข : 13,993 บาท\nหมายเหตุ : \n\n', 2, '14.207.76.224', '2020-12-13 18:21:35'),
(464, 13, 2, 17, 'ราคาสำหรับแก้ไข : 12,593 บาท\nหมายเหตุ : \nโปร TTT57\n', 2, '14.207.76.224', '2020-12-13 18:23:42'),
(465, 13, 2, 17, 'ราคาสำหรับแก้ไข : 0 บาท\nหมายเหตุ : \nโปร TTT57\n', 2, '14.207.76.224', '2020-12-13 18:38:27'),
(466, 13, 2, 17, 'สถานที่รับ : N/A Anantara  Layan\nหมายเหตุ : \nโปร TTT57\n', 2, '118.173.178.144', '2020-12-14 10:22:39'),
(467, 13, 2, 17, 'ราคาสำหรับแก้ไข : 12,000 บาท\nหมายเหตุ : \nโปร TTT57\n', 2, '118.173.178.144', '2020-12-14 10:25:27'),
(468, 13, 2, 17, 'หมายเหตุ : \nโปร TTT57\n', 2, '118.173.178.144', '2020-12-14 10:25:57'),
(469, 12, 2, 16, 'หมายเหตุ : \n\n', 2, '14.207.76.224', '2020-12-14 14:47:17'),
(470, 11, 2, 15, 'หมายเหตุ : \n\n', 2, '14.207.76.224', '2020-12-15 13:40:46'),
(471, 14, 1, 0, 'สถานะ : ออนไลน์\nประเภทลูกค้า : ลูกค้าทั่วไป\nVoucher No. : 23621\nวันที่จอง : 16 December 2020\nเอเย่นต์ : -\nVoucher No. (เอเย่นต์) : -\nชื่อเซลล์ : -\nชื่อ (ลูกค้า) : คุณภีรติ\nนามสกุล (ลูกค้า) : แพสุวรรณ\nเบอร์โทรศัพท์ (ลูกค้า) : 097-9965442/062-9196654\nอีเมล์ (ลูกค้า) : -\nใบเสร็จรับเงิน : ไม่ใช่แบบเต็ม\nชื่อ : -\nที่อยู่ : -\nหมายเลขประจำตัวผู้เสียภาษี : -\nรายละเอียดใบเสร็จ : -\n', 2, '14.207.76.224', '2020-12-16 15:01:27'),
(472, 14, 2, 0, 'อีเมล์ (ลูกค้า) : Line ENG(PN)\n', 2, '14.207.76.224', '2020-12-16 15:02:26'),
(473, 14, 1, 18, 'ไม่ระบุวันที่ : ไม่ใช่\nวันที่เที่ยว / วันที่เดินทาง : 18 December 2020\nผู้ใหญ่ : 2 คน\nเด็ก : - คน\nทารก : - คน\nFOC : - คน\nเพิ่มรถรับส่ง : ไม่ใช่\nสถานที่รับ : N/A\nสถานที่ส่ง : N/A\nโซน : -\nห้องพัก : -\nชาวต่างชาติ : ไม่มี\nจำนวนชาวต่างชาติ : - คน\nราคาเพิ่มเติมสำหรับชาวต่างชาติ : 0 บาท\nราคาสำหรับแก้ไข : 3,998 บาท\nหมายเหตุ : \n\n', 2, '14.207.76.224', '2020-12-16 15:03:53'),
(474, 15, 1, 0, 'สถานะ : ออนไลน์\nประเภทลูกค้า : ลูกค้าทั่วไป\nVoucher No. : 23584\nวันที่จอง : 16 December 2020\nเอเย่นต์ : -\nVoucher No. (เอเย่นต์) : -\nชื่อเซลล์ : -\nชื่อ (ลูกค้า) : คุณชนิกานต์  \nนามสกุล (ลูกค้า) : เธียรทนุกิจ\nเบอร์โทรศัพท์ (ลูกค้า) : 089-8833826\nอีเมล์ (ลูกค้า) : Line F.\nใบเสร็จรับเงิน : ไม่ใช่แบบเต็ม\nชื่อ : -\nที่อยู่ : -\nหมายเลขประจำตัวผู้เสียภาษี : -\nรายละเอียดใบเสร็จ : -\n', 2, '14.207.76.224', '2020-12-16 15:09:07'),
(475, 15, 1, 19, 'ไม่ระบุวันที่ : ไม่ใช่\nวันที่เที่ยว / วันที่เดินทาง : 18 December 2020\nผู้ใหญ่ : 5 คน\nเด็ก : - คน\nทารก : - คน\nFOC : - คน\nเพิ่มรถรับส่ง : ไม่ใช่\nสถานที่รับ : N/A\nสถานที่ส่ง : N/A\nโซน : -\nห้องพัก : -\nชาวต่างชาติ : ไม่มี\nจำนวนชาวต่างชาติ : - คน\nราคาเพิ่มเติมสำหรับชาวต่างชาติ : 0 บาท\nราคาสำหรับแก้ไข : 9,995 บาท\nหมายเหตุ : \n\n', 2, '14.207.76.224', '2020-12-16 15:10:03'),
(476, 15, 2, 19, 'หมายเหตุ : \n\n', 2, '14.207.76.224', '2020-12-16 15:13:12'),
(477, 15, 2, 19, 'หมายเหตุ : \n\n', 2, '14.207.76.224', '2020-12-16 15:30:11'),
(478, 16, 1, 0, 'สถานะ : ออนไลน์\nประเภทลูกค้า : ลูกค้าทั่วไป\nVoucher No. : 23596\nวันที่จอง : 16 December 2020\nเอเย่นต์ : -\nVoucher No. (เอเย่นต์) : -\nชื่อเซลล์ : -\nชื่อ (ลูกค้า) : คุณเบญจมาศ\nนามสกุล (ลูกค้า) : ผดุงทรง\nเบอร์โทรศัพท์ (ลูกค้า) : 083-0781081\nอีเมล์ (ลูกค้า) : Line เงา\nใบเสร็จรับเงิน : ไม่ใช่แบบเต็ม\nชื่อ : -\nที่อยู่ : -\nหมายเลขประจำตัวผู้เสียภาษี : -\nรายละเอียดใบเสร็จ : -\n', 2, '14.207.76.224', '2020-12-16 15:37:33'),
(479, 16, 1, 20, 'ไม่ระบุวันที่ : ไม่ใช่\nวันที่เที่ยว / วันที่เดินทาง : 16 December 2020\nผู้ใหญ่ : 2 คน\nเด็ก : - คน\nทารก : - คน\nFOC : - คน\nเพิ่มรถรับส่ง : ไม่ใช่\nสถานที่รับ : N/Aพลูแมน ในทอน\nสถานที่ส่ง : พลูแมน ในทอน\nโซน : ในทอน\nห้องพัก : -\nชาวต่างชาติ : ไม่มี\nจำนวนชาวต่างชาติ : - คน\nราคาเพิ่มเติมสำหรับชาวต่างชาติ : 0 บาท\nราคาสำหรับแก้ไข : 3,998 บาท\nหมายเหตุ : \n\n', 2, '14.207.76.224', '2020-12-16 15:39:30'),
(480, 16, 2, 20, 'เพิ่มรถรับส่ง : ใช่\nหมายเหตุ : \n\n', 2, '14.207.76.224', '2020-12-16 15:40:05'),
(481, 16, 2, 20, 'ราคาสำหรับแก้ไข : 4,398 บาท\nหมายเหตุ : \n\n', 2, '14.207.76.224', '2020-12-16 15:40:33'),
(482, 17, 1, 0, 'สถานะ : ออนไลน์\nประเภทลูกค้า : ลูกค้าทั่วไป\nVoucher No. : 23440\nวันที่จอง : 16 December 2020\nเอเย่นต์ : -\nVoucher No. (เอเย่นต์) : -\nชื่อเซลล์ : -\nชื่อ (ลูกค้า) : K.Chachrit\nนามสกุล (ลูกค้า) : Saetang\nเบอร์โทรศัพท์ (ลูกค้า) : 081-4511222\nอีเมล์ (ลูกค้า) : -\nใบเสร็จรับเงิน : ไม่ใช่แบบเต็ม\nชื่อ : -\nที่อยู่ : -\nหมายเลขประจำตัวผู้เสียภาษี : -\nรายละเอียดใบเสร็จ : -\n', 2, '14.207.76.224', '2020-12-16 15:43:10'),
(483, 17, 1, 21, 'ไม่ระบุวันที่ : ไม่ใช่\nวันที่เที่ยว / วันที่เดินทาง : 16 December 2020\nผู้ใหญ่ : - คน\nเด็ก : - คน\nทารก : - คน\nFOC : 2 คน\nเพิ่มรถรับส่ง : ไม่ใช่\nสถานที่รับ : N/A\nสถานที่ส่ง : N/A\nโซน : -\nห้องพัก : -\nชาวต่างชาติ : ไม่มี\nจำนวนชาวต่างชาติ : - คน\nราคาเพิ่มเติมสำหรับชาวต่างชาติ : 0 บาท\nราคาสำหรับแก้ไข : 0 บาท\nหมายเหตุ : \n\n', 2, '14.207.76.224', '2020-12-16 15:49:42'),
(484, 18, 1, 0, 'สถานะ : ออนไลน์\nประเภทลูกค้า : ลูกค้าทั่วไป\nVoucher No. : 23806\nวันที่จอง : 16 December 2020\nเอเย่นต์ : -\nVoucher No. (เอเย่นต์) : -\nชื่อเซลล์ : -\nชื่อ (ลูกค้า) : คุณกิตติศักดิ์\nนามสกุล (ลูกค้า) : พาหิระ\nเบอร์โทรศัพท์ (ลูกค้า) : 081-6436439/083-9955556\nอีเมล์ (ลูกค้า) : Line:Tung-Kittisak\nใบเสร็จรับเงิน : ไม่ใช่แบบเต็ม\nชื่อ : -\nที่อยู่ : -\nหมายเลขประจำตัวผู้เสียภาษี : -\nรายละเอียดใบเสร็จ : -\n', 2, '14.207.76.224', '2020-12-16 15:52:45'),
(485, 18, 1, 22, 'ไม่ระบุวันที่ : ไม่ใช่\nวันที่เที่ยว / วันที่เดินทาง : 18 December 2020\nผู้ใหญ่ : 4 คน\nเด็ก : - คน\nทารก : - คน\nFOC : - คน\nเพิ่มรถรับส่ง : ไม่ใช่\nสถานที่รับ : N/A\nสถานที่ส่ง : N/A\nโซน : -\nห้องพัก : -\nชาวต่างชาติ : ไม่มี\nจำนวนชาวต่างชาติ : - คน\nราคาเพิ่มเติมสำหรับชาวต่างชาติ : 0 บาท\nราคาสำหรับแก้ไข : 7,996 บาท\nหมายเหตุ : \n\n', 2, '14.207.76.224', '2020-12-16 15:53:32'),
(486, 19, 1, 0, 'สถานะ : ออนไลน์\nประเภทลูกค้า : ลูกค้าทั่วไป\nVoucher No. : 23805\nวันที่จอง : 16 December 2020\nเอเย่นต์ : -\nVoucher No. (เอเย่นต์) : -\nชื่อเซลล์ : -\nชื่อ (ลูกค้า) : คุณจันทิมา\nนามสกุล (ลูกค้า) : พุฒิฤทธิ์\nเบอร์โทรศัพท์ (ลูกค้า) : 086-3073696/081-1421247\nอีเมล์ (ลูกค้า) : Line:yochomellow\nใบเสร็จรับเงิน : ไม่ใช่แบบเต็ม\nชื่อ : -\nที่อยู่ : -\nหมายเลขประจำตัวผู้เสียภาษี : -\nรายละเอียดใบเสร็จ : -\n', 2, '14.207.76.224', '2020-12-16 15:57:09'),
(487, 19, 1, 23, 'ไม่ระบุวันที่ : ไม่ใช่\nวันที่เที่ยว / วันที่เดินทาง : 16 December 2020\nผู้ใหญ่ : 4 คน\nเด็ก : - คน\nทารก : - คน\nFOC : - คน\nเพิ่มรถรับส่ง : ไม่ใช่\nสถานที่รับ : N/A\nสถานที่ส่ง : N/A\nโซน : -\nห้องพัก : -\nชาวต่างชาติ : ไม่มี\nจำนวนชาวต่างชาติ : - คน\nราคาเพิ่มเติมสำหรับชาวต่างชาติ : 0 บาท\nราคาสำหรับแก้ไข : 7,996 บาท\nหมายเหตุ : \n\n', 2, '14.207.76.224', '2020-12-16 15:58:17'),
(488, 20, 1, 0, 'สถานะ : ออนไลน์\nประเภทลูกค้า : ลูกค้าทั่วไป\nVoucher No. : 23907\nวันที่จอง : 16 December 2020\nเอเย่นต์ : -\nVoucher No. (เอเย่นต์) : -\nชื่อเซลล์ : -\nชื่อ (ลูกค้า) : คุณอัญชลี\nนามสกุล (ลูกค้า) : ปงกาวงศ์\nเบอร์โทรศัพท์ (ลูกค้า) : 088-2667138/090-9268588\nอีเมล์ (ลูกค้า) : Face book:Anchalee  Pongkawong\nใบเสร็จรับเงิน : ไม่ใช่แบบเต็ม\nชื่อ : -\nที่อยู่ : -\nหมายเลขประจำตัวผู้เสียภาษี : -\nรายละเอียดใบเสร็จ : -\n', 2, '14.207.76.224', '2020-12-16 16:01:06'),
(489, 20, 1, 24, 'ไม่ระบุวันที่ : ไม่ใช่\nวันที่เที่ยว / วันที่เดินทาง : 18 December 2020\nผู้ใหญ่ : 4 คน\nเด็ก : - คน\nทารก : - คน\nFOC : - คน\nเพิ่มรถรับส่ง : ไม่ใช่\nสถานที่รับ : N/A\nสถานที่ส่ง : N/A\nโซน : -\nห้องพัก : -\nชาวต่างชาติ : ไม่มี\nจำนวนชาวต่างชาติ : - คน\nราคาเพิ่มเติมสำหรับชาวต่างชาติ : 0 บาท\nราคาสำหรับแก้ไข : 7,996 บาท\nหมายเหตุ : \n\n', 2, '14.207.76.224', '2020-12-16 16:02:03'),
(490, 20, 2, 24, 'หมายเหตุ : \n\n', 2, '14.207.76.224', '2020-12-16 16:05:00'),
(491, 21, 1, 0, 'สถานะ : ออนไลน์\nประเภทลูกค้า : ลูกค้าทั่วไป\nVoucher No. : 23817\nวันที่จอง : 16 December 2020\nเอเย่นต์ : -\nVoucher No. (เอเย่นต์) : -\nชื่อเซลล์ : -\nชื่อ (ลูกค้า) : คุณศศิธร\nนามสกุล (ลูกค้า) : เอี่ยมศิริ\nเบอร์โทรศัพท์ (ลูกค้า) : 087-5112222/080-7885555\nอีเมล์ (ลูกค้า) : Line:Hong\nใบเสร็จรับเงิน : ไม่ใช่แบบเต็ม\nชื่อ : -\nที่อยู่ : -\nหมายเลขประจำตัวผู้เสียภาษี : -\nรายละเอียดใบเสร็จ : -\n', 2, '14.207.76.224', '2020-12-16 16:07:59'),
(492, 21, 1, 25, 'ไม่ระบุวันที่ : ไม่ใช่\nวันที่เที่ยว / วันที่เดินทาง : 18 December 2020\nผู้ใหญ่ : 4 คน\nเด็ก : - คน\nทารก : - คน\nFOC : - คน\nเพิ่มรถรับส่ง : ใช่\nสถานที่รับ : N/A Anantara  vacation Club  Maikhao\nสถานที่ส่ง : Anantara Vacation Club Maikhao\nโซน : ไม้ขาว\nห้องพัก : -\nชาวต่างชาติ : ไม่มี\nจำนวนชาวต่างชาติ : - คน\nราคาเพิ่มเติมสำหรับชาวต่างชาติ : 0 บาท\nราคาสำหรับแก้ไข : 8,796 บาท\nหมายเหตุ : \n\n', 2, '14.207.76.224', '2020-12-16 16:10:43'),
(493, 22, 1, 0, 'สถานะ : ออนไลน์\nประเภทลูกค้า : ลูกค้าทั่วไป\nVoucher No. : 23467\nวันที่จอง : 16 December 2020\nเอเย่นต์ : -\nVoucher No. (เอเย่นต์) : -\nชื่อเซลล์ : -\nชื่อ (ลูกค้า) : คุณเกื้อกูล\nนามสกุล (ลูกค้า) : เกียรติเถลิงฤทธิ์\nเบอร์โทรศัพท์ (ลูกค้า) : 063-6914541/062-4591419\nอีเมล์ (ลูกค้า) : Line:MuaySS\nใบเสร็จรับเงิน : ไม่ใช่แบบเต็ม\nชื่อ : -\nที่อยู่ : -\nหมายเลขประจำตัวผู้เสียภาษี : -\nรายละเอียดใบเสร็จ : -\n', 2, '14.207.76.224', '2020-12-16 16:32:04'),
(494, 22, 1, 26, 'ไม่ระบุวันที่ : ไม่ใช่\nวันที่เที่ยว / วันที่เดินทาง : 18 December 2020\nผู้ใหญ่ : 4 คน\nเด็ก : - คน\nทารก : - คน\nFOC : - คน\nเพิ่มรถรับส่ง : ใช่\nสถานที่รับ : N/Aแมริออท ในยาง\nสถานที่ส่ง : แมริออท ในยาง\nโซน : ในยาง\nห้องพัก : -\nชาวต่างชาติ : ไม่มี\nจำนวนชาวต่างชาติ : - คน\nราคาเพิ่มเติมสำหรับชาวต่างชาติ : 0 บาท\nราคาสำหรับแก้ไข : 7,196 บาท\nหมายเหตุ : \n\n', 2, '14.207.76.224', '2020-12-16 16:34:10');
INSERT INTO `booking_history` (`id`, `booking`, `history_type`, `booking_products`, `description_field`, `employee`, `ip_address`, `create_date`) VALUES
(495, 22, 2, 26, 'หมายเหตุ : \n\n', 2, '14.207.76.224', '2020-12-16 16:36:51'),
(496, 23, 1, 0, 'สถานะ : ออนไลน์\nประเภทลูกค้า : ลูกค้าทั่วไป\nVoucher No. : 23538\nวันที่จอง : 17 December 2020\nเอเย่นต์ : -\nVoucher No. (เอเย่นต์) : -\nชื่อเซลล์ : -\nชื่อ (ลูกค้า) : คุณศศิประภา\nนามสกุล (ลูกค้า) : รัศมี\nเบอร์โทรศัพท์ (ลูกค้า) : 0869908251\nอีเมล์ (ลูกค้า) : Face book:Watsamon Thongsri\nใบเสร็จรับเงิน : ไม่ใช่แบบเต็ม\nชื่อ : -\nที่อยู่ : -\nหมายเลขประจำตัวผู้เสียภาษี : -\nรายละเอียดใบเสร็จ : -\n', 2, '14.207.76.224', '2020-12-17 12:53:07'),
(497, 23, 1, 27, 'ไม่ระบุวันที่ : ไม่ใช่\nวันที่เที่ยว / วันที่เดินทาง : 17 December 2020\nผู้ใหญ่ : 2 คน\nเด็ก : - คน\nทารก : - คน\nFOC : - คน\nเพิ่มรถรับส่ง : ไม่ใช่\nสถานที่รับ : N/A\nสถานที่ส่ง : N/A\nโซน : -\nห้องพัก : -\nชาวต่างชาติ : ไม่มี\nจำนวนชาวต่างชาติ : - คน\nราคาเพิ่มเติมสำหรับชาวต่างชาติ : 0 บาท\nราคาสำหรับแก้ไข : 3,998 บาท\nหมายเหตุ : \n\n', 2, '14.207.76.224', '2020-12-17 12:53:52'),
(498, 24, 1, 0, 'สถานะ : ออนไลน์\nประเภทลูกค้า : เอเย่นต์\nVoucher No. : 23197\nวันที่จอง : 17 December 2020\nเอเย่นต์ : เคปเซียนน่า\nVoucher No. (เอเย่นต์) : -\nชื่อเซลล์ : Suchada\nชื่อ (ลูกค้า) : คุณเศรษฐพงศ์\nนามสกุล (ลูกค้า) : อยู่คง\nเบอร์โทรศัพท์ (ลูกค้า) : -\nอีเมล์ (ลูกค้า) : -\nใบเสร็จรับเงิน : ไม่ใช่แบบเต็ม\nชื่อ : -\nที่อยู่ : -\nหมายเลขประจำตัวผู้เสียภาษี : -\nรายละเอียดใบเสร็จ : -\n', 2, '14.207.76.224', '2020-12-17 13:13:26'),
(499, 7, 1, 28, 'ไม่ระบุวันที่ : ไม่ใช่\nวันที่เที่ยว / วันที่เดินทาง : 18 December 2020\nผู้ใหญ่ : 2 คน\nเด็ก : - คน\nทารก : - คน\nFOC : - คน\nเพิ่มรถรับส่ง : ไม่ใช่\nสถานที่รับ : ป่าตอง\nสถานที่ส่ง : ท่าเรือรัษฏา\nโซน : -\nห้องพัก : -\nชาวต่างชาติ : ไม่มี\nจำนวนชาวต่างชาติ : - คน\nราคาเพิ่มเติมสำหรับชาวต่างชาติ : 0 บาท\nราคาสำหรับแก้ไข : 3,798 บาท\nหมายเหตุ : \n\n', 1, '171.101.210.162', '2020-12-18 13:10:59'),
(500, 7, 5, 28, 'สถานะการยืนยัน : ยืนยันแล้ว </br>ยืนยันโดย : Admin', 1, '171.101.210.162', '2020-12-18 13:11:40'),
(501, 7, 5, 28, 'สถานะการยืนยัน(OP) : ยืนยันแล้ว', 1, '171.101.210.162', '2020-12-18 13:11:52'),
(502, 1, 2, 0, 'รายละเอียดใบเสร็จ : มุสลิม , ไม่ทานไก่\nบริษัท : บริษัท อันดามัน แพชชั่น จำกัด\n', 1, '171.97.85.185', '2020-12-24 12:02:05'),
(503, 4, 2, 0, 'บริษัท : บริษัท เอเชีย วาเคชั่น จำกัด\n', 1, '171.97.85.185', '2020-12-24 12:02:58'),
(504, 3, 2, 0, 'รายละเอียดใบเสร็จ : มา 2 คน\nบริษัท : บริษัท แพสชั่น วาเคชั่น จำกัด\n', 1, '171.97.85.185', '2020-12-24 12:03:07'),
(505, 7, 2, 0, 'บริษัท : บริษัท อันดามัน แพชชั่น จำกัด\n', 1, '171.97.85.185', '2020-12-24 12:04:18'),
(506, 6, 2, 0, 'รายละเอียดใบเสร็จ : Solution Test System 18-11-2020\nบริษัท : บริษัท แพสชั่น วาเคชั่น จำกัด\n', 1, '171.97.85.185', '2020-12-24 12:04:41'),
(507, 1, 1, 29, 'ไม่ระบุวันที่ : ไม่ใช่\nวันที่เที่ยว / วันที่เดินทาง : 24 December 2020\nผู้ใหญ่ : 2 คน\nเด็ก : - คน\nทารก : - คน\nFOC : - คน\nเพิ่มรถรับส่ง : ใช่\nสถานที่รับ : คิงพาวเวอร์\nสถานที่ส่ง : ท่าเรือรัษฏา\nโซน : -\nห้องพัก : -\nชาวต่างชาติ : ไม่มี\nจำนวนชาวต่างชาติ : - คน\nราคาเพิ่มเติมสำหรับชาวต่างชาติ : 0 บาท\nราคาสำหรับแก้ไข : 3,598 บาท\nหมายเหตุ : \n\n', 1, '171.97.85.185', '2020-12-24 12:26:17'),
(508, 1, 1, 30, 'ไม่ระบุวันที่ : ไม่ใช่\nวันที่เที่ยว / วันที่เดินทาง : 24 December 2020\nผู้ใหญ่ : 2 คน\nเด็ก : 1 คน\nทารก : - คน\nFOC : - คน\nเพิ่มรถรับส่ง : ไม่ใช่\nสถานที่รับ : ร้านวันจันทร์\nสถานที่ส่ง : โลตัสสามกอง\nโซน : สามกอง\nห้องพัก : A102\nชาวต่างชาติ : ไม่มี\nจำนวนชาวต่างชาติ : - คน\nราคาเพิ่มเติมสำหรับชาวต่างชาติ : 0 บาท\nราคาสำหรับแก้ไข : 5,200 บาท\nหมายเหตุ : \n\n', 1, '171.97.85.185', '2020-12-24 12:27:40'),
(509, 1, 2, 30, 'สถานที่รับ : โลตัสสามกอง\nสถานที่ส่ง : ท่าเรือรัษฏา\nหมายเหตุ : \n\n', 1, '171.97.85.185', '2020-12-24 12:27:58'),
(510, 1, 1, 31, 'ไม่ระบุวันที่ : ไม่ใช่\nวันที่เที่ยว / วันที่เดินทาง : 24 December 2020\nผู้ใหญ่ : 1 คน\nเด็ก : 2 คน\nทารก : - คน\nFOC : - คน\nเพิ่มรถรับส่ง : ไม่ใช่\nสถานที่รับ : N/A\nสถานที่ส่ง : N/A\nโซน : -\nห้องพัก : -\nชาวต่างชาติ : ไม่มี\nจำนวนชาวต่างชาติ : - คน\nราคาเพิ่มเติมสำหรับชาวต่างชาติ : 0 บาท\nราคาสำหรับแก้ไข : 1,800 บาท\nหมายเหตุ : \n\n', 1, '171.97.85.185', '2020-12-24 12:31:36'),
(511, 4, 1, 32, 'ไม่ระบุวันที่ : ไม่ใช่\nวันที่เที่ยว / วันที่เดินทาง : 24 December 2020\nผู้ใหญ่ : - คน\nเด็ก : - คน\nทารก : - คน\nFOC : 2 คน\nสถานที่รับ : N/A\nสถานที่ส่ง : N/A\nโซน : -\nห้องพัก : -\nจำนวนคัน : 1 คัน\nจำนวนชั่วโมง : 1 ชั่วโมง\nเวลารับ : 12:31\nเวลาส่ง : 13:31\nราคาสำหรับแก้ไข : 0 บาท\nหมายเหตุ : \n\n', 1, '171.97.85.185', '2020-12-24 12:32:15'),
(512, 4, 2, 32, 'สถานที่รับ : ถนนถลาง\nสถานที่ส่ง : ท่าเรือรัษฏา\nหมายเหตุ : \n\n', 1, '171.97.85.185', '2020-12-24 12:32:35'),
(513, 4, 1, 33, 'ไม่ระบุวันที่ : ไม่ใช่\nวันที่เช็คอิน : 24 December 2020\nวันที่เช็คเอาท์ : 25 December 2020\nผู้ใหญ่ : 1 คน\nเด็ก : 1 คน\nทารก : - คน\nFOC : 1 คน\nสถานที่รับ : ตลาดนาคา\nสถานที่ส่ง : ร้านวันจันทร์\nโซน : เมือง\nห้องพัก : -\nจำนวนห้อง : 1 ห้อง\nจำนวนเตียงเสริม : - เตียง\nจำนวนแชร์เตียง : - เตียง\nราคาสำหรับแก้ไข : 700 บาท\nหมายเหตุ : \n\n', 1, '171.97.85.185', '2020-12-24 12:33:19'),
(514, 3, 1, 34, 'ไม่ระบุวันที่ : ไม่ใช่\nวันที่เที่ยว / วันที่เดินทาง : 24 December 2020\nผู้ใหญ่ : 1 คน\nเด็ก : 2 คน\nทารก : - คน\nFOC : 1 คน\nเพิ่มรถรับส่ง : ใช่\nสถานที่รับ : คิงพาวเวอร์\nสถานที่ส่ง : โลตัสสามกอง\nโซน : บางเทา\nห้องพัก : -\nชาวต่างชาติ : ไม่มี\nจำนวนชาวต่างชาติ : - คน\nราคาเพิ่มเติมสำหรับชาวต่างชาติ : 0 บาท\nราคาสำหรับแก้ไข : 1,800 บาท\nหมายเหตุ : \n\n', 1, '171.97.85.185', '2020-12-24 12:34:41'),
(515, 3, 1, 35, 'ไม่ระบุวันที่ : ไม่ใช่\nวันที่เที่ยว / วันที่เดินทาง : 24 December 2020\nผู้ใหญ่ : - คน\nเด็ก : - คน\nทารก : - คน\nFOC : 1 คน\nสถานที่รับ : หาดในหาน\nสถานที่ส่ง : ถนนถลาง\nโซน : เมือง\nห้องพัก : -\nจำนวนคัน : 1 คัน\nจำนวนชั่วโมง : 1 ชั่วโมง\nเวลารับ : 12:36\nเวลาส่ง : 13:36\nราคาสำหรับแก้ไข : 0 บาท\nหมายเหตุ : \n\n', 1, '171.97.85.185', '2020-12-24 12:36:49'),
(516, 1, 2, 31, 'สถานที่รับ : ป่าตอง\nสถานที่ส่ง : คิงพาวเวอร์\nหมายเหตุ : \n\n', 1, '171.97.85.185', '2020-12-24 12:37:20'),
(517, 1, 5, 31, 'สถานะการยืนยัน : ยืนยันแล้ว </br>ยืนยันโดย : Admin', 1, '171.97.85.185', '2020-12-24 12:37:38'),
(518, 1, 5, 30, 'สถานะการยืนยัน : ยืนยันแล้ว </br>ยืนยันโดย : Admin', 1, '171.97.85.185', '2020-12-24 12:37:43'),
(519, 1, 5, 29, 'สถานะการยืนยัน : ยืนยันแล้ว </br>ยืนยันโดย : Admin', 1, '171.97.85.185', '2020-12-24 12:37:49'),
(520, 4, 5, 33, 'สถานะการยืนยัน : ยืนยันแล้ว </br>ยืนยันโดย : Admin', 1, '171.97.85.185', '2020-12-24 12:37:57'),
(521, 4, 5, 32, 'สถานะการยืนยัน : ยืนยันแล้ว </br>ยืนยันโดย : Admin', 1, '171.97.85.185', '2020-12-24 12:38:03'),
(522, 3, 5, 35, 'สถานะการยืนยัน : ยืนยันแล้ว </br>ยืนยันโดย : Admin', 1, '171.97.85.185', '2020-12-24 12:38:11'),
(523, 3, 5, 34, 'สถานะการยืนยัน : ยืนยันแล้ว </br>ยืนยันโดย : Admin', 1, '171.97.85.185', '2020-12-24 12:38:15'),
(524, 1, 5, 30, 'สถานะการยืนยัน(OP) : ยืนยันแล้ว', 1, '171.97.85.185', '2020-12-24 14:39:49'),
(525, 1, 5, 29, 'สถานะการยืนยัน(OP) : ยืนยันแล้ว', 1, '171.97.85.185', '2020-12-24 14:39:52'),
(526, 1, 5, 31, 'สถานะการยืนยัน(OP) : ยืนยันแล้ว', 1, '171.97.85.185', '2020-12-24 14:39:55'),
(527, 3, 5, 34, 'สถานะการยืนยัน(OP) : ยืนยันแล้ว', 1, '171.97.85.185', '2020-12-24 14:39:57'),
(528, 4, 5, 32, 'สถานะการยืนยัน(OP) : ยืนยันแล้ว', 1, '171.97.85.185', '2020-12-24 14:40:01'),
(529, 3, 5, 35, 'สถานะการยืนยัน(OP) : ยืนยันแล้ว', 1, '171.97.85.185', '2020-12-24 14:40:04'),
(530, 4, 5, 33, 'สถานะการยืนยัน(OP) : ยืนยันแล้ว', 1, '171.97.85.185', '2020-12-24 14:40:07'),
(531, 1, 8, 29, 'สถานะการส่งอีเมล์ : ส่งแล้ว </br>ส่งอีเมล์โดย : Programmer</br>Remark : Test', 1, '110.168.175.188', '2020-12-24 15:27:13'),
(532, 1, 10, 29, 'สถานะการส่งอีเมล์ : ส่งใหม่ </br>ส่งอีเมล์โดย : Programmer</br>Remark : Test', 1, '110.168.175.188', '2020-12-24 15:30:09'),
(533, 1, 10, 29, 'สถานะการส่งอีเมล์ : ส่งใหม่ </br>ส่งอีเมล์โดย : Programmer</br>Remark : Test', 1, '110.168.175.188', '2020-12-24 15:32:57'),
(534, 1, 8, 30, 'สถานะการส่งอีเมล์ : ส่งแล้ว </br>ส่งอีเมล์โดย : Programmer</br>Remark : Test', 1, '110.168.175.188', '2020-12-24 15:33:00'),
(535, 1, 3, 31, 'สถานะ : ยกเลิกข้อมูล', 1, '110.168.175.188', '2020-12-24 15:36:55'),
(536, 1, 3, 30, 'สถานะ : ยกเลิกข้อมูล', 1, '110.168.175.188', '2020-12-24 15:37:02'),
(537, 1, 3, 31, 'สถานะ : ยกเลิกข้อมูล', 1, '110.168.175.188', '2020-12-24 15:38:34'),
(538, 1, 3, 30, 'สถานะ : ยกเลิกข้อมูล', 1, '110.168.175.188', '2020-12-24 15:38:39'),
(539, 1, 3, 31, 'สถานะ : ยกเลิกข้อมูล', 1, '110.168.175.188', '2020-12-24 15:42:08'),
(540, 1, 3, 31, 'สถานะ : ยกเลิกข้อมูล', 1, '110.168.175.188', '2020-12-24 15:42:25'),
(541, 1, 3, 30, 'สถานะ : ยกเลิกข้อมูล', 1, '110.168.175.188', '2020-12-24 15:42:30'),
(542, 1, 3, 31, 'สถานะ : ยกเลิกข้อมูล', 1, '110.168.175.188', '2020-12-24 15:53:10'),
(543, 1, 3, 30, 'สถานะ : ยกเลิกข้อมูล', 1, '110.168.175.188', '2020-12-24 15:53:15'),
(544, 1, 4, 31, 'สถานะ : คืนข้อมูล', 1, '110.168.175.188', '2020-12-24 15:53:20'),
(545, 1, 4, 30, 'สถานะ : คืนข้อมูล', 1, '110.168.175.188', '2020-12-24 15:53:25'),
(546, 1, 8, 30, 'สถานะการส่งอีเมล์ : ส่งแล้ว </br>ส่งอีเมล์โดย : Programmer</br>Remark : Test', 1, '110.168.175.188', '2020-12-24 15:53:33'),
(547, 1, 8, 31, 'สถานะการส่งอีเมล์ : ส่งแล้ว </br>ส่งอีเมล์โดย : Programmer</br>Remark : Test', 1, '110.168.175.188', '2020-12-24 15:53:34'),
(548, 3, 8, 35, 'สถานะการส่งอีเมล์ : ส่งแล้ว </br>ส่งอีเมล์โดย : Programmer</br>Remark : Test', 1, '110.168.175.188', '2020-12-24 15:59:48'),
(549, 3, 3, 34, 'สถานะ : ยกเลิกข้อมูล', 1, '110.168.175.188', '2020-12-24 15:59:53'),
(550, 3, 4, 34, 'สถานะ : คืนข้อมูล', 1, '110.168.175.188', '2020-12-24 15:59:58'),
(551, 4, 3, 33, 'สถานะ : ยกเลิกข้อมูล', 1, '110.168.175.188', '2020-12-24 16:00:54'),
(552, 4, 8, 32, 'สถานะการส่งอีเมล์ : ส่งแล้ว </br>ส่งอีเมล์โดย : Programmer</br>Remark : Test', 1, '110.168.175.188', '2020-12-24 16:01:03'),
(553, 4, 4, 33, 'สถานะ : คืนข้อมูล', 1, '110.168.175.188', '2020-12-24 16:01:07'),
(554, 4, 3, 33, 'สถานะ : ยกเลิกข้อมูล', 1, '110.168.175.188', '2020-12-24 16:05:10'),
(555, 4, 4, 33, 'สถานะ : คืนข้อมูล', 1, '110.168.175.188', '2020-12-24 16:05:14'),
(556, 4, 3, 33, 'สถานะ : ยกเลิกข้อมูล', 1, '110.168.175.188', '2020-12-24 16:05:33'),
(557, 4, 4, 33, 'สถานะ : คืนข้อมูล', 1, '110.168.175.188', '2020-12-24 16:05:37'),
(558, 21, 5, 25, 'สถานะการยืนยัน : ยืนยันแล้ว </br>ยืนยันโดย : admin', 2, '113.53.85.210', '2020-12-26 11:31:08'),
(559, 14, 5, 18, 'สถานะการยืนยัน : ยืนยันแล้ว </br>ยืนยันโดย : admin', 2, '113.53.85.210', '2020-12-26 11:32:31'),
(560, 14, 8, 18, 'สถานะการส่งอีเมล์ : ส่งแล้ว </br>ส่งอีเมล์โดย : Andaman Passion (Admin)</br>Remark : ', 2, '113.53.85.210', '2020-12-26 11:32:41'),
(561, 25, 1, 0, 'สถานะ : ออนไลน์\nประเภทลูกค้า : ลูกค้าทั่วไป\nVoucher No. : 23452\nวันที่จอง : 26 December 2020\nเอเย่นต์ : -\nVoucher No. (เอเย่นต์) : -\nชื่อเซลล์ : -\nชื่อ (ลูกค้า) : คุณปาระฉัตร\nนามสกุล (ลูกค้า) : มหันต์เชิดชูวงค์\nเบอร์โทรศัพท์ (ลูกค้า) : 0896654198/0936956456\nอีเมล์ (ลูกค้า) : Line:Friday I\'m in Love\nใบเสร็จรับเงิน : ไม่ใช่แบบเต็ม\nชื่อ : -\nที่อยู่ : -\nหมายเลขประจำตัวผู้เสียภาษี : -\nรายละเอียดใบเสร็จ : -\nบริษัท : บริษัท เอเชีย วาเคชั่น จำกัด\n', 2, '14.207.74.5', '2020-12-26 12:06:18'),
(562, 25, 1, 36, 'ไม่ระบุวันที่ : ไม่ใช่\nวันที่เที่ยว / วันที่เดินทาง : 28 December 2020\nผู้ใหญ่ : 2 คน\nเด็ก : - คน\nทารก : - คน\nFOC : - คน\nเพิ่มรถรับส่ง : ไม่ใช่\nสถานที่รับ : N/A\nสถานที่ส่ง : N/A\nโซน : -\nห้องพัก : -\nชาวต่างชาติ : ไม่มี\nจำนวนชาวต่างชาติ : - คน\nราคาเพิ่มเติมสำหรับชาวต่างชาติ : 0 บาท\nราคาสำหรับแก้ไข : 3,198 บาท\nหมายเหตุ : \n\n', 2, '14.207.74.5', '2020-12-26 12:15:14'),
(563, 25, 1, 37, 'ไม่ระบุวันที่ : ไม่ใช่\nวันที่เที่ยว / วันที่เดินทาง : 28 December 2020\nผู้ใหญ่ : 1 คน\nเด็ก : - คน\nทารก : - คน\nFOC : - คน\nเพิ่มรถรับส่ง : ไม่ใช่\nสถานที่รับ : N/A\nสถานที่ส่ง : N/A\nโซน : -\nห้องพัก : -\nชาวต่างชาติ : ไม่มี\nจำนวนชาวต่างชาติ : - คน\nราคาเพิ่มเติมสำหรับชาวต่างชาติ : 0 บาท\nราคาสำหรับแก้ไข : 1,500 บาท\nหมายเหตุ : \n\n', 2, '14.207.74.5', '2020-12-26 12:25:38'),
(564, 26, 1, 0, 'สถานะ : ออนไลน์\nประเภทลูกค้า : ลูกค้าทั่วไป\nVoucher No. : 23847\nวันที่จอง : 26 December 2020\nเอเย่นต์ : -\nVoucher No. (เอเย่นต์) : -\nชื่อเซลล์ : -\nชื่อ (ลูกค้า) : คุณปริญญา\nนามสกุล (ลูกค้า) : ผู้มีชัยวง\nเบอร์โทรศัพท์ (ลูกค้า) : -\nอีเมล์ (ลูกค้า) : -\nใบเสร็จรับเงิน : ไม่ใช่แบบเต็ม\nชื่อ : -\nที่อยู่ : -\nหมายเลขประจำตัวผู้เสียภาษี : -\nรายละเอียดใบเสร็จ : -\nบริษัท : บริษัท เอเชีย วาเคชั่น จำกัด\n', 2, '14.207.74.5', '2020-12-26 12:27:32'),
(565, 26, 2, 0, 'นามสกุล (ลูกค้า) : ผู้มีชัยวงศ์\nเบอร์โทรศัพท์ (ลูกค้า) : 0829846555/08978848687\n', 2, '14.207.74.5', '2020-12-26 12:29:30'),
(566, 26, 1, 38, 'ไม่ระบุวันที่ : ไม่ใช่\nวันที่เที่ยว / วันที่เดินทาง : 28 December 2020\nผู้ใหญ่ : 4 คน\nเด็ก : 1 คน\nทารก : 1 คน\nFOC : - คน\nเพิ่มรถรับส่ง : ใช่\nสถานที่รับ : N/A\nสถานที่ส่ง : ไม้ขาวดรีม วิลล่า\nโซน : ไม้ขาว\nห้องพัก : -\nชาวต่างชาติ : ไม่มี\nจำนวนชาวต่างชาติ : - คน\nราคาเพิ่มเติมสำหรับชาวต่างชาติ : 0 บาท\nราคาสำหรับแก้ไข : 10,455 บาท\nหมายเหตุ : \n\n', 2, '14.207.74.5', '2020-12-26 12:34:43'),
(567, 27, 1, 0, 'สถานะ : ออนไลน์\nประเภทลูกค้า : ลูกค้าทั่วไป\nVoucher No. : 23846\nวันที่จอง : 26 December 2020\nเอเย่นต์ : -\nVoucher No. (เอเย่นต์) : -\nชื่อเซลล์ : -\nชื่อ (ลูกค้า) : คุณกิติยาภรณ์\nนามสกุล (ลูกค้า) : อ่วมวงษ์\nเบอร์โทรศัพท์ (ลูกค้า) : 0877941794/0805577373\nอีเมล์ (ลูกค้า) : -\nใบเสร็จรับเงิน : ไม่ใช่แบบเต็ม\nชื่อ : -\nที่อยู่ : -\nหมายเลขประจำตัวผู้เสียภาษี : -\nรายละเอียดใบเสร็จ : -\nบริษัท : บริษัท เอเชีย วาเคชั่น จำกัด\n', 2, '14.207.74.5', '2020-12-26 12:46:00'),
(568, 27, 1, 39, 'ไม่ระบุวันที่ : ไม่ใช่\nวันที่เที่ยว / วันที่เดินทาง : 28 December 2020\nผู้ใหญ่ : 2 คน\nเด็ก : - คน\nทารก : - คน\nFOC : - คน\nเพิ่มรถรับส่ง : ไม่ใช่\nสถานที่รับ : N/A\nสถานที่ส่ง : N/A\nโซน : -\nห้องพัก : -\nชาวต่างชาติ : ไม่มี\nจำนวนชาวต่างชาติ : - คน\nราคาเพิ่มเติมสำหรับชาวต่างชาติ : 0 บาท\nราคาสำหรับแก้ไข : 3,798 บาท\nหมายเหตุ : \n\n', 2, '14.207.74.5', '2020-12-26 12:48:12'),
(569, 27, 2, 39, 'หมายเหตุ : \n\n', 2, '14.207.74.5', '2020-12-26 12:48:42'),
(570, 27, 2, 0, 'อีเมล์ (ลูกค้า) : Line:Ao Aeyz\n', 2, '14.207.74.5', '2020-12-26 12:49:21'),
(571, 28, 1, 0, 'สถานะ : ออนไลน์\nประเภทลูกค้า : ลูกค้าทั่วไป\nVoucher No. : 23662\nวันที่จอง : 26 December 2020\nเอเย่นต์ : -\nVoucher No. (เอเย่นต์) : -\nชื่อเซลล์ : -\nชื่อ (ลูกค้า) : คุณงามเพ็ญ\nนามสกุล (ลูกค้า) : ไชยบุรินทร์\nเบอร์โทรศัพท์ (ลูกค้า) : 0891231178\nอีเมล์ (ลูกค้า) : Face book:Gade  Chiburin\nใบเสร็จรับเงิน : แบบเต็ม\nชื่อ : คุณชัยธวัช  ตุลาธน\nที่อยู่ : 459 Park19 Residense\r\nซอยเอกมัย19 ถ.สุขุมวิท55\r\nแขวงคลองตันเหนือ เขตวัฒนา กทม.10110\nหมายเลขประจำตัวผู้เสียภาษี : 3909900001954\nรายละเอียดใบเสร็จ : -\nบริษัท : บริษัท แพสชั่น วาเคชั่น จำกัด\n', 2, '14.207.74.5', '2020-12-26 12:54:52'),
(572, 28, 1, 40, 'ไม่ระบุวันที่ : ไม่ใช่\nวันที่เที่ยว / วันที่เดินทาง : 28 December 2020\nผู้ใหญ่ : 3 คน\nเด็ก : - คน\nทารก : - คน\nFOC : - คน\nเพิ่มรถรับส่ง : ไม่ใช่\nสถานที่รับ : N/A\nสถานที่ส่ง : N/A\nโซน : -\nห้องพัก : -\nชาวต่างชาติ : ไม่มี\nจำนวนชาวต่างชาติ : - คน\nราคาเพิ่มเติมสำหรับชาวต่างชาติ : 0 บาท\nราคาสำหรับแก้ไข : 5,997 บาท\nหมายเหตุ : \n\n', 2, '14.207.74.5', '2020-12-26 12:55:38'),
(573, 28, 2, 40, 'หมายเหตุ : \n\n', 2, '14.207.74.5', '2020-12-26 13:03:06'),
(574, 29, 1, 0, 'สถานะ : ออนไลน์\nประเภทลูกค้า : ลูกค้าทั่วไป\nVoucher No. : 23649\nวันที่จอง : 26 December 2020\nเอเย่นต์ : -\nVoucher No. (เอเย่นต์) : -\nชื่อเซลล์ : -\nชื่อ (ลูกค้า) : คุณมินตรา\nนามสกุล (ลูกค้า) : ธนะโชติ\nเบอร์โทรศัพท์ (ลูกค้า) : 0899246996/0896154564\nอีเมล์ (ลูกค้า) : Face book:Mintra  Thanachot\nใบเสร็จรับเงิน : ไม่ใช่แบบเต็ม\nชื่อ : -\nที่อยู่ : -\nหมายเลขประจำตัวผู้เสียภาษี : -\nรายละเอียดใบเสร็จ : -\nบริษัท : บริษัท เอเชีย วาเคชั่น จำกัด\n', 2, '14.207.74.5', '2020-12-26 13:05:20'),
(575, 29, 1, 41, 'ไม่ระบุวันที่ : ไม่ใช่\nวันที่เที่ยว / วันที่เดินทาง : 28 December 2020\nผู้ใหญ่ : 4 คน\nเด็ก : - คน\nทารก : - คน\nFOC : - คน\nเพิ่มรถรับส่ง : ไม่ใช่\nสถานที่รับ : N/A\nสถานที่ส่ง : N/A\nโซน : -\nห้องพัก : -\nชาวต่างชาติ : ไม่มี\nจำนวนชาวต่างชาติ : - คน\nราคาเพิ่มเติมสำหรับชาวต่างชาติ : 0 บาท\nราคาสำหรับแก้ไข : 7,996 บาท\nหมายเหตุ : \n\n', 2, '14.207.74.5', '2020-12-26 13:07:46'),
(576, 29, 1, 42, 'ไม่ระบุวันที่ : ไม่ใช่\nวันที่เที่ยว / วันที่เดินทาง : 28 December 2020\nผู้ใหญ่ : 1 คน\nเด็ก : - คน\nทารก : - คน\nFOC : - คน\nเพิ่มรถรับส่ง : ไม่ใช่\nสถานที่รับ : N/A\nสถานที่ส่ง : N/A\nโซน : -\nห้องพัก : -\nชาวต่างชาติ : ไม่มี\nจำนวนชาวต่างชาติ : - คน\nราคาเพิ่มเติมสำหรับชาวต่างชาติ : 0 บาท\nราคาสำหรับแก้ไข : 1,500 บาท\nหมายเหตุ : \n\n', 2, '14.207.74.5', '2020-12-26 13:09:05'),
(577, 30, 1, 0, 'สถานะ : ออนไลน์\nประเภทลูกค้า : ลูกค้าทั่วไป\nVoucher No. : 23731\nวันที่จอง : 26 December 2020\nเอเย่นต์ : -\nVoucher No. (เอเย่นต์) : -\nชื่อเซลล์ : -\nชื่อ (ลูกค้า) : คุณ ศศิลป์\nนามสกุล (ลูกค้า) : เตอราโอ\nเบอร์โทรศัพท์ (ลูกค้า) : 0892033608\nอีเมล์ (ลูกค้า) : (คุณโฉม Siam Orchard)\nใบเสร็จรับเงิน : ไม่ใช่แบบเต็ม\nชื่อ : -\nที่อยู่ : -\nหมายเลขประจำตัวผู้เสียภาษี : -\nรายละเอียดใบเสร็จ : -\nบริษัท : บริษัท เอเชีย วาเคชั่น จำกัด\n', 2, '14.207.74.5', '2020-12-26 13:15:31'),
(578, 30, 2, 0, 'สถานะ : ยกเลิก\n', 2, '113.53.85.210', '2020-12-26 13:23:03'),
(579, 31, 1, 0, 'สถานะ : ออนไลน์\nประเภทลูกค้า : ลูกค้าทั่วไป\nVoucher No. : 23876\nวันที่จอง : 26 December 2020\nเอเย่นต์ : -\nVoucher No. (เอเย่นต์) : -\nชื่อเซลล์ : -\nชื่อ (ลูกค้า) : คุณสุปราณี\nนามสกุล (ลูกค้า) : ไชยสิทธิ์\nเบอร์โทรศัพท์ (ลูกค้า) : 0882529280/0851888808\nอีเมล์ (ลูกค้า) : Face book:Kambum S.Chaisit\nใบเสร็จรับเงิน : แบบเต็ม\nชื่อ : บริษัทสวนณัฐธวรรธน์ จำกัด\nที่อยู่ : 33/5 หมู่1 ต.บางสวน อ.บางคล้า จ.ฉะเชิงเทรา\r\n24110\nหมายเลขประจำตัวผู้เสียภาษี : 0245558001311\nรายละเอียดใบเสร็จ : -\nบริษัท : บริษัท แพสชั่น วาเคชั่น จำกัด\n', 2, '14.207.74.5', '2020-12-26 15:28:13'),
(580, 31, 2, 0, 'รายละเอียดใบเสร็จ : ที่อยู่ในการจัดส่ง\r\nนาย ณัฐวรรธน์  ธีระศักดิ์\r\nบ้านเลขที่ 17/162 รื่นฤดี7  แขวงบางชัน เขตคลองสามวา กทม. 10510\n', 2, '14.207.74.5', '2020-12-26 15:33:07'),
(581, 31, 1, 43, 'ไม่ระบุวันที่ : ไม่ใช่\nวันที่เที่ยว / วันที่เดินทาง : 28 December 2020\nผู้ใหญ่ : 2 คน\nเด็ก : 1 คน\nทารก : - คน\nFOC : - คน\nเพิ่มรถรับส่ง : ใช่\nสถานที่รับ : Best Western Plus The Beachfront\nสถานที่ส่ง : Best Western Plus The Beachfront\nโซน : ราไวย์\nห้องพัก : -\nชาวต่างชาติ : ไม่มี\nจำนวนชาวต่างชาติ : - คน\nราคาเพิ่มเติมสำหรับชาวต่างชาติ : 0 บาท\nราคาสำหรับแก้ไข : 6,297 บาท\nหมายเหตุ : \n\n', 2, '14.207.74.5', '2020-12-26 15:39:55'),
(582, 32, 1, 0, 'สถานะ : ออนไลน์\nประเภทลูกค้า : เอเย่นต์\nVoucher No. : 23777\nวันที่จอง : 26 December 2020\nเอเย่นต์ : Klook\nVoucher No. (เอเย่นต์) : CXN798504\nชื่อเซลล์ : \nชื่อ (ลูกค้า) : Mr.Mattharin\nนามสกุล (ลูกค้า) : Arayangkul\nเบอร์โทรศัพท์ (ลูกค้า) : 0818269325\nอีเมล์ (ลูกค้า) : -\nใบเสร็จรับเงิน : ไม่ใช่แบบเต็ม\nชื่อ : -\nที่อยู่ : -\nหมายเลขประจำตัวผู้เสียภาษี : -\nรายละเอียดใบเสร็จ : -\nบริษัท : บริษัท เอเชีย วาเคชั่น จำกัด\n', 2, '14.207.74.5', '2020-12-26 16:53:40'),
(583, 32, 1, 44, 'ไม่ระบุวันที่ : ไม่ใช่\nวันที่เที่ยว / วันที่เดินทาง : 28 December 2020\nผู้ใหญ่ : 2 คน\nเด็ก : - คน\nทารก : - คน\nFOC : - คน\nเพิ่มรถรับส่ง : ไม่ใช่\nสถานที่รับ : N/A\nสถานที่ส่ง : N/A\nโซน : -\nห้องพัก : -\nชาวต่างชาติ : ไม่มี\nจำนวนชาวต่างชาติ : - คน\nราคาเพิ่มเติมสำหรับชาวต่างชาติ : 0 บาท\nราคาสำหรับแก้ไข : 3,598 บาท\nหมายเหตุ : \n\n', 2, '14.207.74.5', '2020-12-26 17:09:17'),
(584, 33, 1, 0, 'สถานะ : ออนไลน์\nประเภทลูกค้า : เอเย่นต์\nVoucher No. : 23742\nวันที่จอง : 26 December 2020\nเอเย่นต์ : Klook\nVoucher No. (เอเย่นต์) : EVX913946\nชื่อเซลล์ : \nชื่อ (ลูกค้า) : K.Pichet\nนามสกุล (ลูกค้า) : Sunthonthepvarakun\nเบอร์โทรศัพท์ (ลูกค้า) : 0817622822\nอีเมล์ (ลูกค้า) : -\nใบเสร็จรับเงิน : ไม่ใช่แบบเต็ม\nชื่อ : -\nที่อยู่ : -\nหมายเลขประจำตัวผู้เสียภาษี : -\nรายละเอียดใบเสร็จ : -\nบริษัท : บริษัท อันดามัน แพชชั่น จำกัด\n', 2, '14.207.74.5', '2020-12-26 17:14:43'),
(585, 33, 1, 45, 'ไม่ระบุวันที่ : ไม่ใช่\nวันที่เที่ยว / วันที่เดินทาง : 28 December 2020\nผู้ใหญ่ : 2 คน\nเด็ก : - คน\nทารก : - คน\nFOC : - คน\nเพิ่มรถรับส่ง : ไม่ใช่\nสถานที่รับ : N/A\nสถานที่ส่ง : N/A\nโซน : -\nห้องพัก : -\nชาวต่างชาติ : ไม่มี\nจำนวนชาวต่างชาติ : - คน\nราคาเพิ่มเติมสำหรับชาวต่างชาติ : 0 บาท\nราคาสำหรับแก้ไข : 3,598 บาท\nหมายเหตุ : \n\n', 2, '14.207.74.5', '2020-12-26 17:16:04'),
(586, 33, 2, 0, 'บริษัท : บริษัท แพสชั่น วาเคชั่น จำกัด\n', 2, '14.207.74.5', '2020-12-26 17:18:39'),
(587, 34, 1, 0, 'สถานะ : ออนไลน์\nประเภทลูกค้า : ลูกค้าทั่วไป\nVoucher No. : 23819\nวันที่จอง : 26 December 2020\nเอเย่นต์ : -\nVoucher No. (เอเย่นต์) : -\nชื่อเซลล์ : -\nชื่อ (ลูกค้า) : คุณฉันทนา\nนามสกุล (ลูกค้า) : ชุติมากุล\nเบอร์โทรศัพท์ (ลูกค้า) : 085-55538365/084-5914262\nอีเมล์ (ลูกค้า) : Line:Oh\nใบเสร็จรับเงิน : ไม่ใช่แบบเต็ม\nชื่อ : -\nที่อยู่ : -\nหมายเลขประจำตัวผู้เสียภาษี : -\nรายละเอียดใบเสร็จ : -\nบริษัท : บริษัท แพสชั่น วาเคชั่น จำกัด\n', 2, '14.207.74.5', '2020-12-26 17:22:34'),
(588, 34, 1, 46, 'ไม่ระบุวันที่ : ไม่ใช่\nวันที่เที่ยว / วันที่เดินทาง : 28 December 2020\nผู้ใหญ่ : 2 คน\nเด็ก : - คน\nทารก : - คน\nFOC : - คน\nเพิ่มรถรับส่ง : ไม่ใช่\nสถานที่รับ : N/A\nสถานที่ส่ง : N/A\nโซน : -\nห้องพัก : -\nชาวต่างชาติ : ไม่มี\nจำนวนชาวต่างชาติ : - คน\nราคาเพิ่มเติมสำหรับชาวต่างชาติ : 0 บาท\nราคาสำหรับแก้ไข : 3,998 บาท\nหมายเหตุ : \n\n', 2, '14.207.74.5', '2020-12-26 17:23:18'),
(589, 35, 1, 0, 'สถานะ : ออนไลน์\nประเภทลูกค้า : ลูกค้าทั่วไป\nVoucher No. : 23859\nวันที่จอง : 26 December 2020\nเอเย่นต์ : -\nVoucher No. (เอเย่นต์) : -\nชื่อเซลล์ : -\nชื่อ (ลูกค้า) : คุณดวงธิดา\nนามสกุล (ลูกค้า) : อุบลชลเขตต์\nเบอร์โทรศัพท์ (ลูกค้า) : 0642236566/0802829351\nอีเมล์ (ลูกค้า) : Line:Aey_Tee\nใบเสร็จรับเงิน : ไม่ใช่แบบเต็ม\nชื่อ : -\nที่อยู่ : -\nหมายเลขประจำตัวผู้เสียภาษี : -\nรายละเอียดใบเสร็จ : -\nบริษัท : บริษัท แพสชั่น วาเคชั่น จำกัด\n', 2, '14.207.74.5', '2020-12-26 17:26:02'),
(590, 35, 1, 47, 'ไม่ระบุวันที่ : ไม่ใช่\nวันที่เที่ยว / วันที่เดินทาง : 28 December 2020\nผู้ใหญ่ : 3 คน\nเด็ก : - คน\nทารก : - คน\nFOC : - คน\nเพิ่มรถรับส่ง : ใช่\nสถานที่รับ : กะตะธานี ภูเก็ต บีช รีสอร์ท\nสถานที่ส่ง : กะตะธานี ภูเก็ต บีช รีสอร์ท\nโซน : กะตะ\nห้องพัก : -\nชาวต่างชาติ : ไม่มี\nจำนวนชาวต่างชาติ : - คน\nราคาเพิ่มเติมสำหรับชาวต่างชาติ : 0 บาท\nราคาสำหรับแก้ไข : 6,597 บาท\nหมายเหตุ : \n\n', 2, '14.207.74.5', '2020-12-26 17:29:35'),
(591, 36, 1, 0, 'สถานะ : ออนไลน์\nประเภทลูกค้า : ลูกค้าทั่วไป\nVoucher No. : 23758\nวันที่จอง : 26 December 2020\nเอเย่นต์ : -\nVoucher No. (เอเย่นต์) : -\nชื่อเซลล์ : -\nชื่อ (ลูกค้า) : K.Laksawat\nนามสกุล (ลูกค้า) : Rienjaroensuk\nเบอร์โทรศัพท์ (ลูกค้า) : 0813765161\nอีเมล์ (ลูกค้า) : (ลูกค้าคุณเบิร์ด)\nใบเสร็จรับเงิน : ไม่ใช่แบบเต็ม\nชื่อ : -\nที่อยู่ : -\nหมายเลขประจำตัวผู้เสียภาษี : -\nรายละเอียดใบเสร็จ : -\nบริษัท : บริษัท แพสชั่น วาเคชั่น จำกัด\n', 2, '14.207.74.5', '2020-12-26 17:31:53'),
(592, 36, 2, 0, 'สถานะ : ยกเลิก\n', 2, '14.207.74.5', '2020-12-26 17:35:37'),
(593, 1, 2, 0, 'สถานะ : ยกเลิก\nรายละเอียดใบเสร็จ : มุสลิม , ไม่ทานไก่\n', 1, '49.237.8.2', '2020-12-28 17:32:56'),
(594, 1, 2, 0, 'สถานะ : ออนไลน์\nรายละเอียดใบเสร็จ : มุสลิม , ไม่ทานไก่\n', 1, '49.237.8.2', '2020-12-28 17:34:34'),
(595, 25, 5, 36, 'สถานะการยืนยัน : ยืนยันแล้ว </br>ยืนยันโดย : admin', 2, '1.10.134.244', '2020-12-28 17:41:43'),
(596, 25, 2, 36, 'สถานที่รับ : Best Western Plus The Beachfront\nสถานที่ส่ง : คิงพาวเวอร์\nหมายเหตุ : \n\n', 2, '1.10.134.244', '2020-12-28 17:44:20'),
(597, 10, 1, 48, 'ไม่ระบุวันที่ : ไม่ใช่\nวันที่เที่ยว / วันที่เดินทาง : 29 December 2020\nผู้ใหญ่ : 2 คน\nเด็ก : - คน\nทารก : - คน\nFOC : 1 คน\nเพิ่มรถรับส่ง : ใช่\nสถานที่รับ : ป่าตอง\nสถานที่ส่ง : ท่าเรือรัษฏา\nโซน : บายพาส\nห้องพัก : -\nชาวต่างชาติ : ไม่มี\nจำนวนชาวต่างชาติ : - คน\nราคาเพิ่มเติมสำหรับชาวต่างชาติ : 0 บาท\nราคาสำหรับแก้ไข : 3,100 บาท\nหมายเหตุ : \n\n', 1, '171.97.215.89', '2020-12-29 15:28:50'),
(598, 10, 1, 49, 'ไม่ระบุวันที่ : ไม่ใช่\nวันที่เที่ยว / วันที่เดินทาง : 29 December 2020\nผู้ใหญ่ : 2 คน\nเด็ก : - คน\nทารก : - คน\nFOC : 1 คน\nเพิ่มรถรับส่ง : ไม่ใช่\nสถานที่รับ : ตลาดนาคา\nสถานที่ส่ง : โลตัสสามกอง\nโซน : -\nห้องพัก : -\nชาวต่างชาติ : ไม่มี\nจำนวนชาวต่างชาติ : - คน\nราคาเพิ่มเติมสำหรับชาวต่างชาติ : 0 บาท\nราคาสำหรับแก้ไข : 1,600 บาท\nหมายเหตุ : \n\n', 1, '171.97.215.89', '2020-12-29 15:29:15'),
(599, 10, 1, 50, 'ไม่ระบุวันที่ : ไม่ใช่\nวันที่เที่ยว / วันที่เดินทาง : 29 December 2020\nผู้ใหญ่ : 2 คน\nเด็ก : - คน\nทารก : - คน\nFOC : 1 คน\nสถานที่รับ : ท่าเรือรัษฏา\nสถานที่ส่ง : ป่าตอง\nโซน : -\nห้องพัก : -\nจำนวนคัน : 1 คัน\nจำนวนชั่วโมง : 1 ชั่วโมง\nเวลารับ : 15:29\nเวลาส่ง : 16:29\nราคาสำหรับแก้ไข : 1,000 บาท\nหมายเหตุ : \n\n', 1, '171.97.215.89', '2020-12-29 15:29:44'),
(600, 37, 1, 0, 'สถานะ : ออนไลน์\nประเภทลูกค้า : ลูกค้าทั่วไป\nVoucher No. : 23947\nวันที่จอง : 29 December 2020\nเอเย่นต์ : -\nVoucher No. (เอเย่นต์) : -\nชื่อเซลล์ : -\nชื่อ (ลูกค้า) : คุณยลดา\nนามสกุล (ลูกค้า) : มะโนพัฒนะวรกุล\nเบอร์โทรศัพท์ (ลูกค้า) : 0855098078/0819665642\nอีเมล์ (ลูกค้า) : Line:Meawlemon\nใบเสร็จรับเงิน : ไม่ใช่แบบเต็ม\nชื่อ : -\nที่อยู่ : -\nหมายเลขประจำตัวผู้เสียภาษี : -\nรายละเอียดใบเสร็จ : -\nบริษัท : บริษัท แพสชั่น วาเคชั่น จำกัด\n', 2, '14.207.74.5', '2020-12-29 15:33:14'),
(601, 37, 1, 51, 'ไม่ระบุวันที่ : ไม่ใช่\nวันที่เที่ยว / วันที่เดินทาง : 01 January 2021\nผู้ใหญ่ : 4 คน\nเด็ก : - คน\nทารก : - คน\nFOC : - คน\nเพิ่มรถรับส่ง : ไม่ใช่\nสถานที่รับ : N/A\nสถานที่ส่ง : N/A\nโซน : -\nห้องพัก : -\nชาวต่างชาติ : ไม่มี\nจำนวนชาวต่างชาติ : - คน\nราคาเพิ่มเติมสำหรับชาวต่างชาติ : 0 บาท\nราคาสำหรับแก้ไข : 7,996 บาท\nหมายเหตุ : \n\n', 2, '14.207.74.5', '2020-12-29 15:34:15'),
(602, 10, 2, 0, 'ชื่อเซลล์ : -\nรายละเอียดใบเสร็จ : ไป 5 คน\nบริษัท : บริษัท เอเชีย วาเคชั่น จำกัด\n', 1, '171.97.215.89', '2020-12-29 15:37:44'),
(603, 10, 5, 48, 'สถานะการยืนยัน : ยืนยันแล้ว </br>ยืนยันโดย : Admin', 1, '171.97.215.89', '2020-12-29 15:38:05'),
(604, 10, 5, 48, 'สถานะการยืนยัน(OP) : ยืนยันแล้ว', 1, '171.97.215.89', '2020-12-29 15:38:21'),
(605, 10, 6, 48, 'สถานะการยืนยัน(OP) : ยกเลิกการยืนยันแล้ว', 1, '171.97.215.89', '2020-12-29 15:38:40'),
(606, 10, 2, 0, 'สถานะ : ยกเลิก\n', 1, '171.97.215.89', '2020-12-29 15:38:48'),
(607, 38, 1, 0, 'สถานะ : ออนไลน์\nประเภทลูกค้า : ลูกค้าทั่วไป\nVoucher No. : 23942\nวันที่จอง : 29 December 2020\nเอเย่นต์ : -\nVoucher No. (เอเย่นต์) : -\nชื่อเซลล์ : -\nชื่อ (ลูกค้า) : Mr.Hashimoto\nนามสกุล (ลูกค้า) : -\nเบอร์โทรศัพท์ (ลูกค้า) : 0655361556\nอีเมล์ (ลูกค้า) : Face:Jeabjupjupx  Sukhuman\nใบเสร็จรับเงิน : ไม่ใช่แบบเต็ม\nชื่อ : -\nที่อยู่ : -\nหมายเลขประจำตัวผู้เสียภาษี : -\nรายละเอียดใบเสร็จ : เบอร์โทรติดต่อเป็นเลขา  \r\nชื่อคุณเจี๊ยบ\nบริษัท : บริษัท แพสชั่น วาเคชั่น จำกัด\n', 2, '14.207.74.5', '2020-12-29 15:43:32'),
(608, 38, 1, 52, 'ไม่ระบุวันที่ : ไม่ใช่\nวันที่เที่ยว / วันที่เดินทาง : 01 January 2021\nผู้ใหญ่ : 1 คน\nเด็ก : - คน\nทารก : - คน\nFOC : - คน\nเพิ่มรถรับส่ง : ใช่\nสถานที่รับ : รอยัลพาราไดซ์ โฮเทล แอนด์ สปา\nสถานที่ส่ง : รอยัล พาราไดซ์ โฮเทล แอนด์ สปา\nโซน : ป่าตอง\nห้องพัก : -\nชาวต่างชาติ : มี\nจำนวนชาวต่างชาติ : - คน\nราคาเพิ่มเติมสำหรับชาวต่างชาติ : 400 บาท\nราคาสำหรับแก้ไข : 2,599 บาท\nหมายเหตุ : \n\n', 2, '14.207.74.5', '2020-12-29 16:00:32'),
(609, 39, 1, 0, 'สถานะ : ออนไลน์\nประเภทลูกค้า : ลูกค้าทั่วไป\nVoucher No. : 23834\nวันที่จอง : 29 December 2020\nเอเย่นต์ : -\nVoucher No. (เอเย่นต์) : -\nชื่อเซลล์ : -\nชื่อ (ลูกค้า) : คุณนิฐิชา\nนามสกุล (ลูกค้า) : แสงธรรม\nเบอร์โทรศัพท์ (ลูกค้า) : 0922672324/0927729303\nอีเมล์ (ลูกค้า) : Line :Aใส่สี่เหลี่ยมรอบตัวอักษร\nใบเสร็จรับเงิน : ไม่ใช่แบบเต็ม\nชื่อ : -\nที่อยู่ : -\nหมายเลขประจำตัวผู้เสียภาษี : -\nรายละเอียดใบเสร็จ : -\nบริษัท : บริษัท แพสชั่น วาเคชั่น จำกัด\n', 2, '14.207.74.5', '2020-12-29 16:08:04'),
(610, 39, 1, 53, 'ไม่ระบุวันที่ : ไม่ใช่\nวันที่เที่ยว / วันที่เดินทาง : 01 January 2021\nผู้ใหญ่ : 2 คน\nเด็ก : - คน\nทารก : - คน\nFOC : - คน\nเพิ่มรถรับส่ง : ไม่ใช่\nสถานที่รับ : N/A\nสถานที่ส่ง : N/A\nโซน : -\nห้องพัก : -\nชาวต่างชาติ : ไม่มี\nจำนวนชาวต่างชาติ : - คน\nราคาเพิ่มเติมสำหรับชาวต่างชาติ : 0 บาท\nราคาสำหรับแก้ไข : 3,998 บาท\nหมายเหตุ : \n\n', 2, '14.207.74.5', '2020-12-29 16:09:20'),
(611, 40, 1, 0, 'สถานะ : ออนไลน์\nประเภทลูกค้า : ลูกค้าทั่วไป\nVoucher No. : 23514\nวันที่จอง : 29 December 2020\nเอเย่นต์ : -\nVoucher No. (เอเย่นต์) : -\nชื่อเซลล์ : -\nชื่อ (ลูกค้า) : คุณทินกร\nนามสกุล (ลูกค้า) : ไชยเทศ\nเบอร์โทรศัพท์ (ลูกค้า) : 0873043618/0923213663\nอีเมล์ (ลูกค้า) : Face:Thinnakorn Chaited\nใบเสร็จรับเงิน : ไม่ใช่แบบเต็ม\nชื่อ : -\nที่อยู่ : -\nหมายเลขประจำตัวผู้เสียภาษี : -\nรายละเอียดใบเสร็จ : -\nบริษัท : บริษัท แพสชั่น วาเคชั่น จำกัด\n', 2, '14.207.74.5', '2020-12-29 16:12:04'),
(612, 40, 1, 54, 'ไม่ระบุวันที่ : ไม่ใช่\nวันที่เที่ยว / วันที่เดินทาง : 01 January 2021\nผู้ใหญ่ : 2 คน\nเด็ก : - คน\nทารก : - คน\nFOC : - คน\nเพิ่มรถรับส่ง : ไม่ใช่\nสถานที่รับ : N/A\nสถานที่ส่ง : N/A\nโซน : -\nห้องพัก : -\nชาวต่างชาติ : ไม่มี\nจำนวนชาวต่างชาติ : - คน\nราคาเพิ่มเติมสำหรับชาวต่างชาติ : 0 บาท\nราคาสำหรับแก้ไข : 3,998 บาท\nหมายเหตุ : \n\n', 2, '14.207.74.5', '2020-12-29 16:38:57'),
(613, 40, 1, 55, 'ไม่ระบุวันที่ : ไม่ใช่\nวันที่เที่ยว / วันที่เดินทาง : 02 January 2021\nผู้ใหญ่ : 2 คน\nเด็ก : - คน\nทารก : - คน\nFOC : - คน\nเพิ่มรถรับส่ง : ไม่ใช่\nสถานที่รับ : N/A\nสถานที่ส่ง : N/A\nโซน : -\nห้องพัก : -\nชาวต่างชาติ : ไม่มี\nจำนวนชาวต่างชาติ : - คน\nราคาเพิ่มเติมสำหรับชาวต่างชาติ : 0 บาท\nราคาสำหรับแก้ไข : 2,980 บาท\nหมายเหตุ : \n\n', 2, '14.207.74.5', '2020-12-29 16:39:54'),
(614, 41, 1, 0, 'สถานะ : ออนไลน์\nประเภทลูกค้า : เอเย่นต์\nVoucher No. : 23784\nวันที่จอง : 29 December 2020\nเอเย่นต์ : HUNGRY  HUB\nVoucher No. (เอเย่นต์) : 694493\nชื่อเซลล์ : \nชื่อ (ลูกค้า) : K.Chayanut\nนามสกุล (ลูกค้า) : -\nเบอร์โทรศัพท์ (ลูกค้า) : 0974493636\nอีเมล์ (ลูกค้า) : -\nใบเสร็จรับเงิน : ไม่ใช่แบบเต็ม\nชื่อ : -\nที่อยู่ : -\nหมายเลขประจำตัวผู้เสียภาษี : -\nรายละเอียดใบเสร็จ : -\nบริษัท : บริษัท อันดามัน แพชชั่น จำกัด\n', 2, '14.207.74.5', '2020-12-29 17:21:31'),
(615, 41, 1, 56, 'ไม่ระบุวันที่ : ไม่ใช่\nวันที่เที่ยว / วันที่เดินทาง : 01 January 2021\nผู้ใหญ่ : 8 คน\nเด็ก : 2 คน\nทารก : - คน\nFOC : - คน\nเพิ่มรถรับส่ง : ไม่ใช่\nสถานที่รับ : N/A\nสถานที่ส่ง : N/A\nโซน : -\nห้องพัก : -\nชาวต่างชาติ : ไม่มี\nจำนวนชาวต่างชาติ : - คน\nราคาเพิ่มเติมสำหรับชาวต่างชาติ : 0 บาท\nราคาสำหรับแก้ไข : 17,450 บาท\nหมายเหตุ : \n\n', 2, '14.207.74.5', '2020-12-29 17:23:42'),
(616, 42, 1, 0, 'สถานะ : ออนไลน์\nประเภทลูกค้า : ลูกค้าทั่วไป\nVoucher No. : 23960\nวันที่จอง : 29 December 2020\nเอเย่นต์ : -\nVoucher No. (เอเย่นต์) : -\nชื่อเซลล์ : -\nชื่อ (ลูกค้า) : คุณพิณมุก\nนามสกุล (ลูกค้า) : ประภาอนันตชัย\nเบอร์โทรศัพท์ (ลูกค้า) : 0822103610/0870065815\nอีเมล์ (ลูกค้า) : Face:คุณพิณมุก  ประภาอนันตชัย\nใบเสร็จรับเงิน : ไม่ใช่แบบเต็ม\nชื่อ : -\nที่อยู่ : -\nหมายเลขประจำตัวผู้เสียภาษี : -\nรายละเอียดใบเสร็จ : -\nบริษัท : บริษัท แพสชั่น วาเคชั่น จำกัด\n', 2, '14.207.74.5', '2020-12-29 17:31:33'),
(617, 42, 1, 57, 'ไม่ระบุวันที่ : ไม่ใช่\nวันที่เที่ยว / วันที่เดินทาง : 01 January 2021\nผู้ใหญ่ : 2 คน\nเด็ก : 2 คน\nทารก : - คน\nFOC : - คน\nเพิ่มรถรับส่ง : ไม่ใช่\nสถานที่รับ : N/A\nสถานที่ส่ง : N/A\nโซน : -\nห้องพัก : -\nชาวต่างชาติ : ไม่มี\nจำนวนชาวต่างชาติ : - คน\nราคาเพิ่มเติมสำหรับชาวต่างชาติ : 0 บาท\nราคาสำหรับแก้ไข : 7,396 บาท\nหมายเหตุ : \n\n', 2, '14.207.74.5', '2020-12-29 17:33:54'),
(618, 43, 1, 0, 'สถานะ : ออนไลน์\nประเภทลูกค้า : ลูกค้าทั่วไป\nVoucher No. : 23569\nวันที่จอง : 29 December 2020\nเอเย่นต์ : -\nVoucher No. (เอเย่นต์) : -\nชื่อเซลล์ : -\nชื่อ (ลูกค้า) : คุณ ภูรีธีริศา\nนามสกุล (ลูกค้า) : กุลนิษฐ์นิรัติ\nเบอร์โทรศัพท์ (ลูกค้า) : 0933276789/0891867789\nอีเมล์ (ลูกค้า) : Line:Ram_Aoo\nใบเสร็จรับเงิน : ไม่ใช่แบบเต็ม\nชื่อ : -\nที่อยู่ : -\nหมายเลขประจำตัวผู้เสียภาษี : -\nรายละเอียดใบเสร็จ : -\nบริษัท : บริษัท แพสชั่น วาเคชั่น จำกัด\n', 2, '14.207.74.5', '2020-12-29 17:37:26'),
(619, 43, 1, 58, 'ไม่ระบุวันที่ : ไม่ใช่\nวันที่เที่ยว / วันที่เดินทาง : 01 January 2021\nผู้ใหญ่ : 5 คน\nเด็ก : 1 คน\nทารก : - คน\nFOC : - คน\nเพิ่มรถรับส่ง : ใช่\nสถานที่รับ : อนันตรา วาเคชั่นคลับ\nสถานที่ส่ง : อนันตรา วาเคชั่นคลับ\nโซน : ไม้ขาว\nห้องพัก : -\nชาวต่างชาติ : ไม่มี\nจำนวนชาวต่างชาติ : - คน\nราคาเพิ่มเติมสำหรับชาวต่างชาติ : 0 บาท\nราคาสำหรับแก้ไข : 12,894 บาท\nหมายเหตุ : \n\n', 2, '14.207.74.5', '2020-12-29 17:40:43'),
(620, 44, 1, 0, 'สถานะ : ออนไลน์\nประเภทลูกค้า : ลูกค้าทั่วไป\nVoucher No. : 23630\nวันที่จอง : 29 December 2020\nเอเย่นต์ : -\nVoucher No. (เอเย่นต์) : -\nชื่อเซลล์ : -\nชื่อ (ลูกค้า) : คุณเกศพงศ์\nนามสกุล (ลูกค้า) : สกุลกมลพัช\nเบอร์โทรศัพท์ (ลูกค้า) : 0957260107/0855674311\nอีเมล์ (ลูกค้า) : Face:Ketphong  Sakulkamdphat\nใบเสร็จรับเงิน : ไม่ใช่แบบเต็ม\nชื่อ : -\nที่อยู่ : -\nหมายเลขประจำตัวผู้เสียภาษี : -\nรายละเอียดใบเสร็จ : -\nบริษัท : บริษัท แพสชั่น วาเคชั่น จำกัด\n', 2, '14.207.74.5', '2020-12-29 17:56:20'),
(621, 44, 1, 59, 'ไม่ระบุวันที่ : ไม่ใช่\nวันที่เที่ยว / วันที่เดินทาง : 29 December 2020\nผู้ใหญ่ : 6 คน\nเด็ก : - คน\nทารก : - คน\nFOC : - คน\nเพิ่มรถรับส่ง : ไม่ใช่\nสถานที่รับ : N/A\nสถานที่ส่ง : N/A\nโซน : -\nห้องพัก : -\nชาวต่างชาติ : ไม่มี\nจำนวนชาวต่างชาติ : - คน\nราคาเพิ่มเติมสำหรับชาวต่างชาติ : 0 บาท\nราคาสำหรับแก้ไข : 11,994 บาท\nหมายเหตุ : \n\n', 2, '14.207.74.5', '2020-12-29 17:56:52'),
(622, 45, 1, 0, 'สถานะ : ออนไลน์\nประเภทลูกค้า : ลูกค้าทั่วไป\nVoucher No. : 23676\nวันที่จอง : 29 December 2020\nเอเย่นต์ : -\nVoucher No. (เอเย่นต์) : -\nชื่อเซลล์ : -\nชื่อ (ลูกค้า) : คุณนภัสสวรรณ\nนามสกุล (ลูกค้า) : บุญพราหมณ์\nเบอร์โทรศัพท์ (ลูกค้า) : 0889990052/0889990055\nอีเมล์ (ลูกค้า) : Line:Aye\nใบเสร็จรับเงิน : ไม่ใช่แบบเต็ม\nชื่อ : -\nที่อยู่ : -\nหมายเลขประจำตัวผู้เสียภาษี : -\nรายละเอียดใบเสร็จ : -\nบริษัท : บริษัท แพสชั่น วาเคชั่น จำกัด\n', 2, '14.207.74.5', '2020-12-29 17:59:23'),
(623, 45, 1, 60, 'ไม่ระบุวันที่ : ไม่ใช่\nวันที่เที่ยว / วันที่เดินทาง : 01 January 2021\nผู้ใหญ่ : 2 คน\nเด็ก : - คน\nทารก : - คน\nFOC : - คน\nเพิ่มรถรับส่ง : ใช่\nสถานที่รับ : บันยันทรี ภูเก็ต\nสถานที่ส่ง : บันยันทรีภูเก็ต\nโซน : ลากูน่า\nห้องพัก : -\nชาวต่างชาติ : มี\nจำนวนชาวต่างชาติ : 1 คน\nราคาเพิ่มเติมสำหรับชาวต่างชาติ : 400 บาท\nราคาสำหรับแก้ไข : 4,798 บาท\nหมายเหตุ : \n\n', 2, '14.207.74.5', '2020-12-29 18:02:33'),
(624, 46, 1, 0, 'สถานะ : ออนไลน์\nประเภทลูกค้า : เอเย่นต์\nVoucher No. : 23715\nวันที่จอง : 29 December 2020\nเอเย่นต์ : เคปเซียนน่า\nVoucher No. (เอเย่นต์) : -\nชื่อเซลล์ : \nชื่อ (ลูกค้า) : คุณภูมิชาย\nนามสกุล (ลูกค้า) : ศรีวภา\nเบอร์โทรศัพท์ (ลูกค้า) : -\nอีเมล์ (ลูกค้า) : -\nใบเสร็จรับเงิน : ไม่ใช่แบบเต็ม\nชื่อ : -\nที่อยู่ : -\nหมายเลขประจำตัวผู้เสียภาษี : -\nรายละเอียดใบเสร็จ : -\nบริษัท : บริษัท แพสชั่น วาเคชั่น จำกัด\n', 2, '14.207.74.5', '2020-12-29 18:04:25'),
(625, 46, 1, 61, 'ไม่ระบุวันที่ : ไม่ใช่\nวันที่เที่ยว / วันที่เดินทาง : 29 December 2020\nผู้ใหญ่ : 4 คน\nเด็ก : - คน\nทารก : - คน\nFOC : - คน\nเพิ่มรถรับส่ง : ใช่\nสถานที่รับ : N/A\nสถานที่ส่ง : N/A\nโซน : -\nห้องพัก : -\nชาวต่างชาติ : ไม่มี\nจำนวนชาวต่างชาติ : - คน\nราคาเพิ่มเติมสำหรับชาวต่างชาติ : 0 บาท\nราคาสำหรับแก้ไข : 7,600 บาท\nหมายเหตุ : \nฝากไกด์เก็บเงินลูกค้า ค่ารถ รับ-ส่ง 800 บาท\n', 2, '14.207.74.5', '2020-12-29 18:12:34'),
(626, 46, 2, 61, 'สถานที่รับ : เคปเซียนน่า\nสถานที่ส่ง : เคปเซียนน่า\nโซน : กมลา\nหมายเหตุ : \nฝากไกด์เก็บเงินลูกค้า ค่ารถ รับ-ส่ง 800 บาท\n', 2, '14.207.74.5', '2020-12-29 18:13:05'),
(627, 46, 2, 61, 'หมายเหตุ : \nฝากไกด์เก็บเงินลูกค้า ค่ารถ รับ-ส่ง 800 บาท\n', 2, '14.207.74.5', '2020-12-29 18:14:07'),
(628, 47, 1, 0, 'สถานะ : ออนไลน์\nประเภทลูกค้า : เอเย่นต์\nVoucher No. : 23279\nวันที่จอง : 29 December 2020\nเอเย่นต์ : เคปเซียนน่า\nVoucher No. (เอเย่นต์) : -\nชื่อเซลล์ : \nชื่อ (ลูกค้า) : คุณ พรชนก\nนามสกุล (ลูกค้า) : ศรีตองอ่อน\nเบอร์โทรศัพท์ (ลูกค้า) : -\nอีเมล์ (ลูกค้า) : -\nใบเสร็จรับเงิน : ไม่ใช่แบบเต็ม\nชื่อ : -\nที่อยู่ : -\nหมายเลขประจำตัวผู้เสียภาษี : -\nรายละเอียดใบเสร็จ : -\nบริษัท : บริษัท แพสชั่น วาเคชั่น จำกัด\n', 2, '14.207.74.5', '2020-12-29 18:15:16'),
(629, 47, 1, 62, 'ไม่ระบุวันที่ : ไม่ใช่\nวันที่เที่ยว / วันที่เดินทาง : 01 January 2021\nผู้ใหญ่ : 4 คน\nเด็ก : - คน\nทารก : - คน\nFOC : - คน\nเพิ่มรถรับส่ง : ใช่\nสถานที่รับ : เคปเซียนน่า\nสถานที่ส่ง : เคปเซียนน่า\nโซน : กมลา\nห้องพัก : -\nชาวต่างชาติ : ไม่มี\nจำนวนชาวต่างชาติ : - คน\nราคาเพิ่มเติมสำหรับชาวต่างชาติ : 0 บาท\nราคาสำหรับแก้ไข : 7,600 บาท\nหมายเหตุ : \nฝากไกด์เก็บเงิน ค่ารถรับ-ส่ง 800 บาท\n', 2, '14.207.74.5', '2020-12-29 18:20:04'),
(630, 48, 1, 0, 'สถานะ : ออนไลน์\nประเภทลูกค้า : เอเย่นต์\nVoucher No. : 23280\nวันที่จอง : 29 December 2020\nเอเย่นต์ : เคปเซียนน่า\nVoucher No. (เอเย่นต์) : -\nชื่อเซลล์ : \nชื่อ (ลูกค้า) : คุณณัฏฐ์ชุดา\nนามสกุล (ลูกค้า) : ธเนศวงศ์วณิช\nเบอร์โทรศัพท์ (ลูกค้า) : -\nอีเมล์ (ลูกค้า) : -\nใบเสร็จรับเงิน : ไม่ใช่แบบเต็ม\nชื่อ : -\nที่อยู่ : -\nหมายเลขประจำตัวผู้เสียภาษี : -\nรายละเอียดใบเสร็จ : -\nบริษัท : บริษัท แพสชั่น วาเคชั่น จำกัด\n', 2, '14.207.74.5', '2020-12-29 18:21:45'),
(631, 48, 1, 63, 'ไม่ระบุวันที่ : ไม่ใช่\nวันที่เที่ยว / วันที่เดินทาง : 01 January 2021\nผู้ใหญ่ : 4 คน\nเด็ก : - คน\nทารก : - คน\nFOC : - คน\nเพิ่มรถรับส่ง : ใช่\nสถานที่รับ : เคปเซียนน่า\nสถานที่ส่ง : เคปเซียนน่า\nโซน : กมลา\nห้องพัก : -\nชาวต่างชาติ : ไม่มี\nจำนวนชาวต่างชาติ : - คน\nราคาเพิ่มเติมสำหรับชาวต่างชาติ : 0 บาท\nราคาสำหรับแก้ไข : 7,600 บาท\nหมายเหตุ : \nฝากไกด์เก็บเงินลูกค้าหน้างาน  800 บาท\n', 2, '14.207.74.5', '2020-12-29 18:23:37'),
(632, 43, 1, 64, 'ไม่ระบุวันที่ : ไม่ใช่\nวันที่เที่ยว / วันที่เดินทาง : 31 December 2020\nผู้ใหญ่ : 5 คน\nเด็ก : 1 คน\nทารก : - คน\nFOC : - คน\nสถานที่รับ : อนันตรา วาเคชั่นคลับ\nสถานที่ส่ง : อนันตรา วาเคชั่นคลับ\nโซน : ไม้ขาว\nห้องพัก : -\nจำนวนคัน : 1 คัน\nจำนวนชั่วโมง : 1 ชั่วโมง\nเวลารับ : 22:08\nเวลาส่ง : 23:08\nราคาสำหรับแก้ไข : 0 บาท\nหมายเหตุ : \n\n', 2, '1.10.165.181', '2020-12-29 22:09:50'),
(633, 43, 2, 64, 'หมายเหตุ : \n\n', 2, '1.10.165.181', '2020-12-29 22:11:00'),
(634, 43, 2, 64, 'จำนวนชั่วโมง : 8 ชั่วโมง\nเวลารับ : 12:00\nเวลาส่ง : 20:00\nหมายเหตุ : \n\n', 2, '1.10.165.181', '2020-12-29 22:13:05'),
(635, 43, 2, 64, 'หมายเหตุ : \n\n', 2, '1.10.165.181', '2020-12-29 22:17:58'),
(636, 43, 2, 64, 'ราคาสำหรับแก้ไข : 2,800 บาท\nหมายเหตุ : \n\n', 2, '1.10.165.181', '2020-12-29 22:19:57'),
(637, 43, 2, 64, 'หมายเหตุ : \n\n', 2, '1.10.165.181', '2020-12-29 22:24:41'),
(638, 49, 1, 0, 'สถานะ : ออนไลน์\nประเภทลูกค้า : ลูกค้าทั่วไป\nVoucher No. : 1234560\nวันที่จอง : 30 December 2020\nเอเย่นต์ : -\nVoucher No. (เอเย่นต์) : -\nชื่อเซลล์ : -\nชื่อ (ลูกค้า) : นายลูกค้า\nนามสกุล (ลูกค้า) : ทดสอบ\nเบอร์โทรศัพท์ (ลูกค้า) : 0812345678\nอีเมล์ (ลูกค้า) : costumer@gmail.com\nใบเสร็จรับเงิน : ไม่ใช่แบบเต็ม\nชื่อ : -\nที่อยู่ : -\nหมายเลขประจำตัวผู้เสียภาษี : -\nรายละเอียดใบเสร็จ : -\nบริษัท : บริษัท เอเชีย วาเคชั่น จำกัด\n', 2, '1.10.165.181', '2020-12-30 09:44:49'),
(639, 49, 1, 65, 'ไม่ระบุวันที่ : ไม่ใช่\nวันที่เที่ยว / วันที่เดินทาง : 30 December 2020\nผู้ใหญ่ : 2 คน\nเด็ก : - คน\nทารก : - คน\nFOC : - คน\nเพิ่มรถรับส่ง : ใช่\nสถานที่รับ : Best Western Plus The Beachfront\nสถานที่ส่ง : กะตะธานี ภูเก็ต บีช รีสอร์ท\nโซน : -\nห้องพัก : -\nชาวต่างชาติ : ไม่มี\nจำนวนชาวต่างชาติ : - คน\nราคาเพิ่มเติมสำหรับชาวต่างชาติ : 0 บาท\nราคาสำหรับแก้ไข : 4,198 บาท\nหมายเหตุ : \n\n', 2, '1.10.165.181', '2020-12-30 09:46:02'),
(640, 49, 5, 65, 'สถานะการยืนยัน : ยืนยันแล้ว </br>ยืนยันโดย : admin', 2, '1.10.165.181', '2020-12-30 09:46:29'),
(641, 49, 2, 0, 'สถานะ : ยกเลิก\n', 2, '1.10.165.181', '2020-12-30 09:47:09'),
(642, 50, 1, 0, 'สถานะ : ออนไลน์\nประเภทลูกค้า : ลูกค้าทั่วไป\nVoucher No. : 23632\nวันที่จอง : 30 December 2020\nเอเย่นต์ : -\nVoucher No. (เอเย่นต์) : -\nชื่อเซลล์ : -\nชื่อ (ลูกค้า) : คุณพีระยา\nนามสกุล (ลูกค้า) : อารีย์ดำริกุล\nเบอร์โทรศัพท์ (ลูกค้า) : 0840266270/0841545063\nอีเมล์ (ลูกค้า) : Face:Pe Phiray\nใบเสร็จรับเงิน : แบบเต็ม\nชื่อ : ห้างหุ้นส่วนจำกัดโรงงานยูโรพลาส(สำนักงานใหญ่)\nที่อยู่ : 22/29 หมู่ 5 ต.แคราย  อ.กระทุ่มแบน \r\nจ.สมทรสาคร  74110\nหมายเลขประจำตัวผู้เสียภาษี : 0103544006901\nรายละเอียดใบเสร็จ : -\nบริษัท : บริษัท แพสชั่น วาเคชั่น จำกัด\n', 2, '1.10.165.181', '2020-12-30 13:49:23'),
(643, 50, 1, 66, 'ไม่ระบุวันที่ : ไม่ใช่\nวันที่เที่ยว / วันที่เดินทาง : 02 January 2021\nผู้ใหญ่ : 5 คน\nเด็ก : - คน\nทารก : - คน\nFOC : - คน\nเพิ่มรถรับส่ง : ใช่\nสถานที่รับ : พลูแมน พันวา\nสถานที่ส่ง : พลูแมน พันวา\nโซน : พันวา\nห้องพัก : -\nชาวต่างชาติ : ไม่มี\nจำนวนชาวต่างชาติ : - คน\nราคาเพิ่มเติมสำหรับชาวต่างชาติ : 0 บาท\nราคาสำหรับแก้ไข : 14,500 บาท\nหมายเหตุ : \n\n', 2, '1.10.165.181', '2020-12-30 13:51:57'),
(644, 50, 2, 66, 'หมายเหตุ : \nลูกค้าแพ้กุ้ง 1 ท่าน\n', 2, '1.10.165.181', '2020-12-30 13:53:57'),
(645, 51, 1, 0, 'สถานะ : ออนไลน์\nประเภทลูกค้า : เอเย่นต์\nVoucher No. : 23717\nวันที่จอง : 30 December 2020\nเอเย่นต์ : Mandarava  Resort\nVoucher No. (เอเย่นต์) : 23717\nชื่อเซลล์ : \nชื่อ (ลูกค้า) : คุณอัปสร\nนามสกุล (ลูกค้า) : สินสวาส\nเบอร์โทรศัพท์ (ลูกค้า) : -\nอีเมล์ (ลูกค้า) : -\nใบเสร็จรับเงิน : ไม่ใช่แบบเต็ม\nชื่อ : -\nที่อยู่ : -\nหมายเลขประจำตัวผู้เสียภาษี : -\nรายละเอียดใบเสร็จ : -\nบริษัท : บริษัท แพสชั่น วาเคชั่น จำกัด\n', 2, '1.10.165.181', '2020-12-30 14:17:30'),
(646, 51, 1, 67, 'ไม่ระบุวันที่ : ไม่ใช่\nวันที่เที่ยว / วันที่เดินทาง : 02 January 2021\nผู้ใหญ่ : 2 คน\nเด็ก : - คน\nทารก : - คน\nFOC : - คน\nเพิ่มรถรับส่ง : ใช่\nสถานที่รับ : มันดาราวา รีสอร์ท\nสถานที่ส่ง : มันดาราวา รีสอร์ท\nโซน : -\nห้องพัก : -\nชาวต่างชาติ : ไม่มี\nจำนวนชาวต่างชาติ : - คน\nราคาเพิ่มเติมสำหรับชาวต่างชาติ : 0 บาท\nราคาสำหรับแก้ไข : 3,998 บาท\nหมายเหตุ : \n\n', 2, '1.10.165.181', '2020-12-30 14:20:09'),
(647, 52, 1, 0, 'สถานะ : ออนไลน์\nประเภทลูกค้า : เอเย่นต์\nVoucher No. : 23959\nวันที่จอง : 30 December 2020\nเอเย่นต์ : HUNGRY  HUB\nVoucher No. (เอเย่นต์) : 692822\nชื่อเซลล์ : \nชื่อ (ลูกค้า) : Berry  Ch\nนามสกุล (ลูกค้า) : -\nเบอร์โทรศัพท์ (ลูกค้า) : -\nอีเมล์ (ลูกค้า) : -\nใบเสร็จรับเงิน : ไม่ใช่แบบเต็ม\nชื่อ : -\nที่อยู่ : -\nหมายเลขประจำตัวผู้เสียภาษี : -\nรายละเอียดใบเสร็จ : -\nบริษัท : บริษัท อันดามัน แพชชั่น จำกัด\n', 2, '1.10.165.181', '2020-12-30 14:23:01'),
(648, 52, 1, 68, 'ไม่ระบุวันที่ : ไม่ใช่\nวันที่เที่ยว / วันที่เดินทาง : 30 December 2020\nผู้ใหญ่ : 2 คน\nเด็ก : - คน\nทารก : - คน\nFOC : - คน\nเพิ่มรถรับส่ง : ใช่\nสถานที่รับ : N/A\nสถานที่ส่ง : N/A\nโซน : -\nห้องพัก : -\nชาวต่างชาติ : ไม่มี\nจำนวนชาวต่างชาติ : - คน\nราคาเพิ่มเติมสำหรับชาวต่างชาติ : 0 บาท\nราคาสำหรับแก้ไข : 3,598 บาท\nหมายเหตุ : \n\n', 2, '1.10.165.181', '2020-12-30 14:24:24'),
(649, 52, 2, 68, 'ชาวต่างชาติ : มี\nจำนวนชาวต่างชาติ : 1 คน\nราคาเพิ่มเติมสำหรับชาวต่างชาติ : 400 บาท\nหมายเหตุ : \n\n', 2, '1.10.165.181', '2020-12-30 14:25:53'),
(650, 52, 2, 68, 'ราคาสำหรับแก้ไข : 3,998 บาท\nหมายเหตุ : \n\n', 2, '1.10.165.181', '2020-12-30 14:26:17'),
(651, 53, 1, 0, 'สถานะ : ออนไลน์\nประเภทลูกค้า : ลูกค้าทั่วไป\nVoucher No. : 23835\nวันที่จอง : 30 December 2020\nเอเย่นต์ : -\nVoucher No. (เอเย่นต์) : -\nชื่อเซลล์ : -\nชื่อ (ลูกค้า) : คุณ นุชจรินทร์\nนามสกุล (ลูกค้า) : ตันยะ\nเบอร์โทรศัพท์ (ลูกค้า) : 0813758041\nอีเมล์ (ลูกค้า) : Line:Pui K\'Kwan Y4L\nใบเสร็จรับเงิน : ไม่ใช่แบบเต็ม\nชื่อ : -\nที่อยู่ : -\nหมายเลขประจำตัวผู้เสียภาษี : -\nรายละเอียดใบเสร็จ : -\nบริษัท : บริษัท แพสชั่น วาเคชั่น จำกัด\n', 2, '1.10.165.181', '2020-12-30 14:59:19'),
(652, 53, 1, 69, 'ไม่ระบุวันที่ : ไม่ใช่\nวันที่เที่ยว / วันที่เดินทาง : 02 January 2021\nผู้ใหญ่ : 2 คน\nเด็ก : 1 คน\nทารก : - คน\nFOC : - คน\nเพิ่มรถรับส่ง : ใช่\nสถานที่รับ : แมริออท ในยาง\nสถานที่ส่ง : แมริออท ในยาง\nโซน : ในยาง\nห้องพัก : -\nชาวต่างชาติ : ไม่มี\nจำนวนชาวต่างชาติ : - คน\nราคาเพิ่มเติมสำหรับชาวต่างชาติ : 0 บาท\nราคาสำหรับแก้ไข : 8,200 บาท\nหมายเหตุ : \n\n', 2, '1.10.165.181', '2020-12-30 15:05:29'),
(653, 54, 1, 0, 'สถานะ : ออนไลน์\nประเภทลูกค้า : ลูกค้าทั่วไป\nVoucher No. : 23363\nวันที่จอง : 30 December 2020\nเอเย่นต์ : -\nVoucher No. (เอเย่นต์) : -\nชื่อเซลล์ : -\nชื่อ (ลูกค้า) : คุณสลิลรัตน์\nนามสกุล (ลูกค้า) : กิตติดุษฎี\nเบอร์โทรศัพท์ (ลูกค้า) : 0895249966/0833053399\nอีเมล์ (ลูกค้า) : Face:Salilrath  Kittidusadee\nใบเสร็จรับเงิน : ไม่ใช่แบบเต็ม\nชื่อ : -\nที่อยู่ : -\nหมายเลขประจำตัวผู้เสียภาษี : -\nรายละเอียดใบเสร็จ : -\nบริษัท : บริษัท แพสชั่น วาเคชั่น จำกัด\n', 2, '1.10.165.181', '2020-12-30 15:25:04'),
(654, 54, 1, 70, 'ไม่ระบุวันที่ : ไม่ใช่\nวันที่เที่ยว / วันที่เดินทาง : 02 January 2021\nผู้ใหญ่ : 4 คน\nเด็ก : - คน\nทารก : - คน\nFOC : - คน\nเพิ่มรถรับส่ง : ใช่\nสถานที่รับ : Intercontinental  Phuket  Resort\nสถานที่ส่ง : Intercontinentel Phuket Resort\nโซน : กะหลิม\nห้องพัก : -\nชาวต่างชาติ : ไม่มี\nจำนวนชาวต่างชาติ : - คน\nราคาเพิ่มเติมสำหรับชาวต่างชาติ : 0 บาท\nราคาสำหรับแก้ไข : 7,196 บาท\nหมายเหตุ : \n\n', 2, '1.10.165.181', '2020-12-30 15:29:39'),
(655, 55, 1, 0, 'สถานะ : ออนไลน์\nประเภทลูกค้า : ลูกค้าทั่วไป\nVoucher No. : 23414\nวันที่จอง : 30 December 2020\nเอเย่นต์ : -\nVoucher No. (เอเย่นต์) : -\nชื่อเซลล์ : -\nชื่อ (ลูกค้า) : คุณสมชาย\nนามสกุล (ลูกค้า) : วัฒนากรแก้ว\nเบอร์โทรศัพท์ (ลูกค้า) : 081-7333223/081-4418765\nอีเมล์ (ลูกค้า) : Line:Somchai\nใบเสร็จรับเงิน : ไม่ใช่แบบเต็ม\nชื่อ : -\nที่อยู่ : -\nหมายเลขประจำตัวผู้เสียภาษี : -\nรายละเอียดใบเสร็จ : -\nบริษัท : บริษัท แพสชั่น วาเคชั่น จำกัด\n', 2, '1.10.165.181', '2020-12-30 15:31:48'),
(656, 55, 1, 71, 'ไม่ระบุวันที่ : ไม่ใช่\nวันที่เที่ยว / วันที่เดินทาง : 02 January 2021\nผู้ใหญ่ : 3 คน\nเด็ก : - คน\nทารก : - คน\nFOC : - คน\nเพิ่มรถรับส่ง : ไม่ใช่\nสถานที่รับ : N/A\nสถานที่ส่ง : N/A\nโซน : -\nห้องพัก : -\nชาวต่างชาติ : ไม่มี\nจำนวนชาวต่างชาติ : - คน\nราคาเพิ่มเติมสำหรับชาวต่างชาติ : 0 บาท\nราคาสำหรับแก้ไข : 4,797 บาท\nหมายเหตุ : \n\n', 2, '1.10.165.181', '2020-12-30 15:33:04'),
(657, 56, 1, 0, 'สถานะ : ออนไลน์\nประเภทลูกค้า : ลูกค้าทั่วไป\nVoucher No. : 23378\nวันที่จอง : 30 December 2020\nเอเย่นต์ : -\nVoucher No. (เอเย่นต์) : -\nชื่อเซลล์ : -\nชื่อ (ลูกค้า) : K.Apitsada \nนามสกุล (ลูกค้า) :  Akarasakulhiran\nเบอร์โทรศัพท์ (ลูกค้า) : -\nอีเมล์ (ลูกค้า) : -\nใบเสร็จรับเงิน : ไม่ใช่แบบเต็ม\nชื่อ : -\nที่อยู่ : -\nหมายเลขประจำตัวผู้เสียภาษี : -\nรายละเอียดใบเสร็จ : -\nบริษัท : บริษัท แพสชั่น วาเคชั่น จำกัด\n', 2, '1.10.165.181', '2020-12-30 15:34:56'),
(658, 56, 1, 72, 'ไม่ระบุวันที่ : ไม่ใช่\nวันที่เที่ยว / วันที่เดินทาง : 02 January 2021\nผู้ใหญ่ : 6 คน\nเด็ก : - คน\nทารก : - คน\nFOC : - คน\nเพิ่มรถรับส่ง : ไม่ใช่\nสถานที่รับ : N/A\nสถานที่ส่ง : N/A\nโซน : -\nห้องพัก : -\nชาวต่างชาติ : ไม่มี\nจำนวนชาวต่างชาติ : - คน\nราคาเพิ่มเติมสำหรับชาวต่างชาติ : 0 บาท\nราคาสำหรับแก้ไข : 9,594 บาท\nหมายเหตุ : \n\n', 2, '1.10.165.181', '2020-12-30 15:35:37'),
(659, 56, 2, 0, 'เบอร์โทรศัพท์ (ลูกค้า) : 061-9592424/088-3989656\nอีเมล์ (ลูกค้า) : Line:ALISZ\n', 2, '1.10.165.181', '2020-12-30 15:38:30'),
(660, 57, 1, 0, 'สถานะ : ออนไลน์\nประเภทลูกค้า : ลูกค้าทั่วไป\nVoucher No. : 23600\nวันที่จอง : 30 December 2020\nเอเย่นต์ : -\nVoucher No. (เอเย่นต์) : -\nชื่อเซลล์ : -\nชื่อ (ลูกค้า) : คุณเมษ์ศิรินทร์\nนามสกุล (ลูกค้า) : ศิริตันติธรรม\nเบอร์โทรศัพท์ (ลูกค้า) : 095-4416355/096-9146691\nอีเมล์ (ลูกค้า) : Line:MaYSiRin\nใบเสร็จรับเงิน : ไม่ใช่แบบเต็ม\nชื่อ : -\nที่อยู่ : -\nหมายเลขประจำตัวผู้เสียภาษี : -\nรายละเอียดใบเสร็จ : -\nบริษัท : บริษัท แพสชั่น วาเคชั่น จำกัด\n', 2, '1.10.165.181', '2020-12-30 15:40:54'),
(661, 57, 1, 73, 'ไม่ระบุวันที่ : ไม่ใช่\nวันที่เที่ยว / วันที่เดินทาง : 02 January 2021\nผู้ใหญ่ : 8 คน\nเด็ก : - คน\nทารก : 1 คน\nFOC : - คน\nเพิ่มรถรับส่ง : ไม่ใช่\nสถานที่รับ : N/A\nสถานที่ส่ง : N/A\nโซน : -\nห้องพัก : -\nชาวต่างชาติ : ไม่มี\nจำนวนชาวต่างชาติ : - คน\nราคาเพิ่มเติมสำหรับชาวต่างชาติ : 0 บาท\nราคาสำหรับแก้ไข : 15,992 บาท\nหมายเหตุ : \n\n', 2, '1.10.165.181', '2020-12-30 15:41:46'),
(662, 58, 1, 0, 'สถานะ : ออนไลน์\nประเภทลูกค้า : ลูกค้าทั่วไป\nVoucher No. : 23198\nวันที่จอง : 30 December 2020\nเอเย่นต์ : -\nVoucher No. (เอเย่นต์) : -\nชื่อเซลล์ : -\nชื่อ (ลูกค้า) : Miss Punnita\nนามสกุล (ลูกค้า) : Chuntharakupt\nเบอร์โทรศัพท์ (ลูกค้า) : 086-3492064\nอีเมล์ (ลูกค้า) : -\nใบเสร็จรับเงิน : ไม่ใช่แบบเต็ม\nชื่อ : -\nที่อยู่ : -\nหมายเลขประจำตัวผู้เสียภาษี : -\nรายละเอียดใบเสร็จ : -\nบริษัท : บริษัท แพสชั่น วาเคชั่น จำกัด\n', 2, '1.10.165.181', '2020-12-30 17:26:06'),
(663, 58, 1, 74, 'ไม่ระบุวันที่ : ไม่ใช่\nวันที่เช็คอิน : 01 January 2021\nวันที่เช็คเอาท์ : 03 January 2021\nผู้ใหญ่ : 9 คน\nเด็ก : - คน\nทารก : - คน\nFOC : - คน\nสถานที่รับ : N/A\nสถานที่ส่ง : N/A\nโซน : -\nห้องพัก : -\nจำนวนห้อง : 5 ห้อง\nจำนวนเตียงเสริม : - เตียง\nจำนวนแชร์เตียง : - เตียง\nราคาสำหรับแก้ไข : 0 บาท\nหมายเหตุ : \n\n', 2, '1.10.165.181', '2020-12-30 17:28:56'),
(664, 58, 3, 74, 'สถานะ : ยกเลิกข้อมูล', 2, '1.10.165.13', '2020-12-30 17:45:34'),
(665, 58, 3, 74, 'สถานะ : ยกเลิกข้อมูล', 2, '1.10.165.13', '2020-12-30 17:45:38'),
(666, 58, 4, 74, 'สถานะ : คืนข้อมูล', 2, '1.10.165.13', '2020-12-30 17:46:51'),
(667, 58, 3, 74, 'สถานะ : ยกเลิกข้อมูล', 2, '1.10.165.13', '2020-12-30 17:48:55'),
(668, 58, 3, 74, 'สถานะ : ยกเลิกข้อมูล', 2, '1.10.165.13', '2020-12-30 17:55:36'),
(669, 58, 4, 74, 'สถานะ : คืนข้อมูล', 2, '1.10.165.13', '2020-12-30 17:56:15'),
(670, 5, 2, 0, 'อีเมล์ (ลูกค้า) : -\nบริษัท : บริษัท เอเชีย วาเคชั่น จำกัด\n', 2, '1.10.165.13', '2020-12-30 19:50:12'),
(671, 5, 2, 5, 'หมายเลขรถ/ป้ายทะเบียนรถ : 1111', 2, '118.173.212.30', '2021-01-05 13:11:21'),
(672, 1, 1, 75, 'ไม่ระบุวันที่ : ไม่ใช่\nวันที่เที่ยว / วันที่เดินทาง : 11 January 2021\nผู้ใหญ่ : 2 คน\nเด็ก : 1 คน\nทารก : - คน\nFOC : - คน\nเพิ่มรถรับส่ง : ใช่\nสถานที่รับ : ป่าตอง\nสถานที่ส่ง : Best Western Plus The Beachfront\nโซน : กมลา\nห้องพัก : -\nชาวต่างชาติ : ไม่มี\nจำนวนชาวต่างชาติ : - คน\nราคาเพิ่มเติมสำหรับชาวต่างชาติ : 0 บาท\nราคาสำหรับแก้ไข : 4,150 บาท\nหมายเหตุ : \n\n', 1, '171.97.215.204', '2021-01-08 11:10:39'),
(673, 1, 1, 76, 'ไม่ระบุวันที่ : ไม่ใช่\nวันที่เที่ยว / วันที่เดินทาง : 13 January 2021\nผู้ใหญ่ : 3 คน\nเด็ก : 1 คน\nทารก : - คน\nFOC : - คน\nเพิ่มรถรับส่ง : ไม่ใช่\nสถานที่รับ : ป่าตอง\nสถานที่ส่ง : Best Western Plus The Beachfront\nโซน : ฉลอง\nห้องพัก : -\nชาวต่างชาติ : ไม่มี\nจำนวนชาวต่างชาติ : - คน\nราคาเพิ่มเติมสำหรับชาวต่างชาติ : 0 บาท\nราคาสำหรับแก้ไข : 4,300 บาท\nหมายเหตุ : \n\n', 1, '171.97.215.204', '2021-01-08 11:11:42'),
(674, 1, 1, 77, 'ไม่ระบุวันที่ : ไม่ใช่\nวันที่เที่ยว / วันที่เดินทาง : 14 January 2021\nผู้ใหญ่ : 1 คน\nเด็ก : 2 คน\nทารก : - คน\nFOC : - คน\nเพิ่มรถรับส่ง : ใช่\nสถานที่รับ : คิงพาวเวอร์\nสถานที่ส่ง : Best Western Plus The Beachfront\nโซน : กะทู้\nห้องพัก : -\nชาวต่างชาติ : ไม่มี\nจำนวนชาวต่างชาติ : - คน\nราคาเพิ่มเติมสำหรับชาวต่างชาติ : 0 บาท\nราคาสำหรับแก้ไข : 1,800 บาท\nหมายเหตุ : \n\n', 1, '171.97.215.204', '2021-01-08 11:13:52'),
(675, 1, 1, 78, 'ไม่ระบุวันที่ : ไม่ใช่\nวันที่เที่ยว / วันที่เดินทาง : 16 January 2021\nผู้ใหญ่ : 4 คน\nเด็ก : - คน\nทารก : - คน\nFOC : - คน\nเพิ่มรถรับส่ง : ไม่ใช่\nสถานที่รับ : N/A\nสถานที่ส่ง : N/A\nโซน : -\nห้องพัก : -\nชาวต่างชาติ : ไม่มี\nจำนวนชาวต่างชาติ : - คน\nราคาเพิ่มเติมสำหรับชาวต่างชาติ : 0 บาท\nราคาสำหรับแก้ไข : 3,200 บาท\nหมายเหตุ : \n\n', 1, '171.97.215.204', '2021-01-08 11:14:09'),
(676, 1, 2, 78, 'สถานที่รับ : ตลาดนาคา\nสถานที่ส่ง : Best Western Plus The Beachfront\nหมายเหตุ : \n\n', 1, '171.97.215.204', '2021-01-08 11:14:42');
INSERT INTO `booking_history` (`id`, `booking`, `history_type`, `booking_products`, `description_field`, `employee`, `ip_address`, `create_date`) VALUES
(677, 1, 1, 79, 'ไม่ระบุวันที่ : ไม่ใช่\nวันที่เที่ยว / วันที่เดินทาง : 12 January 2021\nผู้ใหญ่ : 5 คน\nเด็ก : 3 คน\nทารก : - คน\nFOC : - คน\nสถานที่รับ : คิงพาวเวอร์\nสถานที่ส่ง : Best Western Plus The Beachfront\nโซน : กะรน\nห้องพัก : -\nจำนวนคัน : 2 คัน\nจำนวนชั่วโมง : 3 ชั่วโมง\nเวลารับ : 11:15\nเวลาส่ง : 14:15\nราคาสำหรับแก้ไข : 2,000 บาท\nหมายเหตุ : \n\n', 1, '171.97.215.204', '2021-01-08 11:15:38'),
(678, 1, 1, 80, 'ไม่ระบุวันที่ : ไม่ใช่\nวันที่เที่ยว / วันที่เดินทาง : 14 January 2021\nผู้ใหญ่ : 3 คน\nเด็ก : 3 คน\nทารก : - คน\nFOC : - คน\nสถานที่รับ : กะตะธานี ภูเก็ต บีช รีสอร์ท\nสถานที่ส่ง : Best Western Plus The Beachfront\nโซน : -\nห้องพัก : -\nจำนวนคัน : 1 คัน\nจำนวนชั่วโมง : 4 ชั่วโมง\nเวลารับ : 11:16\nเวลาส่ง : 15:16\nราคาสำหรับแก้ไข : 1,000 บาท\nหมายเหตุ : \n\n', 1, '171.97.215.204', '2021-01-08 11:16:30'),
(679, 1, 1, 81, 'ไม่ระบุวันที่ : ไม่ใช่\nวันที่เช็คอิน : 10 January 2021\nวันที่เช็คเอาท์ : 13 January 2021\nผู้ใหญ่ : 4 คน\nเด็ก : 2 คน\nทารก : - คน\nFOC : - คน\nสถานที่รับ : ท่าเรือรัษฏา\nสถานที่ส่ง : Best Western Plus The Beachfront\nโซน : กู้กู\nห้องพัก : -\nจำนวนห้อง : 2 ห้อง\nจำนวนเตียงเสริม : 1 เตียง\nจำนวนแชร์เตียง : - เตียง\nราคาสำหรับแก้ไข : 5,400 บาท\nหมายเหตุ : \n\n', 1, '171.97.215.204', '2021-01-08 11:17:27'),
(680, 1, 1, 82, 'ไม่ระบุวันที่ : ไม่ใช่\nวันที่เช็คอิน : 15 January 2021\nวันที่เช็คเอาท์ : 17 January 2021\nผู้ใหญ่ : 4 คน\nเด็ก : 2 คน\nทารก : - คน\nFOC : - คน\nสถานที่รับ : N/A\nสถานที่ส่ง : N/A\nโซน : -\nห้องพัก : -\nจำนวนห้อง : 2 ห้อง\nจำนวนเตียงเสริม : - เตียง\nจำนวนแชร์เตียง : 2 เตียง\nราคาสำหรับแก้ไข : 4,400 บาท\nหมายเหตุ : \n\n', 1, '171.97.215.204', '2021-01-08 11:18:14'),
(681, 1, 5, 82, 'สถานะการยืนยัน : ยืนยันแล้ว </br>ยืนยันโดย : Admin', 1, '171.97.215.204', '2021-01-08 11:22:06'),
(682, 1, 5, 81, 'สถานะการยืนยัน : ยืนยันแล้ว </br>ยืนยันโดย : Admin', 1, '171.97.215.204', '2021-01-08 11:22:13'),
(683, 1, 5, 80, 'สถานะการยืนยัน : ยืนยันแล้ว </br>ยืนยันโดย : Admin', 1, '171.97.215.204', '2021-01-08 11:22:22'),
(684, 1, 5, 79, 'สถานะการยืนยัน : ยืนยันแล้ว </br>ยืนยันโดย : Admin', 1, '171.97.215.204', '2021-01-08 11:22:31'),
(685, 1, 5, 78, 'สถานะการยืนยัน : ยืนยันแล้ว </br>ยืนยันโดย : Admin', 1, '171.97.215.204', '2021-01-08 11:22:46'),
(686, 1, 5, 77, 'สถานะการยืนยัน : ยืนยันแล้ว </br>ยืนยันโดย : Admin', 1, '171.97.215.204', '2021-01-08 11:22:51'),
(687, 1, 5, 76, 'สถานะการยืนยัน : ยืนยันแล้ว </br>ยืนยันโดย : Admin', 1, '171.97.215.204', '2021-01-08 11:22:59'),
(688, 1, 5, 75, 'สถานะการยืนยัน : ยืนยันแล้ว </br>ยืนยันโดย : Admin', 1, '171.97.215.204', '2021-01-08 11:23:05'),
(689, 1, 5, 76, 'สถานะการยืนยัน(OP) : ยืนยันแล้ว', 1, '171.97.215.204', '2021-01-08 11:41:51'),
(690, 1, 6, 76, 'สถานะการยืนยัน(OP) : ยกเลิกการยืนยันแล้ว', 1, '171.97.215.204', '2021-01-08 11:42:08'),
(691, 1, 2, 79, 'วันที่เที่ยว / วันที่เดินทาง : 13 January 2021\nหมายเหตุ : \n\n', 1, '171.97.215.204', '2021-01-08 11:42:32'),
(692, 1, 2, 75, 'หมายเหตุ : \n\n', 1, '171.97.215.204', '2021-01-08 12:01:36'),
(693, 1, 2, 75, 'หมายเหตุ : \n\n', 1, '171.97.215.204', '2021-01-08 12:01:52'),
(694, 1, 5, 75, 'สถานะการยืนยัน(OP) : ยืนยันแล้ว', 1, '171.97.215.204', '2021-01-08 12:02:25'),
(695, 1, 5, 76, 'สถานะการยืนยัน(OP) : ยืนยันแล้ว', 1, '171.97.215.204', '2021-01-08 12:02:27'),
(696, 1, 5, 77, 'สถานะการยืนยัน(OP) : ยืนยันแล้ว', 1, '171.97.215.204', '2021-01-08 12:02:30'),
(697, 1, 5, 78, 'สถานะการยืนยัน(OP) : ยืนยันแล้ว', 1, '171.97.215.204', '2021-01-08 12:02:31'),
(698, 1, 5, 80, 'สถานะการยืนยัน(OP) : ยืนยันแล้ว', 1, '171.97.215.204', '2021-01-08 12:02:34'),
(699, 1, 5, 79, 'สถานะการยืนยัน(OP) : ยืนยันแล้ว', 1, '171.97.215.204', '2021-01-08 12:02:35'),
(700, 1, 5, 82, 'สถานะการยืนยัน(OP) : ยืนยันแล้ว', 1, '171.97.215.204', '2021-01-08 12:02:38'),
(701, 1, 5, 81, 'สถานะการยืนยัน(OP) : ยืนยันแล้ว', 1, '171.97.215.204', '2021-01-08 12:02:39'),
(702, 1, 6, 81, 'สถานะการยืนยัน(OP) : ยกเลิกการยืนยันแล้ว', 1, '171.97.215.204', '2021-01-08 12:32:01'),
(703, 1, 6, 82, 'สถานะการยืนยัน(OP) : ยกเลิกการยืนยันแล้ว', 1, '171.97.215.204', '2021-01-08 12:32:04'),
(704, 1, 6, 79, 'สถานะการยืนยัน(OP) : ยกเลิกการยืนยันแล้ว', 1, '171.97.215.204', '2021-01-08 12:32:06'),
(705, 1, 6, 80, 'สถานะการยืนยัน(OP) : ยกเลิกการยืนยันแล้ว', 1, '171.97.215.204', '2021-01-08 12:32:09'),
(706, 1, 3, 82, 'สถานะ : ยกเลิกข้อมูล', 1, '171.97.215.204', '2021-01-08 12:32:18'),
(707, 1, 4, 82, 'สถานะ : คืนข้อมูล', 1, '171.97.215.204', '2021-01-08 12:33:54'),
(708, 1, 6, 76, 'สถานะการยืนยัน(OP) : ยกเลิกการยืนยันแล้ว', 2, '118.173.151.175', '2021-01-08 12:58:09'),
(709, 1, 6, 75, 'สถานะการยืนยัน(OP) : ยกเลิกการยืนยันแล้ว', 2, '118.173.151.175', '2021-01-08 13:02:25'),
(710, 1, 6, 77, 'สถานะการยืนยัน(OP) : ยกเลิกการยืนยันแล้ว', 2, '118.173.151.175', '2021-01-08 13:02:29'),
(711, 1, 5, 82, 'สถานะการยืนยัน(OP) : ยืนยันแล้ว', 1, '171.97.215.204', '2021-01-08 13:14:20'),
(712, 1, 5, 81, 'สถานะการยืนยัน(OP) : ยืนยันแล้ว', 1, '171.97.215.204', '2021-01-08 13:14:23'),
(713, 3, 6, 35, 'สถานะการยืนยัน(OP) : ยกเลิกการยืนยันแล้ว', 1, '171.97.215.240', '2021-03-09 10:00:31'),
(714, 3, 5, 35, 'สถานะการยืนยัน(OP) : ยืนยันแล้ว', 1, '171.97.215.240', '2021-03-09 10:00:35'),
(715, 55, 5, 71, 'สถานะการยืนยัน : ยืนยันแล้ว </br>ยืนยันโดย : admin', 2, '101.109.68.11', '2021-04-07 15:32:50'),
(716, 55, 8, 71, 'สถานะการส่งอีเมล์ : ส่งแล้ว </br>ส่งอีเมล์โดย : Andaman Passion (Admin)</br>Remark : ', 2, '101.109.68.11', '2021-04-07 15:33:45');

-- --------------------------------------------------------

--
-- โครงสร้างตาราง `booking_products`
--

CREATE TABLE `booking_products` (
  `id` int(11) NOT NULL,
  `products_type` int(11) NOT NULL,
  `booking` int(11) NOT NULL,
  `date_not_specified` int(11) NOT NULL,
  `travel_date` date NOT NULL COMMENT 'Tour / Activities / Transfer',
  `checkin_date` date NOT NULL COMMENT 'Hotel',
  `checkout_date` date NOT NULL COMMENT 'Hotel',
  `products_category_first` int(11) NOT NULL,
  `products_category_second` int(11) NOT NULL,
  `products_category_third` int(11) NOT NULL,
  `products_category_third_combine` int(11) NOT NULL,
  `adults` int(11) NOT NULL,
  `children` int(11) NOT NULL,
  `infant` int(11) NOT NULL,
  `foc` int(11) NOT NULL,
  `transfer` int(11) NOT NULL COMMENT 'Tour / Activities',
  `no_cars` int(11) NOT NULL COMMENT 'Transfer',
  `no_hours` int(11) NOT NULL COMMENT 'Transfer',
  `no_rooms` int(11) NOT NULL COMMENT 'Hotel',
  `extra_beds` int(11) NOT NULL COMMENT 'Hotel',
  `share_bed` int(11) NOT NULL COMMENT 'Hotel',
  `pickup` varchar(200) CHARACTER SET utf8 COLLATE utf8_unicode_ci NOT NULL COMMENT 'Tour / Activities / Transfer',
  `pickup_time` varchar(100) CHARACTER SET utf8 COLLATE utf8_unicode_ci NOT NULL COMMENT 'Transfer',
  `dropoff` int(11) NOT NULL COMMENT 'Tour / Activities / Transfer',
  `dropoff_time` varchar(100) CHARACTER SET utf8 COLLATE utf8_unicode_ci NOT NULL COMMENT 'Transfer',
  `vans` varchar(100) CHARACTER SET utf8 COLLATE utf8_unicode_ci NOT NULL COMMENT 'Tour / Activities / Transfer',
  `zones` int(11) NOT NULL COMMENT 'Tour / Activities / Transfer',
  `roomno` varchar(100) CHARACTER SET utf8 COLLATE utf8_unicode_ci NOT NULL COMMENT 'Tour / Activities / Transfer',
  `foreigner` int(11) NOT NULL COMMENT 'Tour / Activities',
  `foreigner_no` int(11) NOT NULL COMMENT 'Tour / Activities',
  `foreigner_price` double(15,2) NOT NULL COMMENT 'Tour / Activities',
  `rate_2` double(15,2) NOT NULL COMMENT '(Sale) Price for adult / car / room',
  `rate_4` double(15,2) NOT NULL COMMENT '(Sale) Price for child / Tour / Activities',
  `charter_2` double(15,2) NOT NULL COMMENT '(Sale) Price for charter / Tour',
  `group_2` double(15,2) NOT NULL COMMENT '(Sale) Price for group / Activities',
  `transfer_2` double(15,2) NOT NULL COMMENT '(Sale) Price for transfer / Tour / Activities',
  `extra_hour_2` double(15,2) NOT NULL COMMENT '(Sale) Price for extra hour / Transfer',
  `extrabeds_2` double(15,2) NOT NULL COMMENT '(Sale) Price for extra beds / Hotel',
  `sharingbed_2` double(15,2) NOT NULL COMMENT 'Sale) Price for sharing bed / Hotel',
  `price_default` double(15,2) NOT NULL,
  `price_latest` double(15,2) NOT NULL,
  `pax` int(11) NOT NULL,
  `hours_no` int(11) NOT NULL,
  `notes` text CHARACTER SET utf8 COLLATE utf8_unicode_ci NOT NULL,
  `edit_date` int(11) NOT NULL DEFAULT 2,
  `payments_invoice` int(11) NOT NULL,
  `status_email` int(11) NOT NULL,
  `status_confirm` int(11) NOT NULL,
  `status_confirm_by` varchar(200) CHARACTER SET utf8 COLLATE utf8_unicode_ci NOT NULL,
  `status_confirm_op` int(11) NOT NULL,
  `invoice` int(11) NOT NULL,
  `trash_deleted` int(11) NOT NULL,
  `create_date` datetime NOT NULL,
  `last_edit_time` datetime NOT NULL
) ENGINE=InnoDB DEFAULT CHARSET=utf8mb4 COLLATE=utf8mb4_unicode_ci;

--
-- dump ตาราง `booking_products`
--

INSERT INTO `booking_products` (`id`, `products_type`, `booking`, `date_not_specified`, `travel_date`, `checkin_date`, `checkout_date`, `products_category_first`, `products_category_second`, `products_category_third`, `products_category_third_combine`, `adults`, `children`, `infant`, `foc`, `transfer`, `no_cars`, `no_hours`, `no_rooms`, `extra_beds`, `share_bed`, `pickup`, `pickup_time`, `dropoff`, `dropoff_time`, `vans`, `zones`, `roomno`, `foreigner`, `foreigner_no`, `foreigner_price`, `rate_2`, `rate_4`, `charter_2`, `group_2`, `transfer_2`, `extra_hour_2`, `extrabeds_2`, `sharingbed_2`, `price_default`, `price_latest`, `pax`, `hours_no`, `notes`, `edit_date`, `payments_invoice`, `status_email`, `status_confirm`, `status_confirm_by`, `status_confirm_op`, `invoice`, `trash_deleted`, `create_date`, `last_edit_time`) VALUES
(1, 1, 1, 2, '2020-11-11', '2000-01-01', '2000-01-01', 1, 1, 1, 0, 2, 0, 0, 0, 2, 0, 0, 0, 0, 0, 'N/A', '18:35', 1, '07:35 PM', 'กก-9999', 0, '', 2, 0, 0.00, 2900.00, 0.00, 0.00, 0.00, 0.00, 0.00, 0.00, 0.00, 5800.00, 5800.00, 0, 0, '', 2, 0, 1, 1, 'Admin', 1, 0, 0, '2020-11-11 18:39:05', '2020-11-18 12:02:27'),
(2, 1, 2, 2, '2020-11-11', '2000-01-01', '2000-01-01', 1, 1, 1, 0, 2, 1, 0, 0, 2, 0, 0, 0, 0, 0, 'N/A', '19:17', 1, '08:17 PM', '', 0, '', 2, 0, 0.00, 2900.00, 2400.00, 0.00, 0.00, 0.00, 0.00, 0.00, 0.00, 8200.00, 8200.00, 0, 0, '', 2, 0, 2, 1, 'admin', 1, 0, 0, '2020-11-11 19:18:08', '2020-11-18 12:01:42'),
(3, 1, 3, 2, '2020-11-13', '2000-01-01', '2000-01-01', 2, 2, 0, 1, 3, 2, 0, 0, 1, 0, 0, 0, 0, 0, 'เมือง', '14:34', 1, '03:34 PM', '', 11, 'A201', 2, 0, 0.00, 2000.00, 1000.00, 0.00, 0.00, 500.00, 0.00, 0.00, 0.00, 10500.00, 10500.00, 0, 0, 'Test', 2, 0, 3, 1, 'Admin', 1, 0, 0, '2020-11-13 14:36:32', '2020-11-18 15:16:56'),
(4, 1, 4, 2, '2020-11-13', '2000-01-01', '2000-01-01', 2, 2, 2, 0, 3, 2, 0, 0, 1, 0, 0, 0, 0, 0, 'เมือง', '16:00', 1, '05:00 PM', 'P20', 11, 'A26', 2, 0, 0.00, 1200.00, 700.00, 0.00, 0.00, 350.00, 0.00, 0.00, 0.00, 6750.00, 6750.00, 0, 0, '', 2, 0, 3, 1, 'Admin', 1, 1, 0, '2020-11-13 14:49:38', '2020-11-18 12:02:37'),
(5, 1, 5, 2, '2021-01-09', '2000-01-01', '2000-01-01', 3, 3, 3, 0, 2, 0, 0, 0, 2, 0, 0, 0, 0, 0, 'N/A', '10:44', 1, '11:44 AM', '1111', 0, '', 2, 0, 0.00, 1999.00, 0.00, 0.00, 0.00, 0.00, 0.00, 0.00, 0.00, 3998.00, 3198.00, 0, 0, 'ปรับปรุงหรือยิง', 2, 0, 3, 1, 'admin', 0, 0, 0, '2020-11-17 10:46:16', '2020-11-18 12:03:23'),
(6, 1, 6, 2, '2020-11-19', '2000-01-01', '2000-01-01', 1, 1, 1, 0, 0, 0, 0, 3, 1, 0, 0, 0, 0, 0, 'เมือง', '06:40', 1, '07:40 AM', 'P1', 5, 'A102', 2, 0, 0.00, 0.00, 0.00, 0.00, 0.00, 0.00, 0.00, 0.00, 0.00, 0.00, 0.00, 0, 0, '', 2, 0, 2, 1, 'Admin', 1, 0, 0, '2020-11-18 11:48:24', '2020-12-04 16:48:10'),
(7, 1, 6, 2, '2020-11-20', '2000-01-01', '2000-01-01', 3, 3, 3, 0, 0, 0, 0, 3, 1, 0, 0, 0, 0, 0, 'เมือง', '13:00', 2, '02:00 PM', 'P5', 24, '', 2, 0, 0.00, 0.00, 0.00, 0.00, 0.00, 0.00, 0.00, 0.00, 0.00, 0.00, 0.00, 0, 0, '', 2, 0, 1, 1, 'Admin', 1, 0, 0, '2020-11-18 11:49:48', '2020-12-04 16:48:18'),
(8, 2, 6, 2, '2020-11-20', '2000-01-01', '2000-01-01', 4, 4, 4, 0, 0, 0, 0, 2, 1, 0, 0, 0, 0, 0, 'ป่าตอง', '12:00', 2, '01:00 PM', 'P6', 11, '', 2, 0, 0.00, 0.00, 0.00, 0.00, 0.00, 0.00, 0.00, 0.00, 0.00, 0.00, 0.00, 0, 0, 'Test Detail Activity', 2, 0, 3, 1, 'Admin', 1, 0, 0, '2020-11-18 11:57:04', '2020-12-04 16:48:27'),
(9, 4, 6, 2, '2000-01-01', '2020-11-21', '2020-11-24', 6, 6, 6, 0, 0, 0, 0, 1, 2, 0, 0, 1, 1, 0, 'กะตะ', '11:57', 1, '12:57 PM', '', 8, '', 2, 0, 0.00, 0.00, 0.00, 0.00, 0.00, 0.00, 0.00, 0.00, 0.00, 0.00, 0.00, 0, 0, 'Test Detail Hotel', 2, 0, 2, 1, 'Admin', 1, 0, 0, '2020-11-18 11:57:56', '2020-12-04 16:47:02'),
(10, 3, 6, 2, '2020-11-21', '2000-01-01', '2000-01-01', 5, 5, 5, 0, 0, 0, 0, 2, 2, 2, 7, 0, 0, 0, 'เมือง', '14:27', 1, '09:27 PM', 'P13', 24, '', 2, 0, 0.00, 0.00, 0.00, 0.00, 0.00, 0.00, 0.00, 0.00, 0.00, 0.00, 0.00, 0, 0, 'Test Detail Transfer', 2, 0, 3, 1, 'Admin', 1, 0, 0, '2020-11-18 14:27:54', '2020-12-04 16:48:35'),
(11, 1, 7, 2, '2020-11-18', '2000-01-01', '2000-01-01', 1, 1, 1, 0, 2, 0, 0, 0, 2, 0, 0, 0, 0, 0, 'เมือง', '15:34', 2, '04:34 PM', '', 0, '', 2, 0, 0.00, 2900.00, 0.00, 0.00, 0.00, 0.00, 0.00, 0.00, 0.00, 5800.00, 5800.00, 0, 0, '', 2, 0, 3, 1, 'Admin', 1, 0, 0, '2020-11-18 15:34:51', '2020-11-18 15:38:53'),
(12, 1, 7, 2, '2020-11-21', '2000-01-01', '2000-01-01', 3, 3, 3, 0, 2, 0, 0, 0, 2, 0, 0, 0, 0, 0, 'เมือง', '15:34', 1, '04:34 PM', '', 0, '', 2, 0, 0.00, 1999.00, 0.00, 0.00, 0.00, 0.00, 0.00, 0.00, 0.00, 3998.00, 3998.00, 0, 0, 'Test Detail\r\nTest Detail', 2, 0, 1, 1, 'Admin', 1, 0, 0, '2020-11-18 15:35:14', '2020-11-24 17:30:13'),
(13, 1, 6, 2, '2020-11-25', '2000-01-01', '2000-01-01', 2, 2, 2, 0, 2, 2, 0, 0, 2, 0, 0, 0, 0, 0, 'N/A', '13:02', 0, '02:02 PM', '', 0, '', 2, 0, 0.00, 1200.00, 700.00, 0.00, 0.00, 0.00, 0.00, 0.00, 0.00, 3800.00, 3800.00, 0, 0, 'Test Detail Tours', 2, 0, 3, 1, 'Admin', 1, 0, 0, '2020-11-25 13:03:02', '2020-11-25 14:11:33'),
(14, 1, 10, 2, '2020-12-07', '2000-01-01', '2000-01-01', 1, 1, 1, 0, 2, 0, 0, 0, 2, 0, 0, 0, 0, 0, 'N/A', '10:27', 0, '11:27 AM', '', 0, '', 2, 0, 0.00, 2900.00, 0.00, 0.00, 0.00, 0.00, 0.00, 0.00, 0.00, 5800.00, 5800.00, 0, 0, '', 2, 0, 2, 2, '', 2, 0, 1, '2020-12-07 10:28:21', '2020-12-07 10:28:21'),
(15, 1, 11, 2, '2020-12-13', '2000-01-01', '2000-01-01', 3, 3, 3, 0, 4, 0, 0, 0, 2, 0, 0, 0, 0, 0, 'N/A', '17:02', 0, '18:02', '', 0, '', 2, 0, 0.00, 1999.00, 0.00, 0.00, 0.00, 0.00, 0.00, 0.00, 0.00, 7996.00, 7996.00, 0, 0, '', 2, 0, 2, 2, '', 2, 0, 0, '2020-12-13 17:03:35', '2020-12-15 13:40:46'),
(16, 1, 12, 2, '2020-12-15', '2000-01-01', '2000-01-01', 3, 3, 3, 0, 1, 0, 0, 0, 2, 0, 0, 0, 0, 0, 'N/A', '17:49', 0, '18:49', '', 0, '', 2, 0, 0.00, 1999.00, 0.00, 0.00, 0.00, 0.00, 0.00, 0.00, 0.00, 1999.00, 1999.00, 0, 0, '', 2, 0, 2, 2, '', 2, 0, 0, '2020-12-13 17:50:47', '2020-12-14 14:47:17'),
(17, 1, 13, 2, '2020-12-15', '2000-01-01', '2000-01-01', 3, 3, 3, 0, 7, 0, 0, 0, 2, 0, 0, 0, 0, 0, 'N/A Anantara  Layan', '18:17', 1, '19:17', '', 17, '', 2, 0, 0.00, 1999.00, 0.00, 0.00, 0.00, 0.00, 0.00, 0.00, 0.00, 13993.00, 12000.00, 0, 0, 'โปร TTT57', 2, 0, 2, 2, '', 2, 0, 0, '2020-12-13 18:21:35', '2020-12-14 10:25:57'),
(18, 1, 14, 2, '2020-12-18', '2000-01-01', '2000-01-01', 3, 3, 3, 0, 2, 0, 0, 0, 2, 0, 0, 0, 0, 0, 'N/A', '15:02', 0, '16:02', '', 0, '', 2, 0, 0.00, 1999.00, 0.00, 0.00, 0.00, 0.00, 0.00, 0.00, 0.00, 3998.00, 3998.00, 0, 0, '', 2, 0, 1, 1, 'admin', 2, 0, 0, '2020-12-16 15:03:53', '2020-12-16 15:03:53'),
(19, 1, 15, 2, '2020-12-18', '2000-01-01', '2000-01-01', 7, 7, 7, 0, 5, 0, 0, 0, 2, 0, 0, 0, 0, 0, 'N/A', '15:09', 0, '16:09', '', 0, '', 2, 0, 0.00, 1999.00, 0.00, 0.00, 0.00, 0.00, 0.00, 0.00, 0.00, 9995.00, 9995.00, 0, 0, '', 2, 0, 2, 2, '', 2, 0, 0, '2020-12-16 15:10:03', '2020-12-16 15:30:11'),
(20, 1, 16, 2, '2020-12-16', '2000-01-01', '2000-01-01', 7, 7, 7, 0, 2, 0, 0, 0, 1, 0, 0, 0, 0, 0, 'N/Aพลูแมน ในทอน', '15:37', 3, '16:37', '', 18, '', 2, 0, 0.00, 1999.00, 0.00, 0.00, 0.00, 200.00, 0.00, 0.00, 0.00, 4398.00, 4398.00, 0, 0, '', 2, 0, 2, 2, '', 2, 0, 0, '2020-12-16 15:39:30', '2020-12-16 15:40:33'),
(21, 1, 17, 2, '2020-12-16', '2000-01-01', '2000-01-01', 7, 7, 7, 0, 0, 0, 0, 2, 2, 0, 0, 0, 0, 0, 'N/A', '15:43', 0, '16:43', '', 0, '', 2, 0, 0.00, 0.00, 0.00, 0.00, 0.00, 0.00, 0.00, 0.00, 0.00, 0.00, 0.00, 0, 0, '', 2, 0, 2, 2, '', 2, 0, 0, '2020-12-16 15:49:42', '2020-12-16 15:49:42'),
(22, 1, 18, 2, '2020-12-18', '2000-01-01', '2000-01-01', 7, 7, 7, 0, 4, 0, 0, 0, 2, 0, 0, 0, 0, 0, 'N/A', '15:52', 0, '16:52', '', 0, '', 2, 0, 0.00, 1999.00, 0.00, 0.00, 0.00, 0.00, 0.00, 0.00, 0.00, 7996.00, 7996.00, 0, 0, '', 2, 0, 2, 2, '', 2, 0, 0, '2020-12-16 15:53:32', '2020-12-16 15:53:32'),
(23, 1, 19, 2, '2020-12-16', '2000-01-01', '2000-01-01', 7, 7, 7, 0, 4, 0, 0, 0, 2, 0, 0, 0, 0, 0, 'N/A', '15:57', 0, '16:57', '', 0, '', 2, 0, 0.00, 1999.00, 0.00, 0.00, 0.00, 0.00, 0.00, 0.00, 0.00, 7996.00, 7996.00, 0, 0, '', 2, 0, 2, 2, '', 2, 0, 0, '2020-12-16 15:58:17', '2020-12-16 15:58:17'),
(24, 1, 20, 2, '2020-12-18', '2000-01-01', '2000-01-01', 7, 7, 7, 0, 4, 0, 0, 0, 2, 0, 0, 0, 0, 0, 'N/A', '16:01', 0, '17:01', '', 0, '', 2, 0, 0.00, 1999.00, 0.00, 0.00, 0.00, 0.00, 0.00, 0.00, 0.00, 7996.00, 7996.00, 0, 0, '', 2, 0, 2, 2, '', 2, 0, 0, '2020-12-16 16:02:03', '2020-12-16 16:05:00'),
(25, 1, 21, 2, '2020-12-18', '2000-01-01', '2000-01-01', 7, 7, 7, 0, 4, 0, 0, 0, 1, 0, 0, 0, 0, 0, 'N/A Anantara  vacation Club  Maikhao', '16:08', 4, '17:08', '', 20, '', 2, 0, 0.00, 1999.00, 0.00, 0.00, 0.00, 200.00, 0.00, 0.00, 0.00, 8796.00, 8796.00, 0, 0, '', 2, 0, 2, 1, 'admin', 2, 0, 0, '2020-12-16 16:10:43', '2020-12-16 16:10:43'),
(26, 1, 22, 2, '2020-12-18', '2000-01-01', '2000-01-01', 7, 213, 213, 0, 4, 0, 0, 0, 1, 0, 0, 0, 0, 0, 'N/Aแมริออท ในยาง', '16:32', 5, '17:32', '', 19, '', 2, 0, 0.00, 1599.00, 0.00, 0.00, 0.00, 200.00, 0.00, 0.00, 0.00, 7196.00, 7196.00, 0, 0, '', 2, 0, 2, 2, '', 2, 0, 0, '2020-12-16 16:34:10', '2020-12-16 16:36:51'),
(27, 1, 23, 2, '2020-12-17', '2000-01-01', '2000-01-01', 7, 7, 7, 0, 2, 0, 0, 0, 2, 0, 0, 0, 0, 0, 'N/A', '12:53', 0, '13:53', '', 0, '', 2, 0, 0.00, 1999.00, 0.00, 0.00, 0.00, 0.00, 0.00, 0.00, 0.00, 3998.00, 3998.00, 0, 0, '', 2, 0, 2, 2, '', 2, 0, 0, '2020-12-17 12:53:52', '2020-12-17 12:53:52'),
(28, 1, 7, 2, '2020-12-18', '2000-01-01', '2000-01-01', 8, 10, 9, 0, 2, 0, 0, 0, 2, 0, 0, 0, 0, 0, '2', '13:10', 1, '14:10', '', 0, '', 2, 0, 0.00, 1899.00, 0.00, 0.00, 0.00, 0.00, 0.00, 0.00, 0.00, 3798.00, 3798.00, 0, 0, '', 2, 0, 2, 1, 'Admin', 1, 1, 0, '2020-12-18 13:10:59', '2020-12-18 13:10:59'),
(29, 1, 1, 2, '2020-12-23', '2000-01-01', '2000-01-01', 7, 213, 213, 0, 2, 0, 0, 0, 1, 0, 0, 0, 0, 0, '9', '12:21', 1, '13:21', '', 0, '', 2, 0, 0.00, 1599.00, 0.00, 0.00, 0.00, 200.00, 0.00, 0.00, 0.00, 3598.00, 3598.00, 0, 0, '', 2, 0, 3, 1, 'Admin', 1, 0, 0, '2020-12-24 12:26:17', '2020-12-24 12:26:17'),
(30, 1, 1, 2, '2020-12-23', '2000-01-01', '2000-01-01', 10, 13, 13, 0, 2, 1, 0, 0, 2, 0, 0, 0, 0, 0, '6', '12:26', 1, '13:26', '', 25, 'A102', 2, 0, 0.00, 2900.00, 2400.00, 0.00, 0.00, 0.00, 0.00, 0.00, 0.00, 8200.00, 5200.00, 0, 0, '', 2, 0, 1, 1, 'Admin', 1, 0, 0, '2020-12-24 12:27:40', '2020-12-24 12:27:58'),
(31, 2, 1, 2, '2020-12-23', '2000-01-01', '2000-01-01', 4, 4, 4, 0, 1, 2, 0, 0, 2, 0, 0, 0, 0, 0, '2', '12:28', 9, '13:28', '', 0, '', 2, 0, 0.00, 800.00, 500.00, 0.00, 0.00, 0.00, 0.00, 0.00, 0.00, 1800.00, 1800.00, 0, 0, '', 2, 0, 1, 1, 'Admin', 1, 0, 0, '2020-12-24 12:31:36', '2020-12-24 12:37:20'),
(32, 3, 4, 2, '2020-12-23', '2000-01-01', '2000-01-01', 5, 5, 5, 0, 0, 0, 0, 2, 2, 1, 1, 0, 0, 0, '3', '12:31', 1, '13:31', '', 0, '', 2, 0, 0.00, 0.00, 0.00, 0.00, 0.00, 0.00, 0.00, 0.00, 0.00, 0.00, 0.00, 0, 0, '', 2, 0, 1, 1, 'Admin', 1, 1, 0, '2020-12-24 12:32:15', '2020-12-24 12:32:35'),
(33, 4, 4, 2, '2000-01-01', '2020-12-22', '2020-12-23', 6, 6, 6, 0, 1, 1, 0, 1, 2, 0, 0, 1, 0, 0, '4', '12:32', 5, '13:32', '', 24, '', 2, 0, 0.00, 700.00, 0.00, 0.00, 0.00, 0.00, 0.00, 0.00, 0.00, 700.00, 700.00, 0, 0, '', 2, 0, 2, 1, 'Admin', 1, 1, 0, '2020-12-24 12:33:19', '2020-12-24 12:33:19'),
(34, 2, 3, 2, '2020-12-23', '2000-01-01', '2000-01-01', 4, 4, 4, 0, 1, 2, 0, 1, 1, 0, 0, 0, 0, 0, '9', '12:34', 6, '13:34', '', 15, '', 2, 0, 0.00, 800.00, 500.00, 0.00, 0.00, 0.00, 0.00, 0.00, 0.00, 1800.00, 1800.00, 0, 0, '', 2, 0, 2, 1, 'Admin', 1, 0, 0, '2020-12-24 12:34:41', '2020-12-24 12:34:41'),
(35, 3, 3, 2, '2020-12-23', '2000-01-01', '2000-01-01', 5, 5, 0, 4, 0, 0, 0, 1, 2, 1, 1, 0, 0, 0, '7', '12:36', 3, '13:36', '', 24, '', 2, 0, 0.00, 0.00, 0.00, 0.00, 0.00, 0.00, 0.00, 0.00, 0.00, 0.00, 0.00, 0, 0, '', 2, 0, 1, 1, 'Admin', 1, 0, 0, '2020-12-24 12:36:49', '2020-12-24 12:36:49'),
(36, 1, 25, 2, '2020-12-28', '2000-01-01', '2000-01-01', 7, 213, 213, 0, 2, 0, 0, 0, 2, 0, 0, 0, 0, 0, '13', '12:07', 9, '01:07 PM', '', 0, '', 2, 0, 0.00, 1599.00, 0.00, 0.00, 0.00, 0.00, 0.00, 0.00, 0.00, 3198.00, 3198.00, 0, 0, '', 2, 0, 2, 1, 'admin', 2, 0, 0, '2020-12-26 12:15:14', '2020-12-28 17:44:20'),
(37, 2, 25, 2, '2020-12-28', '2000-01-01', '2000-01-01', 18, 214, 214, 0, 1, 0, 0, 0, 2, 0, 0, 0, 0, 0, '0', '12:23', 0, '13:23', '', 0, '', 2, 0, 0.00, 1500.00, 0.00, 0.00, 0.00, 0.00, 0.00, 0.00, 0.00, 1500.00, 1500.00, 0, 0, '', 2, 0, 2, 2, '', 2, 0, 0, '2020-12-26 12:25:38', '2020-12-26 12:25:38'),
(38, 1, 26, 2, '2020-12-28', '2000-01-01', '2000-01-01', 8, 10, 9, 0, 4, 1, 1, 0, 1, 0, 0, 0, 0, 0, '0', '12:29', 10, '13:29', '', 20, '', 2, 0, 0.00, 1899.00, 1359.00, 0.00, 0.00, 300.00, 0.00, 0.00, 0.00, 10455.00, 10455.00, 0, 0, '', 2, 0, 2, 2, '', 2, 0, 0, '2020-12-26 12:34:43', '2020-12-26 12:34:43'),
(39, 1, 27, 2, '2020-12-28', '2000-01-01', '2000-01-01', 8, 10, 9, 0, 2, 0, 0, 0, 2, 0, 0, 0, 0, 0, '0', '12:47', 0, '13:47', '', 0, '', 2, 0, 0.00, 1899.00, 0.00, 0.00, 0.00, 0.00, 0.00, 0.00, 0.00, 3798.00, 3798.00, 0, 0, '', 2, 0, 2, 2, '', 2, 0, 0, '2020-12-26 12:48:12', '2020-12-26 12:48:42'),
(40, 1, 28, 2, '2020-12-28', '2000-01-01', '2000-01-01', 7, 7, 7, 0, 3, 0, 0, 0, 2, 0, 0, 0, 0, 0, '0', '12:55', 0, '13:55', '', 0, '', 2, 0, 0.00, 1999.00, 0.00, 0.00, 0.00, 0.00, 0.00, 0.00, 0.00, 5997.00, 5997.00, 0, 0, '', 2, 0, 2, 2, '', 2, 0, 0, '2020-12-26 12:55:38', '2020-12-26 13:03:06'),
(41, 1, 29, 2, '2020-12-28', '2000-01-01', '2000-01-01', 7, 7, 7, 0, 4, 0, 0, 0, 2, 0, 0, 0, 0, 0, '0', '13:05', 0, '14:05', '', 0, '', 2, 0, 0.00, 1999.00, 0.00, 0.00, 0.00, 0.00, 0.00, 0.00, 0.00, 7996.00, 7996.00, 0, 0, '', 2, 0, 2, 2, '', 2, 0, 0, '2020-12-26 13:07:46', '2020-12-26 13:07:46'),
(42, 2, 29, 2, '2020-12-28', '2000-01-01', '2000-01-01', 18, 214, 214, 0, 1, 0, 0, 0, 2, 0, 0, 0, 0, 0, '0', '13:08', 0, '14:08', '', 0, '', 2, 0, 0.00, 1500.00, 0.00, 0.00, 0.00, 0.00, 0.00, 0.00, 0.00, 1500.00, 1500.00, 0, 0, '', 2, 0, 2, 2, '', 2, 0, 0, '2020-12-26 13:09:05', '2020-12-26 13:09:05'),
(43, 1, 31, 2, '2020-12-28', '2000-01-01', '2000-01-01', 7, 7, 7, 0, 2, 1, 0, 0, 1, 0, 0, 0, 0, 0, '12', '15:33', 13, '16:33', '', 2, '', 2, 0, 0.00, 1999.00, 1699.00, 0.00, 0.00, 200.00, 0.00, 0.00, 0.00, 6297.00, 6297.00, 0, 0, '', 2, 0, 2, 2, '', 2, 0, 0, '2020-12-26 15:39:55', '2020-12-26 15:39:55'),
(44, 1, 32, 2, '2020-12-28', '2000-01-01', '2000-01-01', 7, 7, 0, 6, 2, 0, 0, 0, 2, 0, 0, 0, 0, 0, '0', '17:08', 0, '18:08', '', 0, '', 2, 0, 0.00, 1799.00, 0.00, 0.00, 0.00, 0.00, 0.00, 0.00, 0.00, 3598.00, 3598.00, 0, 0, '', 2, 0, 2, 2, '', 2, 0, 0, '2020-12-26 17:09:17', '2020-12-26 17:09:17'),
(45, 1, 33, 2, '2020-12-28', '2000-01-01', '2000-01-01', 7, 7, 0, 6, 2, 0, 0, 0, 2, 0, 0, 0, 0, 0, '0', '17:15', 0, '18:15', '', 0, '', 2, 0, 0.00, 1799.00, 0.00, 0.00, 0.00, 0.00, 0.00, 0.00, 0.00, 3598.00, 3598.00, 0, 0, '', 2, 0, 2, 2, '', 2, 0, 0, '2020-12-26 17:16:04', '2020-12-26 17:16:04'),
(46, 1, 34, 2, '2020-12-28', '2000-01-01', '2000-01-01', 7, 7, 7, 0, 2, 0, 0, 0, 2, 0, 0, 0, 0, 0, '0', '17:22', 0, '18:22', '', 0, '', 2, 0, 0.00, 1999.00, 0.00, 0.00, 0.00, 0.00, 0.00, 0.00, 0.00, 3998.00, 3998.00, 0, 0, '', 2, 0, 2, 2, '', 2, 0, 0, '2020-12-26 17:23:18', '2020-12-26 17:23:18'),
(47, 1, 35, 2, '2020-12-28', '2000-01-01', '2000-01-01', 7, 7, 7, 0, 3, 0, 0, 0, 1, 0, 0, 0, 0, 0, '15', '17:26', 14, '18:26', '', 8, '', 2, 0, 0.00, 1999.00, 0.00, 0.00, 0.00, 200.00, 0.00, 0.00, 0.00, 6597.00, 6597.00, 0, 0, '', 2, 0, 2, 2, '', 2, 0, 0, '2020-12-26 17:29:35', '2020-12-26 17:29:35'),
(48, 1, 10, 2, '2020-12-29', '2000-01-01', '2000-01-01', 2, 2, 2, 0, 2, 0, 0, 1, 1, 0, 0, 0, 0, 0, '2', '15:28', 1, '16:28', '', 26, '', 2, 0, 0.00, 1200.00, 0.00, 0.00, 0.00, 350.00, 0.00, 0.00, 0.00, 3100.00, 3100.00, 0, 0, '', 2, 0, 2, 2, '', 2, 0, 1, '2020-12-29 15:28:50', '2020-12-29 15:28:50'),
(49, 2, 10, 2, '2020-12-29', '2000-01-01', '2000-01-01', 4, 4, 4, 0, 2, 0, 0, 1, 2, 0, 0, 0, 0, 0, '4', '15:28', 6, '16:28', '', 0, '', 2, 0, 0.00, 800.00, 0.00, 0.00, 0.00, 0.00, 0.00, 0.00, 0.00, 1600.00, 1600.00, 0, 0, '', 2, 0, 2, 2, '', 2, 0, 1, '2020-12-29 15:29:15', '2020-12-29 15:29:15'),
(50, 3, 10, 2, '2020-12-29', '2000-01-01', '2000-01-01', 5, 5, 5, 0, 2, 0, 0, 1, 2, 1, 1, 0, 0, 0, '1', '15:29', 2, '16:29', '', 0, '', 2, 0, 0.00, 1000.00, 0.00, 0.00, 0.00, 0.00, 0.00, 0.00, 0.00, 1000.00, 1000.00, 0, 5, '', 2, 0, 2, 2, '', 2, 0, 1, '2020-12-29 15:29:44', '2020-12-29 15:29:44'),
(51, 1, 37, 2, '2021-01-01', '2000-01-01', '2000-01-01', 7, 7, 7, 0, 4, 0, 0, 0, 2, 0, 0, 0, 0, 0, '0', '15:33', 0, '16:33', '', 0, '', 2, 0, 0.00, 1999.00, 0.00, 0.00, 0.00, 0.00, 0.00, 0.00, 0.00, 7996.00, 7996.00, 0, 0, '', 2, 0, 2, 2, '', 2, 0, 0, '2020-12-29 15:34:15', '2020-12-29 15:34:15'),
(52, 1, 38, 2, '2021-01-01', '2000-01-01', '2000-01-01', 7, 215, 215, 0, 1, 0, 0, 0, 1, 0, 0, 0, 0, 0, '16', '15:58', 17, '16:58', '', 11, '', 1, 0, 400.00, 1999.00, 0.00, 0.00, 0.00, 200.00, 0.00, 0.00, 0.00, 2599.00, 2599.00, 0, 0, '', 2, 0, 2, 2, '', 2, 0, 0, '2020-12-29 16:00:32', '2020-12-29 16:00:32'),
(53, 1, 39, 2, '2021-01-01', '2000-01-01', '2000-01-01', 7, 7, 7, 0, 2, 0, 0, 0, 2, 0, 0, 0, 0, 0, '0', '16:08', 0, '17:08', '', 0, '', 2, 0, 0.00, 1999.00, 0.00, 0.00, 0.00, 0.00, 0.00, 0.00, 0.00, 3998.00, 3998.00, 0, 0, '', 2, 0, 2, 2, '', 2, 0, 0, '2020-12-29 16:09:20', '2020-12-29 16:09:20'),
(54, 1, 40, 2, '2021-01-01', '2000-01-01', '2000-01-01', 7, 7, 7, 0, 2, 0, 0, 0, 2, 0, 0, 0, 0, 0, '0', '16:38', 0, '17:38', '', 0, '', 2, 0, 0.00, 1999.00, 0.00, 0.00, 0.00, 0.00, 0.00, 0.00, 0.00, 3998.00, 3998.00, 0, 0, '', 2, 0, 2, 2, '', 2, 0, 0, '2020-12-29 16:38:57', '2020-12-29 16:38:57'),
(55, 1, 40, 2, '2021-01-02', '2000-01-01', '2000-01-01', 19, 216, 216, 0, 2, 0, 0, 0, 2, 0, 0, 0, 0, 0, '0', '16:39', 0, '17:39', '', 0, '', 2, 0, 0.00, 1490.00, 0.00, 0.00, 0.00, 0.00, 0.00, 0.00, 0.00, 2980.00, 2980.00, 0, 0, '', 2, 0, 2, 2, '', 2, 0, 0, '2020-12-29 16:39:54', '2020-12-29 16:39:54'),
(56, 1, 41, 2, '2021-01-01', '2000-01-01', '2000-01-01', 7, 7, 0, 8, 8, 2, 0, 0, 2, 0, 0, 0, 0, 0, '0', '17:21', 0, '18:21', '', 0, '', 2, 0, 0.00, 1799.00, 1529.00, 0.00, 0.00, 0.00, 0.00, 0.00, 0.00, 17450.00, 17450.00, 0, 0, '', 2, 0, 2, 2, '', 2, 0, 0, '2020-12-29 17:23:42', '2020-12-29 17:23:42'),
(57, 1, 42, 2, '2021-01-01', '2000-01-01', '2000-01-01', 7, 215, 215, 0, 2, 2, 0, 0, 2, 0, 0, 0, 0, 0, '0', '17:33', 0, '18:33', '', 0, '', 2, 0, 0.00, 1999.00, 1699.00, 0.00, 0.00, 0.00, 0.00, 0.00, 0.00, 7396.00, 7396.00, 0, 0, '', 2, 0, 2, 2, '', 2, 0, 0, '2020-12-29 17:33:54', '2020-12-29 17:33:54'),
(58, 1, 43, 2, '2021-01-01', '2000-01-01', '2000-01-01', 7, 7, 7, 0, 5, 1, 0, 0, 1, 0, 0, 0, 0, 0, '18', '17:37', 19, '18:37', '', 20, '', 2, 0, 0.00, 1999.00, 1699.00, 0.00, 0.00, 200.00, 0.00, 0.00, 0.00, 12894.00, 12894.00, 0, 0, '', 2, 0, 2, 2, '', 2, 0, 0, '2020-12-29 17:40:43', '2020-12-29 17:40:43'),
(59, 1, 44, 2, '2020-12-29', '2000-01-01', '2000-01-01', 7, 7, 7, 0, 6, 0, 0, 0, 2, 0, 0, 0, 0, 0, '0', '17:56', 0, '18:56', '', 0, '', 2, 0, 0.00, 1999.00, 0.00, 0.00, 0.00, 0.00, 0.00, 0.00, 0.00, 11994.00, 11994.00, 0, 0, '', 2, 0, 2, 2, '', 2, 0, 0, '2020-12-29 17:56:52', '2020-12-29 17:56:52'),
(60, 1, 45, 2, '2021-01-01', '2000-01-01', '2000-01-01', 7, 7, 7, 0, 2, 0, 0, 0, 1, 0, 0, 0, 0, 0, '21', '17:59', 20, '18:59', '', 16, '', 1, 1, 400.00, 1999.00, 0.00, 0.00, 0.00, 200.00, 0.00, 0.00, 0.00, 4798.00, 4798.00, 0, 0, '', 2, 0, 2, 2, '', 2, 0, 0, '2020-12-29 18:02:33', '2020-12-29 18:02:33'),
(61, 1, 46, 2, '2020-12-29', '2000-01-01', '2000-01-01', 7, 215, 0, 9, 4, 0, 0, 0, 1, 0, 0, 0, 0, 0, '22', '18:10', 23, '19:10', '', 13, '', 2, 0, 0.00, 1700.00, 0.00, 0.00, 0.00, 200.00, 0.00, 0.00, 0.00, 7600.00, 7600.00, 0, 0, 'ฝากไกด์เก็บเงินลูกค้า ค่ารถ รับ-ส่ง 800 บาท', 2, 0, 2, 2, '', 2, 0, 0, '2020-12-29 18:12:34', '2020-12-29 18:14:07'),
(62, 1, 47, 2, '2021-01-01', '2000-01-01', '2000-01-01', 7, 7, 0, 3, 4, 0, 0, 0, 1, 0, 0, 0, 0, 0, '22', '18:15', 23, '19:15', '', 13, '', 2, 0, 0.00, 1700.00, 0.00, 0.00, 0.00, 200.00, 0.00, 0.00, 0.00, 7600.00, 7600.00, 0, 0, 'ฝากไกด์เก็บเงิน ค่ารถรับ-ส่ง 800 บาท', 2, 0, 2, 2, '', 2, 0, 0, '2020-12-29 18:20:04', '2020-12-29 18:20:04'),
(63, 1, 48, 2, '2021-01-01', '2000-01-01', '2000-01-01', 7, 7, 0, 3, 4, 0, 0, 0, 1, 0, 0, 0, 0, 0, '22', '18:21', 23, '19:21', '', 13, '', 2, 0, 0.00, 1700.00, 0.00, 0.00, 0.00, 200.00, 0.00, 0.00, 0.00, 7600.00, 7600.00, 0, 0, 'ฝากไกด์เก็บเงินลูกค้าหน้างาน  800 บาท', 2, 0, 2, 2, '', 2, 0, 0, '2020-12-29 18:23:37', '2020-12-29 18:23:37'),
(64, 3, 43, 2, '2020-12-31', '2000-01-01', '2000-01-01', 20, 217, 217, 0, 5, 1, 0, 0, 2, 1, 8, 0, 0, 0, '18', '12:00', 19, '20:00', '', 20, '', 2, 0, 0.00, 2800.00, 0.00, 0.00, 0.00, 0.00, 0.00, 0.00, 0.00, 2800.00, 2800.00, 0, 8, '', 2, 0, 2, 2, '', 2, 0, 0, '2020-12-29 22:09:50', '2020-12-29 22:24:41'),
(65, 1, 49, 2, '2020-12-30', '2000-01-01', '2000-01-01', 8, 8, 8, 0, 2, 0, 0, 0, 1, 0, 0, 0, 0, 0, '12', '09:45', 14, '10:45 AM', '', 0, '', 2, 0, 0.00, 1899.00, 0.00, 0.00, 0.00, 200.00, 0.00, 0.00, 0.00, 4198.00, 4198.00, 0, 0, '', 2, 0, 2, 2, '', 2, 0, 1, '2020-12-30 09:46:02', '2020-12-30 09:46:02'),
(66, 1, 50, 2, '2021-01-02', '2000-01-01', '2000-01-01', 10, 13, 13, 0, 5, 0, 0, 0, 1, 0, 0, 0, 0, 0, '24', '13:49', 25, '14:49', '', 1, '', 2, 0, 0.00, 2900.00, 0.00, 0.00, 0.00, 0.00, 0.00, 0.00, 0.00, 14500.00, 14500.00, 0, 0, 'ลูกค้าแพ้กุ้ง 1 ท่าน', 2, 0, 2, 2, '', 2, 0, 0, '2020-12-30 13:51:57', '2020-12-30 13:53:57'),
(67, 1, 51, 2, '2021-01-02', '2000-01-01', '2000-01-01', 7, 7, 0, 11, 2, 0, 0, 0, 1, 0, 0, 0, 0, 0, '26', '14:17', 27, '15:17', '', 0, '', 2, 0, 0.00, 1799.00, 0.00, 0.00, 0.00, 200.00, 0.00, 0.00, 0.00, 3998.00, 3998.00, 0, 0, '', 2, 0, 2, 2, '', 2, 0, 0, '2020-12-30 14:20:09', '2020-12-30 14:20:09'),
(68, 1, 52, 2, '2020-12-30', '2000-01-01', '2000-01-01', 7, 7, 0, 8, 2, 0, 0, 0, 1, 0, 0, 0, 0, 0, '0', '14:23', 0, '15:23', '', 0, '', 1, 1, 400.00, 1799.00, 0.00, 0.00, 0.00, 0.00, 0.00, 0.00, 0.00, 3998.00, 3998.00, 0, 0, '', 2, 0, 2, 2, '', 2, 0, 0, '2020-12-30 14:24:24', '2020-12-30 14:26:17'),
(69, 1, 53, 2, '2021-01-02', '2000-01-01', '2000-01-01', 10, 13, 13, 0, 2, 1, 0, 0, 1, 0, 0, 0, 0, 0, '28', '14:59', 29, '15:59', '', 19, '', 2, 0, 0.00, 2900.00, 2400.00, 0.00, 0.00, 0.00, 0.00, 0.00, 0.00, 8200.00, 8200.00, 0, 0, '', 2, 0, 2, 2, '', 2, 0, 0, '2020-12-30 15:05:29', '2020-12-30 15:05:29'),
(70, 1, 54, 2, '2021-01-02', '2000-01-01', '2000-01-01', 7, 213, 213, 0, 4, 0, 0, 0, 1, 0, 0, 0, 0, 0, '30', '15:26', 31, '16:26', '', 12, '', 2, 0, 0.00, 1599.00, 0.00, 0.00, 0.00, 200.00, 0.00, 0.00, 0.00, 7196.00, 7196.00, 0, 0, '', 2, 0, 2, 2, '', 2, 0, 0, '2020-12-30 15:29:38', '2020-12-30 15:29:38'),
(71, 1, 55, 2, '2021-01-02', '2000-01-01', '2000-01-01', 7, 213, 213, 0, 3, 0, 0, 0, 2, 0, 0, 0, 0, 0, '0', '15:31', 0, '16:31', '', 0, '', 2, 0, 0.00, 1599.00, 0.00, 0.00, 0.00, 0.00, 0.00, 0.00, 0.00, 4797.00, 4797.00, 0, 0, '', 2, 0, 1, 1, 'admin', 2, 0, 0, '2020-12-30 15:33:04', '2020-12-30 15:33:04'),
(72, 1, 56, 2, '2021-01-02', '2000-01-01', '2000-01-01', 7, 213, 213, 0, 6, 0, 0, 0, 2, 0, 0, 0, 0, 0, '0', '15:35', 0, '16:35', '', 0, '', 2, 0, 0.00, 1599.00, 0.00, 0.00, 0.00, 0.00, 0.00, 0.00, 0.00, 9594.00, 9594.00, 0, 0, '', 2, 0, 2, 2, '', 2, 0, 0, '2020-12-30 15:35:37', '2020-12-30 15:35:37'),
(73, 1, 57, 2, '2021-01-02', '2000-01-01', '2000-01-01', 7, 7, 7, 0, 8, 0, 1, 0, 2, 0, 0, 0, 0, 0, '0', '15:41', 0, '16:41', '', 0, '', 2, 0, 0.00, 1999.00, 0.00, 0.00, 0.00, 0.00, 0.00, 0.00, 0.00, 15992.00, 15992.00, 0, 0, '', 2, 0, 2, 2, '', 2, 0, 0, '2020-12-30 15:41:46', '2020-12-30 15:41:46'),
(74, 4, 58, 2, '2000-01-01', '2021-01-01', '2021-01-03', 21, 218, 218, 0, 9, 0, 0, 0, 2, 0, 0, 5, 0, 0, '0', '17:26', 0, '18:26', '', 0, '', 2, 0, 0.00, 0.00, 0.00, 0.00, 0.00, 0.00, 0.00, 0.00, 0.00, 0.00, 0.00, 0, 0, '', 2, 0, 2, 2, '', 2, 0, 0, '2020-12-30 17:28:56', '2020-12-30 17:28:56'),
(75, 1, 1, 2, '2021-01-11', '2000-01-01', '2000-01-01', 2, 2, 2, 0, 2, 1, 0, 0, 1, 0, 0, 0, 0, 0, '2', '11:09', 12, '12:09', '', 13, '', 2, 0, 0.00, 1200.00, 700.00, 0.00, 0.00, 350.00, 0.00, 0.00, 0.00, 4150.00, 4150.00, 0, 0, '', 1, 0, 2, 1, 'Admin', 2, 0, 0, '2021-01-08 11:10:39', '2021-01-08 12:01:52'),
(76, 1, 1, 2, '2021-01-13', '2000-01-01', '2000-01-01', 2, 2, 2, 0, 3, 1, 0, 0, 2, 0, 0, 0, 0, 0, '2', '11:10', 12, '12:10', '', 5, '', 2, 0, 0.00, 1200.00, 700.00, 0.00, 0.00, 0.00, 0.00, 0.00, 0.00, 4300.00, 4300.00, 0, 0, '', 2, 0, 2, 1, 'Admin', 2, 0, 0, '2021-01-08 11:11:42', '2021-01-08 11:11:42'),
(77, 2, 1, 2, '2021-01-14', '2000-01-01', '2000-01-01', 4, 4, 4, 0, 1, 2, 0, 0, 1, 0, 0, 0, 0, 0, '9', '11:13', 12, '12:13', '', 32, '', 2, 0, 0.00, 800.00, 500.00, 0.00, 0.00, 0.00, 0.00, 0.00, 0.00, 1800.00, 1800.00, 0, 0, '', 2, 0, 2, 1, 'Admin', 2, 0, 0, '2021-01-08 11:13:52', '2021-01-08 11:13:52'),
(78, 2, 1, 2, '2021-01-16', '2000-01-01', '2000-01-01', 4, 4, 4, 0, 4, 0, 0, 0, 2, 0, 0, 0, 0, 0, '4', '11:13', 12, '12:13', '', 0, '', 2, 0, 0.00, 800.00, 0.00, 0.00, 0.00, 0.00, 0.00, 0.00, 0.00, 3200.00, 3200.00, 0, 0, '', 2, 0, 2, 1, 'Admin', 1, 0, 0, '2021-01-08 11:14:09', '2021-01-08 11:14:42'),
(79, 3, 1, 2, '2021-01-13', '2000-01-01', '2000-01-01', 5, 5, 5, 0, 5, 3, 0, 0, 2, 2, 3, 0, 0, 0, '9', '11:15', 12, '14:15', '', 9, '', 2, 0, 0.00, 1000.00, 0.00, 0.00, 0.00, 0.00, 0.00, 0.00, 0.00, 2000.00, 2000.00, 0, 5, '', 2, 0, 2, 1, 'Admin', 2, 0, 0, '2021-01-08 11:15:38', '2021-01-08 11:42:32'),
(80, 3, 1, 2, '2021-01-14', '2000-01-01', '2000-01-01', 5, 5, 5, 0, 3, 3, 0, 0, 2, 1, 4, 0, 0, 0, '15', '11:16', 12, '15:16', '', 0, '', 2, 0, 0.00, 1000.00, 0.00, 0.00, 0.00, 0.00, 0.00, 0.00, 0.00, 1000.00, 1000.00, 0, 5, '', 2, 0, 2, 1, 'Admin', 2, 0, 0, '2021-01-08 11:16:30', '2021-01-08 11:16:30'),
(81, 4, 1, 2, '2000-01-01', '2021-01-10', '2021-01-13', 6, 6, 6, 0, 4, 2, 0, 0, 2, 0, 0, 2, 1, 0, '1', '11:16', 12, '12:16', '', 27, '', 2, 0, 0.00, 700.00, 0.00, 0.00, 0.00, 0.00, 0.00, 400.00, 0.00, 5400.00, 5400.00, 0, 0, '', 2, 0, 2, 1, 'Admin', 1, 1, 0, '2021-01-08 11:17:27', '2021-01-08 11:17:27'),
(82, 4, 1, 2, '2000-01-01', '2021-01-15', '2021-01-17', 6, 6, 6, 0, 4, 2, 0, 0, 2, 0, 0, 2, 0, 2, '0', '11:17', 0, '12:17', '', 0, '', 2, 0, 0.00, 700.00, 0.00, 0.00, 0.00, 0.00, 0.00, 0.00, 400.00, 4400.00, 4400.00, 0, 0, '', 2, 0, 2, 1, 'Admin', 1, 1, 0, '2021-01-08 11:18:14', '2021-01-08 11:18:14');

-- --------------------------------------------------------

--
-- โครงสร้างตาราง `booking_status_confirm`
--

CREATE TABLE `booking_status_confirm` (
  `id` int(11) NOT NULL,
  `name` varchar(100) CHARACTER SET utf8 COLLATE utf8_unicode_ci NOT NULL,
  `name_thai` varchar(100) CHARACTER SET utf8 COLLATE utf8_unicode_ci NOT NULL,
  `last_edit_time` datetime NOT NULL
) ENGINE=InnoDB DEFAULT CHARSET=utf8mb4 COLLATE=utf8mb4_unicode_ci;

--
-- dump ตาราง `booking_status_confirm`
--

INSERT INTO `booking_status_confirm` (`id`, `name`, `name_thai`, `last_edit_time`) VALUES
(1, 'Yes', 'ยืนยันแล้ว', '2019-12-16 00:00:00'),
(2, 'No', 'ยังไม่ยืนยัน', '2019-12-16 00:00:00'),
(3, 'Cancel', 'ยกเลิก', '2019-12-16 00:00:00');

-- --------------------------------------------------------

--
-- โครงสร้างตาราง `booking_status_email`
--

CREATE TABLE `booking_status_email` (
  `id` int(11) NOT NULL,
  `name` varchar(100) CHARACTER SET utf8 COLLATE utf8_unicode_ci NOT NULL,
  `name_thai` varchar(100) CHARACTER SET utf8 COLLATE utf8_unicode_ci NOT NULL,
  `last_edit_time` datetime NOT NULL
) ENGINE=InnoDB DEFAULT CHARSET=utf8mb4 COLLATE=utf8mb4_unicode_ci;

--
-- dump ตาราง `booking_status_email`
--

INSERT INTO `booking_status_email` (`id`, `name`, `name_thai`, `last_edit_time`) VALUES
(1, 'Send', 'ส่งแล้ว', '2019-12-16 00:00:00'),
(2, 'Never', 'ยังไม่ส่ง', '2019-12-16 00:00:00'),
(3, 'Revise', 'ส่งใหม่', '2019-12-16 00:00:00'),
(4, 'Cancel', 'ยกเลิก', '2019-12-16 00:00:00');

-- --------------------------------------------------------

--
-- โครงสร้างตาราง `combine_agentxsupplier`
--

CREATE TABLE `combine_agentxsupplier` (
  `id` int(11) NOT NULL,
  `status` int(11) NOT NULL,
  `products_type` int(11) NOT NULL,
  `agent` int(11) NOT NULL,
  `supplier` int(11) NOT NULL,
  `trash_deleted` int(11) NOT NULL,
  `last_edit_time` datetime NOT NULL
) ENGINE=InnoDB DEFAULT CHARSET=utf8mb4 COLLATE=utf8mb4_unicode_ci;

--
-- dump ตาราง `combine_agentxsupplier`
--

INSERT INTO `combine_agentxsupplier` (`id`, `status`, `products_type`, `agent`, `supplier`, `trash_deleted`, `last_edit_time`) VALUES
(1, 1, 1, 1, 2, 0, '2020-11-13 14:30:19'),
(2, 1, 1, 3, 3, 0, '2020-12-17 11:35:45'),
(3, 1, 1, 5, 3, 0, '2020-12-17 12:00:19'),
(4, 1, 1, 2, 1, 0, '2020-12-17 14:00:49'),
(5, 1, 3, 1, 2, 0, '2020-12-24 12:35:51'),
(6, 1, 1, 6, 3, 0, '2020-12-26 13:54:09'),
(7, 1, 1, 7, 3, 0, '2020-12-26 16:28:19'),
(8, 1, 1, 8, 3, 0, '2020-12-26 17:42:08'),
(9, 1, 1, 9, 3, 0, '2020-12-29 17:18:42'),
(10, 1, 3, 2, 3, 0, '2020-12-29 18:43:24'),
(11, 2, 1, 10, 1, 1, '2020-12-30 14:09:11'),
(12, 1, 1, 10, 3, 0, '2020-12-30 14:13:54');

-- --------------------------------------------------------

--
-- โครงสร้างตาราง `company`
--

CREATE TABLE `company` (
  `id` int(11) NOT NULL,
  `status` int(11) NOT NULL DEFAULT 1,
  `name` varchar(100) COLLATE utf8mb4_unicode_ci NOT NULL,
  `address` text COLLATE utf8mb4_unicode_ci NOT NULL,
  `photo1` text COLLATE utf8mb4_unicode_ci NOT NULL,
  `last_edit_time` timestamp NOT NULL DEFAULT current_timestamp() ON UPDATE current_timestamp()
) ENGINE=InnoDB DEFAULT CHARSET=utf8mb4 COLLATE=utf8mb4_unicode_ci;

--
-- dump ตาราง `company`
--

INSERT INTO `company` (`id`, `status`, `name`, `address`, `photo1`, `last_edit_time`) VALUES
(1, 1, 'บริษัท แพสชั่น วาเคชั่น จำกัด', '176 หมูที่ 2 ตำบลไม้ขาว อำเภอถลาง จังหวัดภูเก็ต\r\nTel.092-2239078 Fax.076-355988\r\nเลขประจำตัวผู้เสียภาษี/Tax ID 0835562017311 สำนักงานใหญ่', 'https://ams.andamanpassion.com/assets/images/logo/passion-vacation.png', '2020-12-22 21:29:57'),
(2, 1, 'บริษัท เอเชีย วาเคชั่น จำกัด', 'เลขที่ 59/81 หมู่ที่ 4 ถนนพระภูเก็ตแก้ว ตำบลกะทู้ อำเภอกะทู้ จังหวัดภูเก็ต\r\nTel.076-390577 Fax.076-390578', 'https://ams.andamanpassion.com/assets/images/logo/asia-vacation.png', '2020-12-21 23:24:26'),
(3, 1, 'บริษัท อันดามัน แพชชั่น จำกัด', '59/75 หมู่บ้านภูเก็ตวิลล่ากะทู้ หมู่ที่ 4 ถนนพระภูเก็ตแก้ว\r\nอำเภอกะทู้ จังหวัดภูเก็ต 83120\r\nTel.092-2239078 Fax.076-355988', 'https://ams.andamanpassion.com/assets/images/logo/andaman-passion.png', '2020-12-22 21:30:00');

-- --------------------------------------------------------

--
-- โครงสร้างตาราง `employee`
--

CREATE TABLE `employee` (
  `id` int(11) NOT NULL,
  `status` int(11) NOT NULL,
  `em_username` varchar(100) CHARACTER SET utf8 COLLATE utf8_unicode_ci NOT NULL,
  `em_password` varchar(100) CHARACTER SET utf8 COLLATE utf8_unicode_ci NOT NULL,
  `permission` int(11) NOT NULL,
  `name` varchar(200) CHARACTER SET utf8 COLLATE utf8_unicode_ci NOT NULL,
  `em_email` varchar(200) CHARACTER SET utf8 COLLATE utf8_unicode_ci NOT NULL,
  `em_phone` varchar(100) CHARACTER SET utf8 COLLATE utf8_unicode_ci NOT NULL,
  `trash_deleted` int(11) NOT NULL,
  `create_date` datetime NOT NULL,
  `last_edit_time` datetime NOT NULL
) ENGINE=InnoDB DEFAULT CHARSET=utf8mb4 COLLATE=utf8mb4_unicode_ci;

--
-- dump ตาราง `employee`
--

INSERT INTO `employee` (`id`, `status`, `em_username`, `em_password`, `permission`, `name`, `em_email`, `em_phone`, `trash_deleted`, `create_date`, `last_edit_time`) VALUES
(1, 1, 'solution', 'F:]^=yjo', 1, 'Programmer', 'boss@phuketsolution.com', '+66(0) 81 569 4107 (Tan)', 0, '2019-10-23 14:52:37', '2019-10-23 14:52:39'),
(2, 1, 'administrator', 'andamanpassion19', 1, 'Andaman Passion (Admin)', 'bird@andamanpassion.com', '+66 (0) 76-390-577', 0, '2019-10-23 14:55:56', '2019-11-14 17:47:30'),
(6, 1, 'test01', 'test01', 2, 'Test01', 'test01@gmail.com', '', 0, '2019-11-15 11:58:51', '2019-11-15 11:58:51');

-- --------------------------------------------------------

--
-- โครงสร้างตาราง `employee_permission`
--

CREATE TABLE `employee_permission` (
  `id` int(11) NOT NULL,
  `status` int(11) NOT NULL,
  `name` varchar(200) CHARACTER SET utf8 COLLATE utf8_unicode_ci NOT NULL,
  `last_edit_time` datetime NOT NULL
) ENGINE=InnoDB DEFAULT CHARSET=utf8mb4 COLLATE=utf8mb4_unicode_ci;

--
-- dump ตาราง `employee_permission`
--

INSERT INTO `employee_permission` (`id`, `status`, `name`, `last_edit_time`) VALUES
(1, 1, 'Administrator', '2019-10-22 12:53:12'),
(2, 1, 'Member', '2019-10-22 12:53:21');

-- --------------------------------------------------------

--
-- โครงสร้างตาราง `history_type`
--

CREATE TABLE `history_type` (
  `id` int(11) NOT NULL,
  `name` varchar(100) CHARACTER SET utf8 COLLATE utf8_unicode_ci NOT NULL,
  `name_thai` varchar(100) CHARACTER SET utf8 COLLATE utf8_unicode_ci NOT NULL,
  `last_edit_time` datetime NOT NULL
) ENGINE=InnoDB DEFAULT CHARSET=utf8mb4 COLLATE=utf8mb4_unicode_ci;

--
-- dump ตาราง `history_type`
--

INSERT INTO `history_type` (`id`, `name`, `name_thai`, `last_edit_time`) VALUES
(1, 'Create', 'เพิ่มข้อมูล', '2019-12-23 00:00:00'),
(2, 'Update', 'แก้ไขข้อมูล', '2019-12-23 00:00:00'),
(3, 'Delete', 'ลบข้อมูล', '2019-12-23 00:00:00'),
(4, 'Restore', 'คืนข้อมูล', '2019-12-23 00:00:00'),
(5, 'Yes', 'ยืนยันแล้ว', '2020-06-19 00:00:00'),
(6, 'No', 'ยังไม่ยืนยัน', '2020-06-19 00:00:00'),
(7, 'Cancel', 'ยกเลิก', '2020-06-19 00:00:00'),
(8, 'Send', 'ส่งแล้ว', '2020-06-19 00:00:00'),
(9, 'Never', 'ยังไม่ส่ง', '2020-06-19 00:00:00'),
(10, 'Revise', 'ส่งใหม่', '2020-06-19 00:00:00');

-- --------------------------------------------------------

--
-- โครงสร้างตาราง `invoice`
--

CREATE TABLE `invoice` (
  `id` int(11) NOT NULL,
  `payments_vat` int(11) NOT NULL,
  `inv_title` varchar(2) CHARACTER SET utf8 COLLATE utf8_unicode_ci NOT NULL,
  `inv_date` date NOT NULL,
  `inv_year` int(11) NOT NULL,
  `inv_year_thai` int(11) NOT NULL,
  `inv_month` int(11) NOT NULL,
  `inv_no` int(11) NOT NULL,
  `inv_full` varchar(100) CHARACTER SET utf8 COLLATE utf8_unicode_ci NOT NULL,
  `inv_by` int(11) NOT NULL,
  `agent` int(11) NOT NULL,
  `transfer` int(11) NOT NULL,
  `bill` int(11) NOT NULL,
  `create_date` datetime NOT NULL
) ENGINE=InnoDB DEFAULT CHARSET=utf8mb4 COLLATE=utf8mb4_unicode_ci;

--
-- dump ตาราง `invoice`
--

INSERT INTO `invoice` (`id`, `payments_vat`, `inv_title`, `inv_date`, `inv_year`, `inv_year_thai`, `inv_month`, `inv_no`, `inv_full`, `inv_by`, `agent`, `transfer`, `bill`, `create_date`) VALUES
(1, 3, 'ST', '2021-01-08', 2021, 64, 1, 1, 'ST64010001', 1, 0, 0, 0, '2021-01-08 13:14:53'),
(2, 3, 'ST', '2021-01-08', 2021, 64, 1, 2, 'ST64010002', 1, 0, 0, 0, '2021-01-08 13:14:54'),
(3, 1, 'IV', '2021-03-09', 2021, 64, 3, 1, 'IV64030001', 1, 0, 0, 0, '2021-03-09 10:01:29'),
(4, 1, 'IV', '2021-03-09', 2021, 64, 3, 2, 'IV64030002', 1, 0, 1, 0, '2021-03-09 10:01:32'),
(5, 1, 'IV', '2021-03-09', 2021, 64, 3, 3, 'IV64030003', 1, 0, 0, 1, '2021-03-09 10:01:32'),
(6, 1, 'IV', '2021-03-09', 2021, 64, 3, 4, 'IV64030004', 1, 0, 0, 0, '2021-03-09 10:01:32'),
(7, 1, 'IV', '2021-04-07', 2021, 64, 4, 1, 'IV64040001', 2, 0, 0, 0, '2021-04-07 15:36:34');

-- --------------------------------------------------------

--
-- โครงสร้างตาราง `invoice_products`
--

CREATE TABLE `invoice_products` (
  `id` int(11) NOT NULL,
  `invoice` int(11) NOT NULL,
  `products_type` int(11) NOT NULL,
  `booking` int(11) NOT NULL,
  `booking_products` int(11) NOT NULL,
  `period` int(11) NOT NULL,
  `percent_invoice` int(11) NOT NULL,
  `total_invoice` double(15,2) NOT NULL,
  `transfer` int(11) NOT NULL,
  `create_date` datetime NOT NULL
) ENGINE=InnoDB DEFAULT CHARSET=utf8mb4 COLLATE=utf8mb4_unicode_ci;

--
-- dump ตาราง `invoice_products`
--

INSERT INTO `invoice_products` (`id`, `invoice`, `products_type`, `booking`, `booking_products`, `period`, `percent_invoice`, `total_invoice`, `transfer`, `create_date`) VALUES
(1, 1, 4, 1, 81, 1, 100, 5778.00, 0, '2021-01-08 13:14:53'),
(2, 2, 4, 1, 82, 1, 100, 4708.00, 0, '2021-01-08 13:14:54'),
(3, 3, 1, 4, 4, 1, 100, 5000.00, 0, '2021-03-09 10:01:29'),
(4, 4, 1, 4, 4, 1, 100, 1750.00, 1, '2021-03-09 10:01:32'),
(5, 5, 3, 4, 32, 1, 100, 0.00, 0, '2021-03-09 10:01:32'),
(6, 6, 4, 4, 33, 1, 100, 700.00, 0, '2021-03-09 10:01:32'),
(7, 7, 1, 7, 28, 1, 100, 3798.00, 0, '2021-04-07 15:36:34');

-- --------------------------------------------------------

--
-- โครงสร้างตาราง `payments_receipt`
--

CREATE TABLE `payments_receipt` (
  `id` int(11) NOT NULL,
  `receipt_no` varchar(100) CHARACTER SET utf8 COLLATE utf8_unicode_ci NOT NULL,
  `payment_date` datetime NOT NULL,
  `payments_type` int(11) NOT NULL,
  `amount_paid` double(15,2) NOT NULL,
  `withholding_tax` double(15,2) NOT NULL,
  `credit` double(15,2) NOT NULL,
  `total_amount_paid` double(15,2) NOT NULL,
  `status` int(11) NOT NULL,
  `create_by` int(11) NOT NULL,
  `create_date` datetime NOT NULL
) ENGINE=InnoDB DEFAULT CHARSET=utf8mb4 COLLATE=utf8mb4_unicode_ci;

-- --------------------------------------------------------

--
-- โครงสร้างตาราง `payments_receipt_products`
--

CREATE TABLE `payments_receipt_products` (
  `id` int(11) NOT NULL,
  `payments_receipt` int(11) NOT NULL,
  `invoice` int(11) NOT NULL,
  `invoice_products` int(11) NOT NULL,
  `products_type` int(11) NOT NULL,
  `booking` int(11) NOT NULL,
  `booking_products` int(11) NOT NULL,
  `pay` double(15,2) NOT NULL,
  `create_date` datetime NOT NULL
) ENGINE=InnoDB DEFAULT CHARSET=utf8mb4 COLLATE=utf8mb4_unicode_ci;

-- --------------------------------------------------------

--
-- โครงสร้างตาราง `payments_vat`
--

CREATE TABLE `payments_vat` (
  `id` int(11) NOT NULL,
  `name` varchar(100) CHARACTER SET utf8 COLLATE utf8_unicode_ci NOT NULL,
  `name_title` varchar(2) CHARACTER SET utf8 COLLATE utf8_unicode_ci NOT NULL,
  `last_edit_time` datetime NOT NULL
) ENGINE=InnoDB DEFAULT CHARSET=utf8mb4 COLLATE=utf8mb4_unicode_ci;

--
-- dump ตาราง `payments_vat`
--

INSERT INTO `payments_vat` (`id`, `name`, `name_title`, `last_edit_time`) VALUES
(1, 'Vat 0%', 'IV', '2019-10-22 18:35:34'),
(2, 'รวม Vat', 'ST', '2019-10-22 18:35:45'),
(3, 'แยก Vat', 'ST', '2019-10-23 14:40:26');

-- --------------------------------------------------------

--
-- โครงสร้างตาราง `place`
--

CREATE TABLE `place` (
  `id` int(11) NOT NULL,
  `status` int(11) NOT NULL,
  `name` varchar(200) COLLATE utf8mb4_unicode_ci NOT NULL,
  `pickup` int(11) NOT NULL,
  `dropoff` int(11) NOT NULL,
  `trash_deleted` int(11) NOT NULL,
  `last_edit_time` timestamp NOT NULL DEFAULT current_timestamp() ON UPDATE current_timestamp()
) ENGINE=InnoDB DEFAULT CHARSET=utf8mb4 COLLATE=utf8mb4_unicode_ci;

--
-- dump ตาราง `place`
--

INSERT INTO `place` (`id`, `status`, `name`, `pickup`, `dropoff`, `trash_deleted`, `last_edit_time`) VALUES
(1, 1, 'ท่าเรือรัษฏา', 1, 1, 2, '2020-12-18 06:05:09'),
(2, 1, 'ป่าตอง', 1, 1, 2, '2020-12-18 06:06:58'),
(3, 1, 'ถนนถลาง', 1, 1, 2, '2020-12-24 05:16:58'),
(4, 1, 'ตลาดนาคา', 1, 1, 2, '2020-12-24 05:17:14'),
(5, 1, 'ร้านวันจันทร์', 1, 1, 2, '2020-12-24 06:05:50'),
(6, 1, 'โลตัสสามกอง', 1, 1, 2, '2020-12-24 05:19:45'),
(7, 1, 'หาดในหาน', 1, 1, 2, '2020-12-24 05:20:03'),
(8, 1, 'ป่าหลาย', 1, 1, 2, '2020-12-24 05:21:50'),
(9, 1, 'คิงพาวเวอร์', 1, 1, 2, '2020-12-24 05:22:12'),
(10, 1, 'ไม้ขาวดรีม วิลล่า', 1, 1, 2, '2020-12-26 05:33:17'),
(11, 1, 'ไม้ขาวดรีม วิลล่า', 1, 1, 2, '2020-12-26 05:33:52'),
(12, 1, 'Best Western Plus The Beachfront', 1, 1, 2, '2020-12-26 08:36:05'),
(13, 1, 'Best Western Plus The Beachfront', 1, 1, 2, '2020-12-26 08:39:11'),
(14, 1, 'กะตะธานี ภูเก็ต บีช รีสอร์ท', 1, 1, 2, '2020-12-26 10:27:44'),
(15, 1, 'กะตะธานี ภูเก็ต บีช รีสอร์ท', 1, 1, 2, '2020-12-26 10:28:23'),
(16, 1, 'รอยัลพาราไดซ์ โฮเทล แอนด์ สปา', 1, 1, 2, '2020-12-29 08:45:00'),
(17, 1, 'รอยัล พาราไดซ์ โฮเทล แอนด์ สปา', 1, 1, 2, '2020-12-29 08:45:57'),
(18, 1, 'อนันตรา วาเคชั่นคลับ', 1, 1, 2, '2020-12-29 10:39:04'),
(19, 1, 'อนันตรา วาเคชั่นคลับ', 1, 1, 2, '2020-12-29 10:39:57'),
(20, 1, 'บันยันทรีภูเก็ต', 1, 1, 2, '2020-12-29 11:01:05'),
(21, 1, 'บันยันทรี ภูเก็ต', 1, 1, 2, '2020-12-29 11:01:27'),
(22, 1, 'เคปเซียนน่า', 1, 1, 2, '2020-12-29 11:10:52'),
(23, 1, 'เคปเซียนน่า', 1, 1, 2, '2020-12-29 11:11:15'),
(24, 1, 'พลูแมน พันวา', 1, 1, 2, '2020-12-30 06:50:54'),
(25, 1, 'พลูแมน พันวา', 1, 1, 2, '2020-12-30 06:51:20'),
(26, 1, 'มันดาราวา รีสอร์ท', 1, 1, 2, '2020-12-30 07:19:08'),
(27, 1, 'มันดาราวา รีสอร์ท', 1, 1, 2, '2020-12-30 07:19:24'),
(28, 1, 'แมริออท ในยาง', 1, 1, 2, '2020-12-30 08:01:33'),
(29, 1, 'แมริออท ในยาง', 1, 1, 2, '2020-12-30 08:01:48'),
(30, 1, 'Intercontinental  Phuket  Resort', 1, 1, 2, '2020-12-30 08:28:20'),
(31, 1, 'Intercontinentel Phuket Resort', 1, 1, 2, '2020-12-30 08:29:02');

-- --------------------------------------------------------

--
-- โครงสร้างตาราง `products_category_first`
--

CREATE TABLE `products_category_first` (
  `id` int(11) NOT NULL,
  `status` int(11) NOT NULL,
  `products_type` int(11) NOT NULL,
  `supplier` int(11) NOT NULL,
  `name` text CHARACTER SET utf8 COLLATE utf8_unicode_ci NOT NULL,
  `validity_from` date NOT NULL,
  `validity_to` date NOT NULL,
  `procode` varchar(100) CHARACTER SET utf8 COLLATE utf8_unicode_ci NOT NULL,
  `photo1` varchar(100) CHARACTER SET utf8 COLLATE utf8_unicode_ci NOT NULL,
  `photo2` varchar(100) CHARACTER SET utf8 COLLATE utf8_unicode_ci NOT NULL,
  `photo3` varchar(100) CHARACTER SET utf8 COLLATE utf8_unicode_ci NOT NULL,
  `trash_deleted` int(11) NOT NULL,
  `last_edit_time` datetime NOT NULL
) ENGINE=InnoDB DEFAULT CHARSET=utf8mb4 COLLATE=utf8mb4_unicode_ci;

--
-- dump ตาราง `products_category_first`
--

INSERT INTO `products_category_first` (`id`, `status`, `products_type`, `supplier`, `name`, `validity_from`, `validity_to`, `procode`, `photo1`, `photo2`, `photo3`, `trash_deleted`, `last_edit_time`) VALUES
(1, 1, 1, 1, 'Passion Catamaran', '2020-11-01', '2021-12-31', '', '1605094086_1.pdf', '', '', 0, '2020-11-17 10:42:58'),
(2, 1, 1, 2, 'Test system tour', '2020-01-01', '2021-12-31', '5505', '', '', '', 0, '2021-01-08 11:06:03'),
(3, 1, 1, 1, 'Passion Speed Catamaran PhiPhi - Maiton ', '2020-11-01', '2021-12-31', '1002', '', '', '', 0, '2020-11-17 10:43:43'),
(4, 1, 2, 2, 'Activity', '2020-01-01', '2021-12-31', '55055', '', '', '', 0, '2021-01-08 11:06:23'),
(5, 1, 3, 2, 'Transfer', '2020-01-01', '2021-12-31', '55054', '', '', '', 0, '2021-01-08 11:07:17'),
(6, 1, 4, 2, 'Hotel', '2020-01-01', '2021-12-31', '55053', '', '', '', 0, '2021-01-08 11:07:37'),
(7, 1, 1, 3, 'speed catamaran', '2020-11-19', '2022-11-19', '', '', '', '', 0, '2020-11-19 21:13:15'),
(8, 1, 1, 4, 'สิมิลัน คาตามาลัน 1 ชั้น', '2020-11-20', '2022-11-20', '', '', '', '', 0, '2020-11-20 18:40:25'),
(9, 1, 1, 4, 'สุรินทร์ เดย์ทริป', '2020-11-20', '2022-11-20', '', '', '', '', 0, '2020-11-20 17:46:20'),
(10, 1, 1, 3, 'Passion  Catamaran', '2020-11-21', '2022-11-21', '', '', '', '', 0, '2020-11-21 12:45:51'),
(11, 1, 3, 3, 'รถตู้ ', '2020-11-21', '2021-11-21', '', '', '', '', 0, '2020-11-29 16:59:46'),
(12, 1, 3, 3, 'รถตู้ 1-3 ท่าน', '2020-11-21', '2021-11-21', '', '', '', '', 0, '2020-11-21 21:30:07'),
(13, 1, 3, 3, 'ตู้ VIP', '2020-11-29', '2021-11-29', '', '', '', '', 0, '2020-12-06 18:11:21'),
(14, 2, 3, 3, 'ตู้เอเจ้นท์1-3ท่าน', '2020-12-06', '2021-12-06', '', '', '', '', 1, '2020-12-10 15:00:48'),
(15, 2, 3, 3, 'ตู้เอเจ้นท์', '2020-12-06', '2021-12-06', '', '', '', '', 1, '2020-12-06 18:15:49'),
(16, 2, 3, 3, 'ตู้VIPเอเจ้นท์', '2020-12-10', '2021-12-10', '', '', '', '', 1, '2020-12-10 20:25:28'),
(17, 2, 3, 3, 'รถตู้VIP', '2020-12-11', '2021-12-11', '12.12', '', '', '', 1, '2020-12-11 20:59:07'),
(18, 1, 2, 3, 'เรือหางยาว', '2020-12-26', '2022-12-26', '', '', '', '', 0, '2020-12-26 12:19:48'),
(19, 1, 1, 5, 'เรือใบจอย', '2020-12-29', '2022-12-28', '', '', '', '', 0, '2020-12-29 16:34:59'),
(20, 1, 3, 3, 'H1', '2020-12-29', '2022-12-29', '', '', '', '', 0, '2020-12-29 22:01:51'),
(21, 1, 4, 6, 'เคปเซียนน่า ภูเก็ต', '2020-12-30', '2021-12-30', '', '', '', '', 0, '2020-12-30 17:05:52');

-- --------------------------------------------------------

--
-- โครงสร้างตาราง `products_category_second`
--

CREATE TABLE `products_category_second` (
  `id` int(11) NOT NULL,
  `status` int(11) NOT NULL,
  `products_category_first` int(11) NOT NULL,
  `name` text CHARACTER SET utf8 COLLATE utf8_unicode_ci NOT NULL,
  `withholding_tax` int(11) NOT NULL,
  `trash_deleted` int(11) NOT NULL,
  `last_edit_time` datetime NOT NULL
) ENGINE=InnoDB DEFAULT CHARSET=utf8mb4 COLLATE=utf8mb4_unicode_ci;

--
-- dump ตาราง `products_category_second`
--

INSERT INTO `products_category_second` (`id`, `status`, `products_category_first`, `name`, `withholding_tax`, `trash_deleted`, `last_edit_time`) VALUES
(1, 1, 1, 'Passion Catamaran', 2, 0, '2020-11-11 18:29:20'),
(2, 1, 2, 'Test system tour 1', 2, 0, '2020-11-13 14:18:53'),
(3, 1, 3, 'Passion Speed Catamaran PhiPhi - Maiton', 2, 0, '2020-11-17 10:11:09'),
(4, 1, 4, 'Activity Product', 2, 0, '2020-11-18 11:52:06'),
(5, 1, 5, 'Transfer Product', 2, 0, '2020-11-18 11:53:21'),
(6, 1, 6, 'Hotel Product', 2, 0, '2020-11-18 11:54:53'),
(7, 1, 7, 'speed catamaran Phi Phi', 2, 0, '2020-11-21 12:38:46'),
(8, 1, 8, 'สิมิลัน (เขาหลัก)', 2, 0, '2020-12-07 19:47:42'),
(9, 2, 9, 'สุรินทร์ เดย์ทริป', 2, 1, '2020-11-20 20:01:32'),
(10, 1, 8, 'สิมิลัน(ภูเก็ต)   ', 2, 0, '2020-12-07 19:47:20'),
(11, 1, 9, 'สุรินทร์ (เขาหลัก)', 2, 0, '2020-12-07 19:48:33'),
(12, 1, 9, 'สุรินทร์  (ภูเก็ต)', 2, 0, '2020-12-07 19:48:12'),
(13, 1, 10, 'Passion  catamaran', 2, 0, '2020-11-21 12:46:35'),
(14, 1, 11, 'ตู้เมืองภูเก็ต', 2, 0, '2020-12-29 21:26:36'),
(15, 1, 11, 'ตู้กะทู้', 2, 0, '2020-12-29 21:15:51'),
(16, 1, 11, 'ตู้ป่าตอง', 2, 0, '2020-12-29 21:18:27'),
(17, 1, 11, 'ตู้ไตรตรัง ', 2, 0, '2020-12-29 21:33:32'),
(18, 1, 11, 'ตู้กมลา', 2, 0, '2020-12-29 21:15:22'),
(19, 1, 11, 'ตู้สุรินทร์', 2, 0, '2020-12-29 21:29:17'),
(20, 1, 11, 'ตู้ในทอน', 2, 0, '2020-12-29 21:28:22'),
(21, 1, 11, 'ตู้ในยาง', 2, 0, '2020-12-29 21:32:16'),
(22, 1, 11, 'ตู้กะตะ', 2, 0, '2020-12-29 21:25:28'),
(23, 1, 11, 'ตู้ไม้ขาว', 2, 0, '2020-12-29 21:34:01'),
(24, 1, 11, 'ตู้ฉลอง', 2, 0, '2020-12-29 21:25:50'),
(25, 1, 11, 'ตู้ราไวย์', 2, 0, '2020-12-29 21:28:01'),
(26, 1, 11, 'ตู้ในหาน', 2, 0, '2020-12-29 21:32:55'),
(27, 1, 11, 'ตู้อนุสาวรีย์', 2, 0, '2020-12-29 21:29:46'),
(28, 1, 11, 'ตู้อ่าวปอ', 2, 0, '2020-12-29 21:30:11'),
(29, 1, 11, 'ตู้เกาะสิเหร่', 2, 0, '2020-12-29 21:30:43'),
(30, 1, 11, 'ตู้พันวา', 2, 0, '2020-12-29 21:25:06'),
(31, 1, 11, 'ตู้โคกกลอย', 2, 0, '2020-12-29 21:26:56'),
(32, 1, 11, 'ตู้ท้ายเหมือง', 2, 0, '2020-12-29 21:16:17'),
(33, 1, 11, 'ตู้ทับละมุ', 2, 0, '2020-12-29 21:14:55'),
(34, 1, 11, 'ตู้บางสัก', 2, 0, '2020-12-29 21:16:44'),
(35, 1, 11, 'ตู้ตะกั่วป่า', 2, 0, '2020-12-29 21:24:07'),
(36, 1, 11, 'ตู้ซิตี้ทัวร์ 6 ช.ม. ภูเก็ต', 2, 0, '2020-12-29 21:26:13'),
(37, 1, 11, 'ตู้ซิตี้ทัวร์ 8 ช.ม.ภูเก็ต', 2, 0, '2020-12-29 21:20:05'),
(38, 1, 11, 'ตู้ซิตี้ทัวร์  10 ช.ม. ภูเก็ต', 2, 0, '2020-12-29 21:17:27'),
(39, 1, 11, 'ตู้ซิตี้ทัวร์ 6 ช.ม.รับ-ส่ง เขาหลัก', 2, 0, '2020-12-29 21:19:20'),
(40, 1, 11, 'ตู้ซิตี้ทัวร์ 8 ช.ม. รับ -ส่ง เขาหลัก', 2, 0, '2020-12-29 21:19:43'),
(41, 1, 12, '1-3 ท่าน เมืองภูเก็ต', 2, 0, '2020-12-29 21:54:18'),
(42, 1, 12, '1-3 ท่าน กะทู้', 2, 0, '2020-12-29 21:37:51'),
(43, 1, 12, '1-3 ท่าน ป่าตอง', 2, 0, '2020-12-29 21:46:41'),
(44, 1, 12, '1-3 ท่าน ไตรตรัง', 2, 0, '2020-12-29 21:57:38'),
(45, 1, 12, '1-3 ท่าน กมลา', 2, 0, '2020-12-29 21:36:54'),
(46, 1, 12, '1-3 ท่าน สุรินทร์', 2, 0, '2020-12-29 21:48:58'),
(47, 1, 12, '1-3 ท่าน ในทอน', 2, 0, '2020-12-29 21:55:34'),
(48, 1, 12, '1-3 ท่าน ในยาง', 2, 0, '2020-12-29 21:56:12'),
(49, 1, 12, '1-3 ท่าน ไม้ขาว', 2, 0, '2020-12-29 21:58:14'),
(50, 1, 12, '1-3 ท่าน กะตะ', 2, 0, '2020-12-29 21:37:23'),
(51, 1, 12, '1-3 ท่าน ฉลอง', 2, 0, '2020-12-29 21:40:19'),
(52, 1, 12, '1-3 ท่าน ราไวย์', 2, 0, '2020-12-29 21:47:38'),
(53, 1, 12, '1-3 ท่าน ในหาน', 2, 0, '2020-12-29 21:56:51'),
(54, 1, 12, '1-3 ท่าน อนุสาวรีย์', 2, 0, '2020-12-29 21:49:34'),
(55, 1, 12, '1-3 ท่าน อ่าวปอ', 2, 0, '2020-12-29 21:50:05'),
(56, 1, 12, '1-3 ท่าน เกาะสิเหร่', 2, 0, '2020-12-29 21:52:28'),
(57, 1, 12, '1-3 ท่าน พันวา', 2, 0, '2020-12-29 21:47:10'),
(58, 1, 12, '1-3 ท่าน โคกกลอย', 2, 0, '2020-12-29 21:54:55'),
(59, 1, 12, '1-3 ท่าน ท้ายเหมือง', 2, 0, '2020-12-29 21:45:05'),
(60, 1, 12, '1-3 ท่าน ทับละมุ', 2, 0, '2020-12-29 21:44:33'),
(61, 1, 12, '1-3 ท่าน บางสัก', 2, 0, '2020-12-29 21:45:35'),
(62, 1, 12, '1-3 ท่าน ตะกั่วป่า', 2, 0, '2020-12-29 21:43:59'),
(63, 1, 12, '1-3 ท่าน ซิตี้ทัวร์ 6 ชม.ภูเก็ต', 2, 0, '2020-12-29 21:41:50'),
(64, 1, 12, '1-3 ท่าน ซิตี้ทัวร์ 8 ชม.ภูเก็ต', 2, 0, '2020-12-29 21:42:54'),
(65, 1, 12, '1-3 ท่าน ซิตี้ทัวร์ 10 ชม.ภูเก็ต', 2, 0, '2020-12-29 21:40:53'),
(66, 1, 12, '1-3 ท่าน ซิตี้ทัวร์ 12 ชม.ภูเก็ต', 2, 0, '2020-12-29 21:41:23'),
(67, 1, 11, 'ตู้ซิตี้ทัวร์ 12 ชม. ภูเก็ต', 2, 0, '2020-12-29 21:18:51'),
(68, 1, 12, '1-3 ท่าน ซิตี้ทัวร์ 6 ชม.รับ-ส่ง เขาหลัก', 2, 0, '2020-12-29 21:42:23'),
(69, 1, 12, '1-3 ท่าน ซิตี้ทัวร์ 8 ชม.รับ-ส่งเขาหลัก', 2, 0, '2020-12-29 21:43:29'),
(70, 1, 13, 'ตู้ VIP เมือง ', 2, 0, '2020-12-29 20:48:40'),
(71, 1, 13, 'ตู้ VIP กะทู้', 2, 0, '2020-12-29 19:16:52'),
(72, 1, 13, 'ตู้ VIP ป่าตอง', 2, 0, '2020-12-29 20:39:58'),
(73, 1, 13, 'ตู้ VIP ไตรตรัง', 2, 0, '2020-12-29 20:52:27'),
(74, 1, 13, 'ตู้ VIP กมลา', 2, 0, '2020-12-29 19:14:27'),
(75, 1, 13, 'ตู้ VIP สุรินทร์', 2, 0, '2020-12-29 20:42:14'),
(76, 1, 13, 'ตู้ VIP ในทอน', 2, 0, '2020-12-29 20:50:14'),
(77, 1, 13, 'ตู้ VIP ในยาง', 2, 0, '2020-12-29 20:50:49'),
(78, 1, 13, 'ตู้ VIP ไม้ขาว', 2, 0, '2020-12-29 20:53:11'),
(79, 1, 13, 'ตู้ VIP กะตะ', 2, 0, '2020-12-29 19:15:44'),
(80, 1, 13, 'ตู้ VIP ฉลอง', 2, 0, '2020-12-29 19:17:47'),
(81, 1, 13, 'ตู้ VIP ราไวย์', 2, 0, '2020-12-29 20:40:59'),
(82, 1, 13, 'ตู้ VIP ในหาน', 2, 0, '2020-12-29 20:51:51'),
(83, 1, 13, 'ตู้ VIP อนุสาวรีย์', 2, 0, '2020-12-29 20:43:31'),
(84, 1, 13, 'ตู้ VIP อ่าวปอ', 2, 0, '2020-12-29 20:44:03'),
(85, 1, 13, 'ตู้ VIP เกาะสิเหร่', 2, 0, '2020-12-29 20:45:25'),
(86, 1, 13, 'ตู้ VIP พันวา', 2, 0, '2020-12-29 20:40:27'),
(87, 1, 13, 'ตู้ VIP โคกกลอย', 2, 0, '2020-12-29 20:49:30'),
(88, 1, 13, 'ตู้ VIP ท้ายเหมือง', 2, 0, '2020-12-29 20:38:34'),
(89, 1, 13, 'ตู้ VIP ทับละมุ', 2, 0, '2020-12-29 20:38:02'),
(90, 1, 13, 'ตู้ VIP บางสัก', 2, 0, '2020-12-29 20:39:02'),
(91, 1, 13, 'ตู้ VIP ตะกั่วป่า', 2, 0, '2020-12-29 20:44:30'),
(92, 1, 13, 'ตู้ VIP ซิตี้ทัวร์ 6 ชม. รับ-ส่งภูเก็ต', 2, 0, '2020-12-29 19:18:45'),
(93, 1, 13, 'ตู้ VIP ซิตี้ทัวร์ 8 ชม. รับ-ส่งภูเก็ต', 2, 0, '2020-12-29 19:20:00'),
(94, 1, 13, 'ตู้ VIP ซิตี้ทัวร์ 12 ชม. รับ-ส่งภูเก็ต', 2, 0, '2020-12-29 19:18:20'),
(95, 1, 13, 'ตู้ VIP ซิตี้ทัวร์ 6 ชม. รับ-ส่งเขาหลัก', 2, 0, '2020-12-29 19:19:09'),
(96, 1, 13, 'ตู้ VIP ซิตี้ทัวร์ 6 ชม.รับ-ส่งเขาหลัก', 2, 0, '2020-12-29 19:19:38'),
(97, 1, 13, 'ตู้ VIP ซิตี้ทัวร์ 8 ชม.รับ-ส่งเขาหลัก', 2, 0, '2020-12-29 19:20:47'),
(98, 2, 14, 'เมือง', 2, 1, '2020-12-06 18:14:58'),
(99, 2, 14, 'กะทู้', 2, 1, '2020-12-06 18:19:07'),
(100, 2, 14, 'ป่าตอง', 2, 1, '2020-12-06 18:20:42'),
(101, 2, 14, 'ไตรตรัง', 2, 1, '2020-12-06 18:28:37'),
(102, 2, 14, 'กมลา', 2, 1, '2020-12-07 16:25:38'),
(103, 2, 14, 'สุรินทร์', 2, 1, '2020-12-10 14:58:57'),
(104, 2, 14, 'บางเทา', 2, 1, '2020-12-10 15:01:42'),
(105, 2, 14, 'ลากูน่า', 2, 1, '2020-12-10 15:02:56'),
(106, 2, 14, 'เชิงทะเล', 2, 1, '2020-12-10 15:03:43'),
(107, 2, 14, 'ในทอน', 2, 1, '2020-12-10 15:04:43'),
(108, 2, 14, 'ในยาง', 2, 1, '2020-12-10 15:05:16'),
(109, 2, 14, 'ไม้ขาว', 2, 1, '2020-12-10 15:07:14'),
(110, 2, 14, 'กะตะ', 2, 1, '2020-12-10 15:08:04'),
(111, 2, 14, 'กะรน', 2, 1, '2020-12-10 15:08:32'),
(112, 2, 14, 'ฉลอง', 2, 1, '2020-12-10 15:09:09'),
(113, 2, 14, 'ราไวย์', 2, 1, '2020-12-10 15:09:35'),
(114, 2, 14, 'ในหาน', 2, 1, '2020-12-10 15:10:07'),
(115, 2, 14, 'อนุสาวรีย์', 2, 1, '2020-12-10 15:11:39'),
(116, 2, 14, 'อ่าวปอ', 2, 1, '2020-12-10 15:12:30'),
(117, 2, 14, 'เกาะสิเหร่', 2, 1, '2020-12-10 15:13:13'),
(118, 2, 14, 'พันวา', 2, 1, '2020-12-10 15:13:38'),
(119, 2, 14, 'โคกกลอย', 2, 1, '2020-12-10 15:14:06'),
(120, 2, 14, 'ท้ายเหมือง', 2, 1, '2020-12-10 15:14:35'),
(121, 2, 14, 'ทับละมุ', 2, 1, '2020-12-10 15:15:44'),
(122, 2, 14, 'เขาหลัก', 2, 1, '2020-12-10 15:16:15'),
(123, 2, 14, 'บางสัก', 2, 1, '2020-12-10 15:16:38'),
(124, 2, 14, 'ตะกั่วป่า', 2, 1, '2020-12-10 15:17:12'),
(125, 2, 14, 'ซิตี้ทัวร์ 6 ชม.รับ-ส่งภูเก็ต', 2, 1, '2020-12-10 15:42:00'),
(126, 2, 14, 'ซิตี้ทัวร์ 8 ชม.รับ-ส่งภูเก็ต', 2, 1, '2020-12-10 15:50:32'),
(127, 2, 14, 'ซิตี้ทัวร์ 10ชม.รับ-ส่งภูเก็ต', 2, 1, '2020-12-10 15:40:05'),
(128, 2, 14, 'ซิตี้ทัวร์ 12 ชม.รับ-ส่งภูเก็ต', 2, 1, '2020-12-10 15:41:27'),
(129, 2, 14, 'ซิตี้ทัวร์ 6 ชม.รับ-ส่งเขาหลัก', 2, 1, '2020-12-10 15:34:33'),
(130, 2, 14, 'ซิตี้ทัวร์ 8 ชม.รับ-ส่งเขาหลัก', 2, 1, '2020-12-10 15:35:25'),
(131, 2, 15, 'เมือง', 2, 1, '2020-12-10 16:38:56'),
(132, 2, 15, 'กะทู้', 2, 1, '2020-12-10 16:39:41'),
(133, 2, 15, 'ป่าตอง', 2, 1, '2020-12-10 16:40:08'),
(134, 2, 15, 'ไตรตรัง', 2, 1, '2020-12-10 16:40:42'),
(135, 2, 15, 'กมลา', 2, 1, '2020-12-10 16:41:09'),
(136, 2, 15, 'สุรินทร์', 2, 1, '2020-12-10 16:41:40'),
(137, 2, 15, 'บางเทา', 2, 1, '2020-12-10 16:46:34'),
(138, 2, 15, 'ลากูน่า', 2, 1, '2020-12-10 16:47:09'),
(139, 2, 15, 'เชิงทะเล', 2, 1, '2020-12-10 16:47:53'),
(140, 2, 15, 'ในทอน', 2, 1, '2020-12-10 16:48:42'),
(141, 2, 15, 'ในยาง', 2, 1, '2020-12-10 16:49:09'),
(142, 2, 15, 'ไม้ขาว', 2, 1, '2020-12-10 16:49:54'),
(143, 2, 15, 'กะตะ', 2, 1, '2020-12-10 16:50:22'),
(144, 2, 15, 'กะรน', 2, 1, '2020-12-10 16:50:50'),
(145, 2, 15, 'ฉลอง', 2, 1, '2020-12-10 16:51:29'),
(146, 2, 15, 'ราไวย์', 2, 1, '2020-12-10 17:07:07'),
(147, 2, 15, 'ในหาน', 2, 1, '2020-12-10 17:08:21'),
(148, 2, 15, 'อนุสาวรีย์', 2, 1, '2020-12-10 17:09:13'),
(149, 2, 15, 'อ่าวปอ', 2, 1, '2020-12-10 17:09:42'),
(150, 2, 15, 'เกาะสิเหร่', 2, 1, '2020-12-10 17:10:49'),
(151, 2, 15, 'พันวา', 2, 1, '2020-12-10 17:12:39'),
(152, 2, 15, 'โคกกลอย', 2, 1, '2020-12-10 17:19:53'),
(153, 2, 15, 'ท้ายเหมือง', 2, 1, '2020-12-10 17:22:09'),
(154, 2, 15, 'ทับละมุ', 2, 1, '2020-12-10 17:22:41'),
(155, 2, 15, 'เขาหลัก', 2, 1, '2020-12-10 17:23:13'),
(156, 2, 15, 'บางสัก', 2, 1, '2020-12-10 17:25:01'),
(157, 2, 15, 'ตะกั่วป่า', 2, 1, '2020-12-10 17:25:33'),
(158, 2, 15, 'ซิตี้ทัวร ์6ชม.รับ-ส่งภูเก็ต', 2, 1, '2020-12-10 17:26:28'),
(159, 2, 15, 'ซิตี้ทัวร์  8 ชม.รับ-ส่งภูเก็ต', 2, 1, '2020-12-10 17:27:26'),
(160, 2, 15, 'ซิตี้ทัวร์ 10 ชม.รับ-ส่งภูเก็ต', 2, 1, '2020-12-10 17:29:22'),
(161, 2, 15, 'ซิตี้ทัวร์ 12 ชม.รับ-ส่งภูเก็ต', 2, 1, '2020-12-10 17:30:13'),
(162, 2, 15, 'ซิตี้ทัวร์ 6 ชม.รับ-ส่งเขาหลัก', 2, 1, '2020-12-10 17:31:41'),
(163, 2, 15, 'ซิตี้ทัวร์ 8 ชม.รับ-ส่งเขาหลัก', 2, 1, '2020-12-10 17:32:26'),
(164, 2, 16, 'เมือง', 2, 1, '2020-12-10 20:26:02'),
(165, 2, 16, 'กะทู้', 2, 1, '2020-12-10 20:31:57'),
(166, 2, 16, 'ป่าตอง', 2, 1, '2020-12-10 20:32:37'),
(167, 2, 16, 'ไตรตรัง', 2, 1, '2020-12-10 20:33:08'),
(168, 2, 16, 'กมลา', 2, 1, '2020-12-10 20:33:32'),
(169, 2, 16, 'สุรินทร์', 2, 1, '2020-12-10 20:34:03'),
(170, 2, 16, 'บางเทา', 2, 1, '2020-12-10 20:34:29'),
(171, 2, 16, 'ลากูน่า', 2, 1, '2020-12-10 20:34:59'),
(172, 2, 16, 'เชิงทะเล', 2, 1, '2020-12-10 20:35:36'),
(173, 2, 16, 'ในทอน', 2, 1, '2020-12-10 20:36:03'),
(174, 2, 16, 'ในยาง', 2, 1, '2020-12-10 20:36:26'),
(175, 2, 16, 'ไม้ขาว', 2, 1, '2020-12-10 20:36:52'),
(176, 2, 16, 'กะตะ', 2, 1, '2020-12-10 20:37:16'),
(177, 2, 16, 'กะรน', 2, 1, '2020-12-10 20:37:41'),
(178, 2, 16, 'ฉลอง', 2, 1, '2020-12-10 20:44:41'),
(179, 2, 16, 'ราไวย์', 2, 1, '2020-12-10 20:46:30'),
(180, 2, 16, 'ในหาน', 2, 1, '2020-12-10 20:48:54'),
(181, 2, 16, 'อนุสาวรีย์', 2, 1, '2020-12-10 20:49:25'),
(182, 2, 16, 'อ่าวปอ', 2, 1, '2020-12-10 20:49:54'),
(183, 2, 16, 'เกาะสิเหร่', 2, 1, '2020-12-10 20:53:32'),
(184, 2, 16, 'พันวา', 2, 1, '2020-12-10 20:54:37'),
(185, 2, 16, 'โคกกลอย', 2, 1, '2020-12-10 20:55:22'),
(186, 2, 16, 'ท้ายเหมือง', 2, 1, '2020-12-10 20:55:54'),
(187, 2, 16, 'ทับละมุ', 2, 1, '2020-12-10 20:56:22'),
(188, 2, 16, 'เขาหลัก', 2, 1, '2020-12-10 20:57:51'),
(189, 2, 16, 'บางสัก', 2, 1, '2020-12-10 20:58:41'),
(190, 2, 16, 'ตะกั่วป่า', 2, 1, '2020-12-10 20:59:10'),
(191, 2, 16, 'ซิตี้ทัวร์ 6 ชม.รับ-ส่งภูเก็ต', 2, 1, '2020-12-10 21:00:23'),
(192, 2, 16, 'ซิตี้ทัวร์ 8 ชม.รับ-ส่งภูเก็ต', 2, 1, '2020-12-10 21:01:25'),
(193, 2, 16, 'ซิตี้ทัวร์ 10 ชม,รับ-ส่งภูเก็ต', 2, 1, '2020-12-10 21:02:15'),
(194, 2, 16, 'ซิตี้ทัวร์ 12 ชม.รับ-ส่งภูเก็ต', 2, 1, '2020-12-10 21:03:00'),
(195, 2, 16, 'ซิตี้ทัวร์ 6 ชม.รับ-ส่งเขาหลัก', 2, 1, '2020-12-10 21:04:26'),
(196, 2, 16, 'ซิตี้ทัวร์8ชม.รับ-ส่งเขาหลัก', 2, 1, '2020-12-10 21:05:15'),
(197, 1, 13, 'ตู้ VIP กะรน', 2, 0, '2020-12-29 19:17:22'),
(198, 1, 13, 'ตู้ VIP เขาหลัก', 2, 0, '2020-12-29 20:47:11'),
(199, 1, 13, 'ตู้ VIP บางเทา', 2, 0, '2020-12-29 20:39:31'),
(200, 1, 13, 'ตู้ VIP ลากูน่า', 2, 0, '2020-12-29 20:41:35'),
(201, 1, 13, 'ตู้ VIP เชิงทะเล', 2, 0, '2020-12-29 20:48:04'),
(202, 1, 11, 'ตู้กะรน', 2, 0, '2020-12-29 21:17:07'),
(203, 1, 12, '1-3 ท่าน บางเทา', 2, 0, '2020-12-29 21:46:10'),
(204, 1, 12, '1-3 ท่าน ลากูน่า', 2, 0, '2020-12-29 21:48:23'),
(205, 1, 12, '1-3 ท่าน เชิงทะเล', 2, 0, '2020-12-29 21:53:42'),
(206, 1, 11, 'ตู้เขาหลัก', 2, 0, '2020-12-29 21:31:13'),
(207, 1, 11, 'ตู้บางเทา', 2, 0, '2020-12-29 21:17:56'),
(208, 1, 11, 'ตู้ลากูน่า', 2, 0, '2020-12-29 21:28:46'),
(209, 1, 11, 'ตู้เชิงทะเล', 2, 0, '2020-12-29 21:31:48'),
(210, 1, 12, '1-3 ท่าน กะรน', 2, 0, '2020-12-29 21:39:43'),
(211, 1, 12, '1-3 ท่าน เขาหลัก', 2, 0, '2020-12-29 21:53:05'),
(212, 2, 17, 'ซิตี้ทัวร์ 6 ชม.ภูเก็ต', 2, 1, '2020-12-11 21:06:04'),
(213, 1, 7, 'speed catamaran  Phiphi (TTT#57)', 2, 0, '2020-12-16 16:17:06'),
(214, 1, 18, 'เรือหางยาว', 2, 0, '2020-12-26 12:20:17'),
(215, 1, 7, 'Flying Dolphin 3 (เปิดเรือจอยเพิ่มเฉพาะกิจ)', 2, 0, '2020-12-29 16:04:50'),
(216, 1, 19, 'Hey  Banana + Promthep', 2, 0, '2020-12-29 16:36:18'),
(217, 1, 20, 'H1 ซิตี้ทัวร์ 8 ชม.รับ-ส่ง ภูเก็ต', 2, 0, '2020-12-29 22:03:11'),
(218, 1, 21, 'Cape sienna Ocean front pool villa', 2, 0, '2020-12-30 17:16:51');

-- --------------------------------------------------------

--
-- โครงสร้างตาราง `products_category_third`
--

CREATE TABLE `products_category_third` (
  `id` int(11) NOT NULL,
  `status` int(11) NOT NULL,
  `products_category_first` int(11) NOT NULL,
  `products_category_second` int(11) NOT NULL,
  `periods_from` date NOT NULL,
  `periods_to` date NOT NULL,
  `rate_1` double(15,2) NOT NULL COMMENT 'Price for adult / car / room',
  `rate_2` double(15,2) NOT NULL COMMENT '(Sale) Price for adult / car / room',
  `rate_3` double(15,2) NOT NULL COMMENT 'Price for child / Tour / Activities',
  `rate_4` double(15,2) NOT NULL COMMENT '(Sale) Price for child / Tour / Activities',
  `charter_1` double(15,2) NOT NULL COMMENT 'Price for charter / Tour',
  `charter_2` double(15,2) NOT NULL COMMENT '(Sale) Price for charter / Tour',
  `group_1` double(15,2) NOT NULL COMMENT 'Price for group / Activities',
  `group_2` double(15,2) NOT NULL COMMENT '(Sale) Price for group / Activities',
  `transfer_1` double(15,2) NOT NULL COMMENT 'Price for transfer / Tour / Activities',
  `transfer_2` double(15,2) NOT NULL COMMENT '(Sale) Price for transfer / Tour / Activities',
  `pax` int(11) NOT NULL COMMENT 'Pax / Tour / Activities',
  `extra_hour_1` double(15,2) NOT NULL COMMENT 'Price for extra hour / Transfer',
  `extra_hour_2` double(15,2) NOT NULL COMMENT '(Sale) Price for extra hour / Transfer',
  `hours_no` int(11) NOT NULL COMMENT 'Hours / Transfer',
  `extrabeds_1` double(15,2) NOT NULL COMMENT 'Price for extra beds / Hotel',
  `extrabeds_2` double(15,2) NOT NULL COMMENT '(Sale) Price for extra beds / Hotel',
  `sharingbed_1` double(15,2) NOT NULL COMMENT 'Price for sharing bed / Hotel',
  `sharingbed_2` double(15,2) NOT NULL COMMENT '(Sale) Price for sharing bed / Hotel',
  `trash_deleted` int(11) NOT NULL,
  `last_edit_time` datetime NOT NULL
) ENGINE=InnoDB DEFAULT CHARSET=utf8mb4 COLLATE=utf8mb4_unicode_ci;

--
-- dump ตาราง `products_category_third`
--

INSERT INTO `products_category_third` (`id`, `status`, `products_category_first`, `products_category_second`, `periods_from`, `periods_to`, `rate_1`, `rate_2`, `rate_3`, `rate_4`, `charter_1`, `charter_2`, `group_1`, `group_2`, `transfer_1`, `transfer_2`, `pax`, `extra_hour_1`, `extra_hour_2`, `hours_no`, `extrabeds_1`, `extrabeds_2`, `sharingbed_1`, `sharingbed_2`, `trash_deleted`, `last_edit_time`) VALUES
(1, 1, 1, 1, '2020-11-01', '2021-12-31', 2900.00, 2900.00, 2400.00, 2400.00, 0.00, 0.00, 0.00, 0.00, 500.00, 500.00, 0, 0.00, 0.00, 0, 0.00, 0.00, 0.00, 0.00, 0, '2020-11-17 10:43:28'),
(2, 1, 2, 2, '2020-01-01', '2021-12-31', 1000.00, 1200.00, 500.00, 700.00, 0.00, 0.00, 0.00, 0.00, 300.00, 350.00, 0, 0.00, 0.00, 0, 0.00, 0.00, 0.00, 0.00, 0, '2021-01-08 11:06:13'),
(3, 1, 3, 3, '2020-11-01', '2021-12-31', 1999.00, 1999.00, 1699.00, 1699.00, 0.00, 0.00, 0.00, 0.00, 0.00, 0.00, 0, 0.00, 0.00, 0, 0.00, 0.00, 0.00, 0.00, 0, '2020-11-17 10:43:55'),
(4, 1, 4, 4, '2020-01-01', '2021-12-31', 600.00, 800.00, 300.00, 500.00, 0.00, 0.00, 0.00, 0.00, 0.00, 0.00, 0, 0.00, 0.00, 0, 0.00, 0.00, 0.00, 0.00, 0, '2021-01-08 11:06:31'),
(5, 1, 5, 5, '2020-01-01', '2021-12-31', 700.00, 1000.00, 0.00, 0.00, 0.00, 0.00, 0.00, 0.00, 0.00, 0.00, 0, 300.00, 350.00, 5, 0.00, 0.00, 0.00, 0.00, 0, '2021-01-08 11:07:26'),
(6, 1, 6, 6, '2020-01-01', '2021-12-31', 500.00, 700.00, 0.00, 0.00, 0.00, 0.00, 0.00, 0.00, 0.00, 0.00, 0, 0.00, 0.00, 0, 300.00, 400.00, 300.00, 400.00, 0, '2021-01-08 11:07:45'),
(7, 1, 7, 7, '2020-11-19', '2022-11-19', 1999.00, 1999.00, 1699.00, 1699.00, 0.00, 0.00, 0.00, 0.00, 200.00, 200.00, 0, 0.00, 0.00, 0, 0.00, 0.00, 0.00, 0.00, 0, '2020-11-21 12:34:25'),
(8, 1, 8, 8, '2020-11-21', '2022-11-21', 1600.00, 1899.00, 1050.00, 1359.00, 0.00, 0.00, 0.00, 0.00, 200.00, 200.00, 0, 0.00, 0.00, 0, 0.00, 0.00, 0.00, 0.00, 0, '2020-11-21 13:04:13'),
(9, 1, 8, 10, '2020-11-20', '2022-11-20', 1600.00, 1899.00, 1050.00, 1359.00, 0.00, 0.00, 0.00, 0.00, 300.00, 300.00, 0, 0.00, 0.00, 0, 0.00, 0.00, 0.00, 0.00, 0, '2020-11-21 11:28:53'),
(10, 2, 9, 9, '2020-11-21', '2022-11-21', 1700.00, 1999.00, 1100.00, 1399.00, 0.00, 0.00, 0.00, 0.00, 200.00, 200.00, 0, 0.00, 0.00, 0, 0.00, 0.00, 0.00, 0.00, 1, '2020-11-21 10:59:07'),
(11, 1, 9, 11, '2020-11-21', '2022-11-21', 1700.00, 1999.00, 1100.00, 1350.00, 0.00, 0.00, 0.00, 0.00, 200.00, 200.00, 0, 0.00, 0.00, 0, 0.00, 0.00, 0.00, 0.00, 0, '2020-11-21 11:11:39'),
(12, 1, 9, 12, '2020-11-21', '2022-11-21', 1700.00, 1999.00, 1100.00, 1399.00, 0.00, 0.00, 0.00, 0.00, 300.00, 300.00, 0, 0.00, 0.00, 0, 0.00, 0.00, 0.00, 0.00, 0, '2020-11-21 11:25:36'),
(13, 1, 10, 13, '2020-11-21', '2021-11-21', 2900.00, 2900.00, 2400.00, 2400.00, 0.00, 0.00, 0.00, 0.00, 0.00, 0.00, 0, 0.00, 0.00, 0, 0.00, 0.00, 0.00, 0.00, 0, '2020-11-21 12:56:40'),
(14, 1, 11, 14, '2020-11-21', '2021-11-21', 600.00, 900.00, 0.00, 0.00, 0.00, 0.00, 0.00, 0.00, 0.00, 0.00, 0, 0.00, 0.00, 0, 0.00, 0.00, 0.00, 0.00, 0, '2020-11-21 14:00:11'),
(15, 1, 11, 15, '2020-11-21', '2021-11-21', 700.00, 1000.00, 0.00, 0.00, 0.00, 0.00, 0.00, 0.00, 0.00, 0.00, 0, 0.00, 0.00, 0, 0.00, 0.00, 0.00, 0.00, 0, '2020-11-21 14:11:06'),
(16, 1, 11, 17, '2020-11-21', '2021-11-21', 700.00, 1000.00, 0.00, 0.00, 0.00, 0.00, 0.00, 0.00, 0.00, 0.00, 0, 0.00, 0.00, 0, 0.00, 0.00, 0.00, 0.00, 0, '2020-11-21 14:14:41'),
(17, 1, 11, 18, '2020-11-21', '2021-11-21', 700.00, 1000.00, 0.00, 0.00, 0.00, 0.00, 0.00, 0.00, 0.00, 0.00, 0, 0.00, 0.00, 0, 0.00, 0.00, 0.00, 0.00, 0, '2020-11-21 14:17:22'),
(18, 1, 11, 19, '2020-11-21', '2021-11-21', 700.00, 1100.00, 0.00, 0.00, 0.00, 0.00, 0.00, 0.00, 0.00, 0.00, 0, 0.00, 0.00, 0, 0.00, 0.00, 0.00, 0.00, 0, '2020-11-21 15:00:10'),
(19, 1, 11, 16, '2020-11-21', '2021-11-21', 700.00, 1000.00, 0.00, 0.00, 0.00, 0.00, 0.00, 0.00, 0.00, 0.00, 0, 0.00, 0.00, 0, 0.00, 0.00, 0.00, 0.00, 0, '2020-11-21 14:24:20'),
(20, 1, 11, 20, '2020-11-21', '2021-11-21', 700.00, 1000.00, 0.00, 0.00, 0.00, 0.00, 0.00, 0.00, 0.00, 0.00, 0, 0.00, 0.00, 0, 0.00, 0.00, 0.00, 0.00, 0, '2020-11-21 14:27:58'),
(21, 1, 11, 21, '2020-11-21', '2021-11-21', 700.00, 900.00, 0.00, 0.00, 0.00, 0.00, 0.00, 0.00, 0.00, 0.00, 0, 0.00, 0.00, 0, 0.00, 0.00, 0.00, 0.00, 0, '2020-11-21 14:31:50'),
(22, 1, 11, 22, '2020-11-21', '2021-11-21', 800.00, 1100.00, 0.00, 0.00, 0.00, 0.00, 0.00, 0.00, 0.00, 0.00, 0, 0.00, 0.00, 0, 0.00, 0.00, 0.00, 0.00, 0, '2020-11-21 14:37:14'),
(23, 1, 11, 23, '2020-11-21', '2021-11-21', 600.00, 900.00, 0.00, 0.00, 0.00, 0.00, 0.00, 0.00, 0.00, 0.00, 0, 0.00, 0.00, 0, 0.00, 0.00, 0.00, 0.00, 0, '2020-11-21 14:38:48'),
(24, 1, 11, 24, '2020-11-21', '2021-11-21', 700.00, 1100.00, 0.00, 0.00, 0.00, 0.00, 0.00, 0.00, 0.00, 0.00, 0, 0.00, 0.00, 0, 0.00, 0.00, 0.00, 0.00, 0, '2020-11-21 14:41:05'),
(25, 1, 11, 25, '2020-11-21', '2021-11-21', 800.00, 1100.00, 0.00, 0.00, 0.00, 0.00, 0.00, 0.00, 0.00, 0.00, 0, 0.00, 0.00, 0, 0.00, 0.00, 0.00, 0.00, 0, '2020-11-21 14:44:27'),
(26, 1, 11, 26, '2020-11-21', '2021-11-21', 800.00, 1100.00, 0.00, 0.00, 0.00, 0.00, 0.00, 0.00, 0.00, 0.00, 0, 0.00, 0.00, 0, 0.00, 0.00, 0.00, 0.00, 0, '2020-11-21 15:06:05'),
(27, 1, 11, 27, '2020-11-21', '2021-11-21', 600.00, 1000.00, 0.00, 0.00, 0.00, 0.00, 0.00, 0.00, 0.00, 0.00, 0, 0.00, 0.00, 0, 0.00, 0.00, 0.00, 0.00, 0, '2020-11-21 14:52:18'),
(28, 1, 11, 28, '2020-11-21', '2021-11-21', 700.00, 1100.00, 0.00, 0.00, 0.00, 0.00, 0.00, 0.00, 0.00, 0.00, 0, 0.00, 0.00, 0, 0.00, 0.00, 0.00, 0.00, 0, '2020-11-21 15:00:58'),
(29, 1, 11, 29, '2020-11-21', '2021-11-21', 700.00, 1100.00, 0.00, 0.00, 0.00, 0.00, 0.00, 0.00, 0.00, 0.00, 0, 0.00, 0.00, 0, 0.00, 0.00, 0.00, 0.00, 0, '2020-11-21 15:13:24'),
(30, 1, 11, 30, '2020-11-21', '2021-11-21', 800.00, 1100.00, 0.00, 0.00, 0.00, 0.00, 0.00, 0.00, 0.00, 0.00, 0, 0.00, 0.00, 0, 0.00, 0.00, 0.00, 0.00, 0, '2020-11-21 15:14:49'),
(31, 1, 11, 31, '2020-11-21', '2021-11-21', 600.00, 800.00, 0.00, 0.00, 0.00, 0.00, 0.00, 0.00, 0.00, 0.00, 0, 0.00, 0.00, 0, 0.00, 0.00, 0.00, 0.00, 0, '2020-11-21 15:23:14'),
(32, 1, 11, 32, '2020-11-21', '2021-11-21', 900.00, 1200.00, 0.00, 0.00, 0.00, 0.00, 0.00, 0.00, 0.00, 0.00, 0, 0.00, 0.00, 0, 0.00, 0.00, 0.00, 0.00, 0, '2020-11-21 15:26:06'),
(33, 1, 11, 33, '2020-11-21', '2021-11-21', 1300.00, 2000.00, 0.00, 0.00, 0.00, 0.00, 0.00, 0.00, 0.00, 0.00, 0, 0.00, 0.00, 0, 0.00, 0.00, 0.00, 0.00, 0, '2020-11-21 15:28:52'),
(34, 1, 11, 34, '2020-11-21', '2021-11-21', 1400.00, 2200.00, 0.00, 0.00, 0.00, 0.00, 0.00, 0.00, 0.00, 0.00, 0, 0.00, 0.00, 0, 0.00, 0.00, 0.00, 0.00, 0, '2020-11-21 15:39:55'),
(35, 1, 11, 35, '2020-11-21', '2021-11-21', 1500.00, 2800.00, 0.00, 0.00, 0.00, 0.00, 0.00, 0.00, 0.00, 0.00, 0, 0.00, 0.00, 0, 0.00, 0.00, 0.00, 0.00, 0, '2020-11-21 15:47:38'),
(36, 1, 11, 36, '2020-11-21', '2021-11-21', 1700.00, 2300.00, 0.00, 0.00, 0.00, 0.00, 0.00, 0.00, 0.00, 0.00, 0, 0.00, 0.00, 0, 0.00, 0.00, 0.00, 0.00, 0, '2020-11-21 16:13:04'),
(37, 1, 11, 37, '2020-11-21', '2021-11-21', 2200.00, 2600.00, 0.00, 0.00, 0.00, 0.00, 0.00, 0.00, 0.00, 0.00, 0, 0.00, 0.00, 0, 0.00, 0.00, 0.00, 0.00, 0, '2020-11-21 17:03:25'),
(38, 1, 11, 38, '2020-11-21', '2021-11-21', 2500.00, 3200.00, 0.00, 0.00, 0.00, 0.00, 0.00, 0.00, 0.00, 0.00, 0, 0.00, 0.00, 0, 0.00, 0.00, 0.00, 0.00, 0, '2020-11-21 17:43:17'),
(39, 1, 11, 39, '2020-11-21', '2021-11-21', 2300.00, 3400.00, 0.00, 0.00, 0.00, 0.00, 0.00, 0.00, 0.00, 0.00, 0, 0.00, 0.00, 0, 0.00, 0.00, 0.00, 0.00, 0, '2020-11-21 18:21:06'),
(40, 1, 11, 40, '2020-11-21', '2021-11-21', 2700.00, 4000.00, 0.00, 0.00, 0.00, 0.00, 0.00, 0.00, 0.00, 0.00, 0, 0.00, 0.00, 0, 0.00, 0.00, 0.00, 0.00, 0, '2020-11-21 20:18:43'),
(41, 1, 12, 41, '2020-11-21', '2021-11-21', 500.00, 600.00, 0.00, 0.00, 0.00, 0.00, 0.00, 0.00, 0.00, 0.00, 0, 0.00, 0.00, 0, 0.00, 0.00, 0.00, 0.00, 0, '2020-11-21 21:40:21'),
(42, 1, 12, 42, '2020-11-21', '2021-11-21', 500.00, 650.00, 0.00, 0.00, 0.00, 0.00, 0.00, 0.00, 0.00, 0.00, 0, 0.00, 0.00, 0, 0.00, 0.00, 0.00, 0.00, 0, '2020-11-21 21:41:54'),
(43, 1, 12, 43, '2020-11-21', '2021-11-21', 600.00, 750.00, 0.00, 0.00, 0.00, 0.00, 0.00, 0.00, 0.00, 0.00, 0, 0.00, 0.00, 0, 0.00, 0.00, 0.00, 0.00, 0, '2020-11-21 21:54:27'),
(44, 1, 12, 44, '2020-11-21', '2021-11-21', 600.00, 750.00, 0.00, 0.00, 0.00, 0.00, 0.00, 0.00, 0.00, 0.00, 0, 0.00, 0.00, 0, 0.00, 0.00, 0.00, 0.00, 0, '2020-11-21 21:56:31'),
(45, 1, 12, 45, '2020-11-23', '2021-11-23', 500.00, 750.00, 0.00, 0.00, 0.00, 0.00, 0.00, 0.00, 0.00, 0.00, 0, 0.00, 0.00, 0, 0.00, 0.00, 0.00, 0.00, 0, '2020-11-23 21:06:50'),
(46, 1, 12, 46, '2020-11-23', '2021-11-23', 500.00, 650.00, 0.00, 0.00, 0.00, 0.00, 0.00, 0.00, 0.00, 0.00, 0, 0.00, 0.00, 0, 0.00, 0.00, 0.00, 0.00, 0, '2020-11-23 21:09:55'),
(47, 1, 12, 47, '2020-11-23', '2021-11-23', 500.00, 750.00, 0.00, 0.00, 0.00, 0.00, 0.00, 0.00, 0.00, 0.00, 0, 0.00, 0.00, 0, 0.00, 0.00, 0.00, 0.00, 0, '2020-11-23 21:15:21'),
(48, 1, 12, 48, '2020-11-23', '2021-11-23', 500.00, 600.00, 0.00, 0.00, 0.00, 0.00, 0.00, 0.00, 0.00, 0.00, 0, 0.00, 0.00, 0, 0.00, 0.00, 0.00, 0.00, 0, '2020-11-23 21:17:12'),
(49, 1, 12, 49, '2020-11-23', '2021-11-23', 500.00, 650.00, 0.00, 0.00, 0.00, 0.00, 0.00, 0.00, 0.00, 0.00, 0, 0.00, 0.00, 0, 0.00, 0.00, 0.00, 0.00, 0, '2020-11-23 21:18:46'),
(50, 1, 12, 50, '2020-11-23', '2021-11-23', 700.00, 850.00, 0.00, 0.00, 0.00, 0.00, 0.00, 0.00, 0.00, 0.00, 0, 0.00, 0.00, 0, 0.00, 0.00, 0.00, 0.00, 0, '2020-11-24 19:08:54'),
(51, 1, 12, 51, '2020-11-24', '2021-11-24', 500.00, 750.00, 0.00, 0.00, 0.00, 0.00, 0.00, 0.00, 0.00, 0.00, 0, 0.00, 0.00, 0, 0.00, 0.00, 0.00, 0.00, 0, '2020-11-24 19:10:50'),
(52, 1, 12, 52, '2020-11-24', '2021-11-24', 700.00, 850.00, 0.00, 0.00, 0.00, 0.00, 0.00, 0.00, 0.00, 0.00, 0, 0.00, 0.00, 0, 0.00, 0.00, 0.00, 0.00, 0, '2020-11-24 19:12:12'),
(53, 1, 12, 53, '2020-11-24', '2021-11-24', 700.00, 850.00, 0.00, 0.00, 0.00, 0.00, 0.00, 0.00, 0.00, 0.00, 0, 0.00, 0.00, 0, 0.00, 0.00, 0.00, 0.00, 0, '2020-11-24 19:17:40'),
(54, 1, 12, 54, '2020-11-24', '2021-11-24', 500.00, 600.00, 0.00, 0.00, 0.00, 0.00, 0.00, 0.00, 0.00, 0.00, 0, 0.00, 0.00, 0, 0.00, 0.00, 0.00, 0.00, 0, '2020-11-24 19:19:34'),
(55, 1, 12, 55, '2020-11-24', '2021-11-24', 600.00, 750.00, 0.00, 0.00, 0.00, 0.00, 0.00, 0.00, 0.00, 0.00, 0, 0.00, 0.00, 0, 0.00, 0.00, 0.00, 0.00, 0, '2020-11-24 19:24:07'),
(56, 1, 12, 56, '2020-11-24', '2021-11-24', 500.00, 750.00, 0.00, 0.00, 0.00, 0.00, 0.00, 0.00, 0.00, 0.00, 0, 0.00, 0.00, 0, 0.00, 0.00, 0.00, 0.00, 0, '2020-11-24 19:28:25'),
(57, 1, 12, 57, '2020-11-24', '2021-11-24', 700.00, 850.00, 0.00, 0.00, 0.00, 0.00, 0.00, 0.00, 0.00, 0.00, 0, 0.00, 0.00, 0, 0.00, 0.00, 0.00, 0.00, 0, '2020-11-24 19:32:13'),
(58, 1, 12, 58, '2020-11-24', '2021-11-24', 500.00, 600.00, 0.00, 0.00, 0.00, 0.00, 0.00, 0.00, 0.00, 0.00, 0, 0.00, 0.00, 0, 0.00, 0.00, 0.00, 0.00, 0, '2020-11-24 19:34:32'),
(59, 1, 12, 59, '2020-11-24', '2021-11-24', 700.00, 900.00, 0.00, 0.00, 0.00, 0.00, 0.00, 0.00, 0.00, 0.00, 0, 0.00, 0.00, 0, 0.00, 0.00, 0.00, 0.00, 0, '2020-11-24 19:40:13'),
(60, 1, 12, 60, '2020-11-24', '2021-11-24', 1000.00, 1500.00, 0.00, 0.00, 0.00, 0.00, 0.00, 0.00, 0.00, 0.00, 0, 0.00, 0.00, 0, 0.00, 0.00, 0.00, 0.00, 0, '2020-11-24 19:44:53'),
(61, 1, 12, 61, '2020-11-24', '2021-11-24', 1100.00, 1700.00, 0.00, 0.00, 0.00, 0.00, 0.00, 0.00, 0.00, 0.00, 0, 0.00, 0.00, 0, 0.00, 0.00, 0.00, 0.00, 0, '2020-11-24 19:49:02'),
(62, 1, 12, 62, '2020-11-24', '2021-11-24', 1200.00, 1800.00, 0.00, 0.00, 0.00, 0.00, 0.00, 0.00, 0.00, 0.00, 0, 0.00, 0.00, 0, 0.00, 0.00, 0.00, 0.00, 0, '2020-11-24 19:51:15'),
(63, 1, 12, 63, '2020-11-24', '2021-11-24', 1500.00, 2000.00, 0.00, 0.00, 0.00, 0.00, 0.00, 0.00, 0.00, 0.00, 0, 0.00, 0.00, 0, 0.00, 0.00, 0.00, 0.00, 0, '2020-11-24 19:52:58'),
(64, 1, 12, 64, '2020-11-24', '2021-11-24', 1900.00, 2300.00, 0.00, 0.00, 0.00, 0.00, 0.00, 0.00, 0.00, 0.00, 0, 0.00, 0.00, 0, 0.00, 0.00, 0.00, 0.00, 0, '2020-11-24 19:59:50'),
(65, 1, 12, 65, '2020-11-24', '2021-11-24', 2200.00, 2900.00, 0.00, 0.00, 0.00, 0.00, 0.00, 0.00, 0.00, 0.00, 0, 0.00, 0.00, 0, 0.00, 0.00, 0.00, 0.00, 0, '2020-11-24 20:03:57'),
(66, 1, 12, 66, '2020-11-24', '2021-11-24', 2500.00, 3500.00, 0.00, 0.00, 0.00, 0.00, 0.00, 0.00, 0.00, 0.00, 0, 0.00, 0.00, 0, 0.00, 0.00, 0.00, 0.00, 0, '2020-11-24 20:49:29'),
(67, 1, 11, 67, '2020-11-24', '2021-11-24', 2800.00, 3800.00, 0.00, 0.00, 0.00, 0.00, 0.00, 0.00, 0.00, 0.00, 0, 0.00, 0.00, 0, 0.00, 0.00, 0.00, 0.00, 0, '2020-11-24 20:57:57'),
(68, 1, 12, 68, '2020-11-24', '2021-11-24', 2000.00, 2800.00, 0.00, 0.00, 0.00, 0.00, 0.00, 0.00, 0.00, 0.00, 0, 0.00, 0.00, 0, 0.00, 0.00, 0.00, 0.00, 0, '2020-11-24 21:02:24'),
(69, 1, 12, 69, '2020-11-29', '2021-11-29', 2400.00, 3400.00, 0.00, 0.00, 0.00, 0.00, 0.00, 0.00, 0.00, 0.00, 0, 0.00, 0.00, 0, 0.00, 0.00, 0.00, 0.00, 0, '2020-11-29 16:03:16'),
(70, 1, 13, 70, '2020-11-30', '2021-11-30', 800.00, 1100.00, 0.00, 0.00, 0.00, 0.00, 0.00, 0.00, 0.00, 0.00, 0, 0.00, 0.00, 0, 0.00, 0.00, 0.00, 0.00, 0, '2020-11-30 20:39:48'),
(71, 1, 13, 71, '2020-11-30', '2021-11-30', 800.00, 1100.00, 0.00, 0.00, 0.00, 0.00, 0.00, 0.00, 0.00, 0.00, 0, 0.00, 0.00, 0, 0.00, 0.00, 0.00, 0.00, 0, '2020-11-30 20:17:36'),
(72, 1, 13, 72, '2020-11-30', '2021-11-30', 800.00, 1200.00, 0.00, 0.00, 0.00, 0.00, 0.00, 0.00, 0.00, 0.00, 0, 0.00, 0.00, 0, 0.00, 0.00, 0.00, 0.00, 0, '2020-11-30 20:19:54'),
(73, 1, 13, 73, '2020-11-30', '2021-11-30', 800.00, 1200.00, 0.00, 0.00, 0.00, 0.00, 0.00, 0.00, 0.00, 0.00, 0, 0.00, 0.00, 0, 0.00, 0.00, 0.00, 0.00, 0, '2020-11-30 20:28:40'),
(74, 1, 13, 74, '2020-11-30', '2021-11-30', 800.00, 1200.00, 0.00, 0.00, 0.00, 0.00, 0.00, 0.00, 0.00, 0.00, 0, 0.00, 0.00, 0, 0.00, 0.00, 0.00, 0.00, 0, '2020-11-30 20:33:31'),
(75, 1, 13, 75, '2020-11-30', '2020-11-30', 800.00, 1300.00, 0.00, 0.00, 0.00, 0.00, 0.00, 0.00, 0.00, 0.00, 0, 0.00, 0.00, 0, 0.00, 0.00, 0.00, 0.00, 0, '2020-11-30 20:35:33'),
(76, 1, 13, 76, '2020-11-30', '2021-11-30', 800.00, 1100.00, 0.00, 0.00, 0.00, 0.00, 0.00, 0.00, 0.00, 0.00, 0, 0.00, 0.00, 0, 0.00, 0.00, 0.00, 0.00, 0, '2020-11-30 20:45:06'),
(77, 1, 13, 77, '2020-11-30', '2021-11-30', 800.00, 1000.00, 0.00, 0.00, 0.00, 0.00, 0.00, 0.00, 0.00, 0.00, 0, 0.00, 0.00, 0, 0.00, 0.00, 0.00, 0.00, 0, '2020-11-30 20:46:03'),
(78, 1, 13, 78, '2020-12-06', '2021-12-06', 800.00, 1000.00, 0.00, 0.00, 0.00, 0.00, 0.00, 0.00, 0.00, 0.00, 0, 0.00, 0.00, 0, 0.00, 0.00, 0.00, 0.00, 0, '2020-12-06 12:39:30'),
(79, 1, 13, 79, '2020-12-06', '2021-12-06', 800.00, 1300.00, 0.00, 0.00, 0.00, 0.00, 0.00, 0.00, 0.00, 0.00, 0, 0.00, 0.00, 0, 0.00, 0.00, 0.00, 0.00, 0, '2020-12-06 12:42:02'),
(80, 1, 13, 80, '2020-12-06', '2021-12-06', 800.00, 1200.00, 0.00, 0.00, 0.00, 0.00, 0.00, 0.00, 0.00, 0.00, 0, 0.00, 0.00, 0, 0.00, 0.00, 0.00, 0.00, 0, '2020-12-06 12:49:16'),
(81, 1, 13, 81, '2020-12-06', '2021-12-06', 800.00, 1300.00, 0.00, 0.00, 0.00, 0.00, 0.00, 0.00, 0.00, 0.00, 0, 0.00, 0.00, 0, 0.00, 0.00, 0.00, 0.00, 0, '2020-12-06 12:52:37'),
(82, 1, 13, 82, '2020-12-06', '2021-12-06', 800.00, 1300.00, 0.00, 0.00, 0.00, 0.00, 0.00, 0.00, 0.00, 0.00, 0, 0.00, 0.00, 0, 0.00, 0.00, 0.00, 0.00, 0, '2020-12-06 12:53:58'),
(83, 1, 13, 83, '2020-12-06', '2021-12-06', 800.00, 1200.00, 0.00, 0.00, 0.00, 0.00, 0.00, 0.00, 0.00, 0.00, 0, 0.00, 0.00, 0, 0.00, 0.00, 0.00, 0.00, 0, '2020-12-06 12:55:56'),
(84, 1, 13, 84, '2020-12-06', '2021-12-06', 800.00, 1300.00, 0.00, 0.00, 0.00, 0.00, 0.00, 0.00, 0.00, 0.00, 0, 0.00, 0.00, 0, 0.00, 0.00, 0.00, 0.00, 0, '2020-12-06 12:57:48'),
(85, 1, 13, 85, '2020-12-06', '2021-12-06', 800.00, 1200.00, 0.00, 0.00, 0.00, 0.00, 0.00, 0.00, 0.00, 0.00, 0, 0.00, 0.00, 0, 0.00, 0.00, 0.00, 0.00, 0, '2020-12-06 12:59:51'),
(86, 1, 13, 86, '2020-12-06', '2021-12-06', 800.00, 1300.00, 0.00, 0.00, 0.00, 0.00, 0.00, 0.00, 0.00, 0.00, 0, 0.00, 0.00, 0, 0.00, 0.00, 0.00, 0.00, 0, '2020-12-06 13:04:09'),
(87, 1, 13, 87, '2020-12-06', '2021-12-06', 800.00, 1100.00, 0.00, 0.00, 0.00, 0.00, 0.00, 0.00, 0.00, 0.00, 0, 0.00, 0.00, 0, 0.00, 0.00, 0.00, 0.00, 0, '2020-12-06 13:05:17'),
(88, 1, 13, 88, '2020-12-06', '2020-12-06', 1000.00, 1500.00, 0.00, 0.00, 0.00, 0.00, 0.00, 0.00, 0.00, 0.00, 0, 0.00, 0.00, 0, 0.00, 0.00, 0.00, 0.00, 0, '2020-12-06 13:06:52'),
(89, 1, 13, 89, '2020-12-06', '2021-12-06', 1500.00, 2600.00, 0.00, 0.00, 0.00, 0.00, 0.00, 0.00, 0.00, 0.00, 0, 0.00, 0.00, 0, 0.00, 0.00, 0.00, 0.00, 0, '2020-12-06 13:08:06'),
(90, 1, 13, 90, '2020-12-06', '2021-12-06', 1700.00, 2300.00, 0.00, 0.00, 0.00, 0.00, 0.00, 0.00, 0.00, 0.00, 0, 0.00, 0.00, 0, 0.00, 0.00, 0.00, 0.00, 0, '2020-12-06 13:16:39'),
(91, 1, 13, 91, '2020-12-06', '2021-12-06', 2000.00, 3000.00, 0.00, 0.00, 0.00, 0.00, 0.00, 0.00, 0.00, 0.00, 0, 0.00, 0.00, 0, 0.00, 0.00, 0.00, 0.00, 0, '2020-12-06 13:19:46'),
(92, 1, 13, 92, '2020-12-06', '2021-12-06', 1800.00, 2500.00, 0.00, 0.00, 0.00, 0.00, 0.00, 0.00, 0.00, 0.00, 0, 0.00, 0.00, 0, 0.00, 0.00, 0.00, 0.00, 0, '2020-12-06 13:21:55'),
(93, 1, 13, 93, '2020-12-06', '2021-12-06', 3000.00, 3400.00, 0.00, 0.00, 0.00, 0.00, 0.00, 0.00, 0.00, 0.00, 0, 0.00, 0.00, 0, 0.00, 0.00, 0.00, 0.00, 0, '2020-12-06 13:26:37'),
(94, 1, 13, 94, '2020-12-06', '2021-12-06', 3600.00, 4000.00, 0.00, 0.00, 0.00, 0.00, 0.00, 0.00, 0.00, 0.00, 0, 0.00, 0.00, 12, 0.00, 0.00, 0.00, 0.00, 0, '2020-12-29 22:22:38'),
(95, 1, 13, 95, '2020-12-06', '2021-12-06', 3000.00, 3800.00, 0.00, 0.00, 0.00, 0.00, 0.00, 0.00, 0.00, 0.00, 0, 0.00, 0.00, 0, 0.00, 0.00, 0.00, 0.00, 0, '2020-12-06 16:45:59'),
(96, 1, 13, 96, '2020-12-06', '2021-12-06', 3000.00, 3800.00, 0.00, 0.00, 0.00, 0.00, 0.00, 0.00, 0.00, 0.00, 0, 0.00, 0.00, 0, 0.00, 0.00, 0.00, 0.00, 0, '2020-12-06 18:05:45'),
(97, 1, 13, 97, '2020-12-06', '2021-12-06', 3500.00, 4400.00, 0.00, 0.00, 0.00, 0.00, 0.00, 0.00, 0.00, 0.00, 0, 0.00, 0.00, 0, 0.00, 0.00, 0.00, 0.00, 0, '2020-12-06 18:11:51'),
(98, 2, 14, 98, '2020-12-06', '2021-12-06', 500.00, 550.00, 0.00, 0.00, 0.00, 0.00, 0.00, 0.00, 0.00, 0.00, 0, 0.00, 0.00, 0, 0.00, 0.00, 0.00, 0.00, 1, '2020-12-06 18:18:30'),
(99, 2, 14, 99, '2020-12-06', '2021-12-06', 500.00, 600.00, 0.00, 0.00, 0.00, 0.00, 0.00, 0.00, 0.00, 0.00, 0, 0.00, 0.00, 0, 0.00, 0.00, 0.00, 0.00, 1, '2020-12-06 18:20:05'),
(100, 2, 14, 100, '2020-12-06', '2020-12-06', 600.00, 700.00, 0.00, 0.00, 0.00, 0.00, 0.00, 0.00, 0.00, 0.00, 0, 0.00, 0.00, 0, 0.00, 0.00, 0.00, 0.00, 1, '2020-12-06 18:23:57'),
(101, 2, 14, 101, '2020-12-06', '2021-12-06', 600.00, 750.00, 0.00, 0.00, 0.00, 0.00, 0.00, 0.00, 0.00, 0.00, 0, 0.00, 0.00, 0, 0.00, 0.00, 0.00, 0.00, 1, '2020-12-06 18:30:26'),
(102, 2, 14, 102, '2020-12-10', '2021-12-10', 500.00, 700.00, 0.00, 0.00, 0.00, 0.00, 0.00, 0.00, 0.00, 0.00, 0, 0.00, 0.00, 0, 0.00, 0.00, 0.00, 0.00, 1, '2020-12-10 14:53:53'),
(103, 2, 14, 110, '2020-12-10', '2021-12-10', 700.00, 800.00, 0.00, 0.00, 0.00, 0.00, 0.00, 0.00, 0.00, 0.00, 0, 0.00, 0.00, 0, 0.00, 0.00, 0.00, 0.00, 1, '2020-12-10 15:36:52'),
(104, 2, 14, 111, '2020-12-10', '2021-12-10', 700.00, 800.00, 0.00, 0.00, 0.00, 0.00, 0.00, 0.00, 0.00, 0.00, 0, 0.00, 0.00, 0, 0.00, 0.00, 0.00, 0.00, 1, '2020-12-10 15:37:45'),
(105, 2, 14, 112, '2020-12-10', '2021-12-10', 500.00, 700.00, 0.00, 0.00, 0.00, 0.00, 0.00, 0.00, 0.00, 0.00, 0, 0.00, 0.00, 0, 0.00, 0.00, 0.00, 0.00, 1, '2020-12-10 15:39:09'),
(106, 2, 14, 127, '2020-12-10', '2021-12-10', 2200.00, 2800.00, 0.00, 0.00, 0.00, 0.00, 0.00, 0.00, 0.00, 0.00, 0, 0.00, 0.00, 0, 0.00, 0.00, 0.00, 0.00, 1, '2020-12-10 15:43:36'),
(107, 2, 14, 128, '2020-12-10', '2021-12-10', 2500.00, 3300.00, 0.00, 0.00, 0.00, 0.00, 0.00, 0.00, 0.00, 0.00, 0, 0.00, 0.00, 0, 0.00, 0.00, 0.00, 0.00, 1, '2020-12-10 15:44:49'),
(108, 2, 14, 125, '2020-12-10', '2021-12-10', 1500.00, 1800.00, 0.00, 0.00, 0.00, 0.00, 0.00, 0.00, 0.00, 0.00, 0, 0.00, 0.00, 0, 0.00, 0.00, 0.00, 0.00, 1, '2020-12-10 15:46:06'),
(109, 2, 14, 129, '2020-12-10', '2021-12-10', 2000.00, 2700.00, 0.00, 0.00, 0.00, 0.00, 0.00, 0.00, 0.00, 0.00, 0, 0.00, 0.00, 0, 0.00, 0.00, 0.00, 0.00, 1, '2020-12-10 15:48:15'),
(110, 2, 14, 126, '2020-12-10', '2021-12-10', 1900.00, 2100.00, 0.00, 0.00, 0.00, 0.00, 0.00, 0.00, 0.00, 0.00, 0, 0.00, 0.00, 0, 0.00, 0.00, 0.00, 0.00, 1, '2020-12-10 15:49:43'),
(111, 2, 14, 130, '2020-12-10', '2021-12-10', 2400.00, 3200.00, 0.00, 0.00, 0.00, 0.00, 0.00, 0.00, 0.00, 0.00, 0, 0.00, 0.00, 0, 0.00, 0.00, 0.00, 0.00, 1, '2020-12-10 15:51:29'),
(112, 2, 14, 124, '2020-12-10', '2021-12-10', 1200.00, 1600.00, 0.00, 0.00, 0.00, 0.00, 0.00, 0.00, 0.00, 0.00, 0, 0.00, 0.00, 0, 0.00, 0.00, 0.00, 0.00, 1, '2020-12-10 15:52:35'),
(113, 2, 14, 121, '2020-12-10', '2021-12-10', 1000.00, 1300.00, 0.00, 0.00, 0.00, 0.00, 0.00, 0.00, 0.00, 0.00, 0, 0.00, 0.00, 0, 0.00, 0.00, 0.00, 0.00, 1, '2020-12-10 15:53:22'),
(114, 2, 14, 120, '2020-12-10', '2021-12-10', 700.00, 850.00, 0.00, 0.00, 0.00, 0.00, 0.00, 0.00, 0.00, 0.00, 0, 0.00, 0.00, 0, 0.00, 0.00, 0.00, 0.00, 1, '2020-12-10 15:54:54'),
(115, 2, 14, 123, '2020-12-10', '2021-12-10', 1100.00, 1400.00, 0.00, 0.00, 0.00, 0.00, 0.00, 0.00, 0.00, 0.00, 0, 0.00, 0.00, 0, 0.00, 0.00, 0.00, 0.00, 1, '2020-12-10 15:56:20'),
(116, 2, 14, 104, '2020-12-10', '2021-12-10', 500.00, 600.00, 0.00, 0.00, 0.00, 0.00, 0.00, 0.00, 0.00, 0.00, 0, 0.00, 0.00, 0, 0.00, 0.00, 0.00, 0.00, 1, '2020-12-10 15:57:23'),
(117, 2, 14, 118, '2020-12-10', '2021-12-10', 700.00, 800.00, 0.00, 0.00, 0.00, 0.00, 0.00, 0.00, 0.00, 0.00, 0, 0.00, 0.00, 0, 0.00, 0.00, 0.00, 0.00, 1, '2020-12-10 15:58:49'),
(118, 2, 14, 113, '2020-12-10', '2021-12-10', 700.00, 800.00, 0.00, 0.00, 0.00, 0.00, 0.00, 0.00, 0.00, 0.00, 0, 0.00, 0.00, 0, 0.00, 0.00, 0.00, 0.00, 1, '2020-12-10 15:59:47'),
(119, 2, 14, 105, '2020-12-10', '2021-12-10', 500.00, 600.00, 0.00, 0.00, 0.00, 0.00, 0.00, 0.00, 0.00, 0.00, 0, 0.00, 0.00, 0, 0.00, 0.00, 0.00, 0.00, 1, '2020-12-10 16:00:52'),
(120, 2, 14, 103, '2020-12-10', '2021-12-10', 500.00, 600.00, 0.00, 0.00, 0.00, 0.00, 0.00, 0.00, 0.00, 0.00, 0, 0.00, 0.00, 0, 0.00, 0.00, 0.00, 0.00, 1, '2020-12-10 16:01:58'),
(121, 2, 14, 115, '2020-12-10', '2021-12-10', 500.00, 550.00, 0.00, 0.00, 0.00, 0.00, 0.00, 0.00, 0.00, 0.00, 0, 0.00, 0.00, 0, 0.00, 0.00, 0.00, 0.00, 1, '2020-12-10 16:02:58'),
(122, 2, 14, 116, '2020-12-10', '2021-12-10', 600.00, 700.00, 0.00, 0.00, 0.00, 0.00, 0.00, 0.00, 0.00, 0.00, 0, 0.00, 0.00, 0, 0.00, 0.00, 0.00, 0.00, 1, '2020-12-10 16:03:46'),
(123, 2, 14, 117, '2020-12-10', '2021-12-10', 500.00, 700.00, 0.00, 0.00, 0.00, 0.00, 0.00, 0.00, 0.00, 0.00, 0, 0.00, 0.00, 0, 0.00, 0.00, 0.00, 0.00, 1, '2020-12-10 16:08:03'),
(124, 2, 14, 122, '2020-12-10', '2021-12-10', 1000.00, 1300.00, 0.00, 0.00, 0.00, 0.00, 0.00, 0.00, 0.00, 0.00, 0, 0.00, 0.00, 0, 0.00, 0.00, 0.00, 0.00, 1, '2020-12-10 16:19:41'),
(125, 2, 14, 106, '2020-12-10', '2021-12-10', 500.00, 600.00, 0.00, 0.00, 0.00, 0.00, 0.00, 0.00, 0.00, 0.00, 0, 0.00, 0.00, 0, 0.00, 0.00, 0.00, 0.00, 1, '2020-12-10 16:20:48'),
(126, 2, 14, 119, '2020-12-10', '2021-12-10', 500.00, 550.00, 0.00, 0.00, 0.00, 0.00, 0.00, 0.00, 0.00, 0.00, 0, 0.00, 0.00, 0, 0.00, 0.00, 0.00, 0.00, 1, '2020-12-10 16:30:01'),
(127, 2, 14, 107, '2020-12-10', '2021-12-10', 500.00, 700.00, 0.00, 0.00, 0.00, 0.00, 0.00, 0.00, 0.00, 0.00, 0, 0.00, 0.00, 0, 0.00, 0.00, 0.00, 0.00, 1, '2020-12-10 16:31:14'),
(128, 2, 14, 108, '2020-12-10', '2021-12-10', 500.00, 550.00, 0.00, 0.00, 0.00, 0.00, 0.00, 0.00, 0.00, 0.00, 0, 0.00, 0.00, 0, 0.00, 0.00, 0.00, 0.00, 1, '2020-12-10 16:33:43'),
(129, 2, 14, 114, '2020-12-10', '2021-12-10', 700.00, 800.00, 0.00, 0.00, 0.00, 0.00, 0.00, 0.00, 0.00, 0.00, 0, 0.00, 0.00, 0, 0.00, 0.00, 0.00, 0.00, 1, '2020-12-10 16:35:30'),
(130, 2, 14, 109, '2020-12-10', '2021-12-10', 500.00, 600.00, 0.00, 0.00, 0.00, 0.00, 0.00, 0.00, 0.00, 0.00, 0, 0.00, 0.00, 0, 0.00, 0.00, 0.00, 0.00, 1, '2020-12-10 16:36:19'),
(131, 2, 15, 135, '2020-12-10', '2021-12-10', 700.00, 900.00, 0.00, 0.00, 0.00, 0.00, 0.00, 0.00, 0.00, 0.00, 0, 0.00, 0.00, 0, 0.00, 0.00, 0.00, 0.00, 1, '2020-12-10 17:49:14'),
(132, 2, 15, 143, '2020-12-10', '2021-12-10', 800.00, 1000.00, 0.00, 0.00, 0.00, 0.00, 0.00, 0.00, 0.00, 0.00, 0, 0.00, 0.00, 0, 0.00, 0.00, 0.00, 0.00, 1, '2020-12-10 18:12:07'),
(133, 2, 15, 132, '2020-12-10', '2021-12-10', 700.00, 800.00, 0.00, 0.00, 0.00, 0.00, 0.00, 0.00, 0.00, 0.00, 0, 0.00, 0.00, 0, 0.00, 0.00, 0.00, 0.00, 1, '2020-12-10 18:12:58'),
(134, 2, 15, 144, '2020-12-10', '2021-12-10', 800.00, 1000.00, 0.00, 0.00, 0.00, 0.00, 0.00, 0.00, 0.00, 0.00, 0, 0.00, 0.00, 0, 0.00, 0.00, 0.00, 0.00, 1, '2020-12-10 18:17:07'),
(135, 2, 15, 145, '2020-12-10', '2021-12-10', 700.00, 900.00, 0.00, 0.00, 0.00, 0.00, 0.00, 0.00, 0.00, 0.00, 0, 0.00, 0.00, 0, 0.00, 0.00, 0.00, 0.00, 1, '2020-12-10 18:18:03'),
(136, 2, 15, 158, '2020-12-10', '2021-12-10', 1700.00, 2200.00, 0.00, 0.00, 0.00, 0.00, 0.00, 0.00, 0.00, 0.00, 0, 0.00, 0.00, 0, 0.00, 0.00, 0.00, 0.00, 1, '2020-12-10 18:19:16'),
(137, 2, 15, 159, '2020-12-10', '2021-12-10', 2200.00, 2500.00, 0.00, 0.00, 0.00, 0.00, 0.00, 0.00, 0.00, 0.00, 0, 0.00, 0.00, 0, 0.00, 0.00, 0.00, 0.00, 1, '2020-12-10 18:20:16'),
(138, 2, 15, 160, '2020-12-10', '2021-12-10', 2500.00, 3100.00, 0.00, 0.00, 0.00, 0.00, 0.00, 0.00, 0.00, 0.00, 0, 0.00, 0.00, 0, 0.00, 0.00, 0.00, 0.00, 1, '2020-12-10 18:22:13'),
(139, 2, 15, 161, '2020-12-10', '2021-12-10', 2800.00, 3600.00, 0.00, 0.00, 0.00, 0.00, 0.00, 0.00, 0.00, 0.00, 0, 0.00, 0.00, 0, 0.00, 0.00, 0.00, 0.00, 1, '2020-12-10 18:23:07'),
(140, 2, 15, 162, '2020-12-10', '2021-12-10', 2300.00, 3300.00, 0.00, 0.00, 0.00, 0.00, 0.00, 0.00, 0.00, 0.00, 0, 0.00, 0.00, 0, 0.00, 0.00, 0.00, 0.00, 1, '2020-12-10 18:24:34'),
(141, 2, 15, 163, '2020-12-10', '2021-12-10', 2700.00, 3800.00, 0.00, 0.00, 0.00, 0.00, 0.00, 0.00, 0.00, 0.00, 0, 0.00, 0.00, 0, 0.00, 0.00, 0.00, 0.00, 1, '2020-12-10 18:25:27'),
(142, 2, 15, 157, '2020-12-10', '2021-12-10', 1500.00, 2000.00, 0.00, 0.00, 0.00, 0.00, 0.00, 0.00, 0.00, 0.00, 0, 0.00, 0.00, 0, 0.00, 0.00, 0.00, 0.00, 1, '2020-12-10 18:32:12'),
(143, 2, 15, 154, '2020-12-10', '2020-12-10', 1300.00, 1600.00, 0.00, 0.00, 0.00, 0.00, 0.00, 0.00, 0.00, 0.00, 0, 0.00, 0.00, 0, 0.00, 0.00, 0.00, 0.00, 1, '2020-12-10 18:34:53'),
(144, 2, 15, 153, '2020-12-10', '2020-12-10', 900.00, 1000.00, 0.00, 0.00, 0.00, 0.00, 0.00, 0.00, 0.00, 0.00, 0, 0.00, 0.00, 0, 0.00, 0.00, 0.00, 0.00, 1, '2020-12-10 18:58:03'),
(145, 2, 15, 156, '2020-12-10', '2021-12-10', 1400.00, 1800.00, 0.00, 0.00, 0.00, 0.00, 0.00, 0.00, 0.00, 0.00, 0, 0.00, 0.00, 0, 0.00, 0.00, 0.00, 0.00, 1, '2020-12-10 19:00:25'),
(146, 2, 15, 137, '2020-12-10', '2021-12-10', 700.00, 900.00, 0.00, 0.00, 0.00, 0.00, 0.00, 0.00, 0.00, 0.00, 0, 0.00, 0.00, 0, 0.00, 0.00, 0.00, 0.00, 1, '2020-12-10 19:12:27'),
(147, 2, 15, 133, '2020-12-10', '2021-12-10', 700.00, 900.00, 0.00, 0.00, 0.00, 0.00, 0.00, 0.00, 0.00, 0.00, 0, 0.00, 0.00, 0, 0.00, 0.00, 0.00, 0.00, 1, '2020-12-10 19:14:36'),
(148, 2, 15, 151, '2020-12-10', '2021-12-10', 800.00, 1000.00, 0.00, 0.00, 0.00, 0.00, 0.00, 0.00, 0.00, 0.00, 0, 0.00, 0.00, 0, 0.00, 0.00, 0.00, 0.00, 1, '2020-12-10 19:45:16'),
(149, 2, 15, 146, '2020-12-10', '2021-12-10', 800.00, 1000.00, 0.00, 0.00, 0.00, 0.00, 0.00, 0.00, 0.00, 0.00, 0, 0.00, 0.00, 0, 0.00, 0.00, 0.00, 0.00, 1, '2020-12-10 19:47:58'),
(150, 2, 15, 138, '2020-12-10', '2021-12-10', 700.00, 900.00, 0.00, 0.00, 0.00, 0.00, 0.00, 0.00, 0.00, 0.00, 0, 0.00, 0.00, 0, 0.00, 0.00, 0.00, 0.00, 1, '2020-12-10 19:51:59'),
(151, 2, 15, 136, '2020-12-10', '2021-12-10', 700.00, 900.00, 0.00, 0.00, 0.00, 0.00, 0.00, 0.00, 0.00, 0.00, 0, 0.00, 0.00, 0, 0.00, 0.00, 0.00, 0.00, 1, '2020-12-10 19:52:45'),
(152, 2, 15, 148, '2020-12-10', '2021-12-10', 600.00, 800.00, 0.00, 0.00, 0.00, 0.00, 0.00, 0.00, 0.00, 0.00, 0, 0.00, 0.00, 0, 0.00, 0.00, 0.00, 0.00, 1, '2020-12-10 19:54:09'),
(153, 2, 15, 149, '2020-12-10', '2021-12-10', 700.00, 1000.00, 0.00, 0.00, 0.00, 0.00, 0.00, 0.00, 0.00, 0.00, 0, 0.00, 0.00, 0, 0.00, 0.00, 0.00, 0.00, 1, '2020-12-10 19:55:25'),
(154, 2, 15, 150, '2020-12-10', '2021-12-10', 700.00, 1000.00, 0.00, 0.00, 0.00, 0.00, 0.00, 0.00, 0.00, 0.00, 0, 0.00, 0.00, 0, 0.00, 0.00, 0.00, 0.00, 1, '2020-12-10 19:56:36'),
(155, 2, 15, 155, '2020-12-10', '2021-12-10', 1300.00, 1600.00, 0.00, 0.00, 0.00, 0.00, 0.00, 0.00, 0.00, 0.00, 0, 0.00, 0.00, 0, 0.00, 0.00, 0.00, 0.00, 1, '2020-12-10 19:57:24'),
(156, 2, 15, 139, '2020-12-10', '2021-12-10', 700.00, 900.00, 0.00, 0.00, 0.00, 0.00, 0.00, 0.00, 0.00, 0.00, 0, 0.00, 0.00, 0, 0.00, 0.00, 0.00, 0.00, 1, '2020-12-10 19:58:23'),
(157, 2, 15, 131, '2020-12-10', '2021-12-10', 600.00, 800.00, 0.00, 0.00, 0.00, 0.00, 0.00, 0.00, 0.00, 0.00, 0, 0.00, 0.00, 0, 0.00, 0.00, 0.00, 0.00, 1, '2020-12-10 19:59:06'),
(158, 2, 15, 152, '2020-12-10', '2021-12-10', 600.00, 700.00, 0.00, 0.00, 0.00, 0.00, 0.00, 0.00, 0.00, 0.00, 0, 0.00, 0.00, 0, 0.00, 0.00, 0.00, 0.00, 1, '2020-12-10 19:59:59'),
(159, 2, 15, 140, '2020-12-10', '2021-12-10', 700.00, 900.00, 0.00, 0.00, 0.00, 0.00, 0.00, 0.00, 0.00, 0.00, 0, 0.00, 0.00, 0, 0.00, 0.00, 0.00, 0.00, 1, '2020-12-10 20:01:07'),
(160, 2, 15, 141, '2020-12-10', '2021-12-10', 700.00, 800.00, 0.00, 0.00, 0.00, 0.00, 0.00, 0.00, 0.00, 0.00, 0, 0.00, 0.00, 0, 0.00, 0.00, 0.00, 0.00, 1, '2020-12-10 20:03:38'),
(161, 2, 15, 147, '2020-12-10', '2021-12-10', 800.00, 1000.00, 0.00, 0.00, 0.00, 0.00, 0.00, 0.00, 0.00, 0.00, 0, 0.00, 0.00, 0, 0.00, 0.00, 0.00, 0.00, 1, '2020-12-10 20:04:42'),
(162, 2, 15, 134, '2020-12-10', '2021-12-10', 700.00, 900.00, 0.00, 0.00, 0.00, 0.00, 0.00, 0.00, 0.00, 0.00, 0, 0.00, 0.00, 0, 0.00, 0.00, 0.00, 0.00, 1, '2020-12-10 20:08:51'),
(163, 2, 15, 142, '2020-12-10', '2021-12-10', 600.00, 800.00, 0.00, 0.00, 0.00, 0.00, 0.00, 0.00, 0.00, 0.00, 0, 0.00, 0.00, 0, 0.00, 0.00, 0.00, 0.00, 1, '2020-12-10 20:23:35'),
(164, 1, 13, 197, '2020-12-10', '2021-12-10', 800.00, 1300.00, 0.00, 0.00, 0.00, 0.00, 0.00, 0.00, 0.00, 0.00, 0, 0.00, 0.00, 0, 0.00, 0.00, 0.00, 0.00, 0, '2020-12-10 21:06:51'),
(165, 1, 13, 198, '2020-12-10', '2021-12-10', 1500.00, 2600.00, 0.00, 0.00, 0.00, 0.00, 0.00, 0.00, 0.00, 0.00, 0, 0.00, 0.00, 0, 0.00, 0.00, 0.00, 0.00, 0, '2020-12-10 21:09:18'),
(166, 1, 13, 201, '2020-12-10', '2021-12-10', 800.00, 1300.00, 0.00, 0.00, 0.00, 0.00, 0.00, 0.00, 0.00, 0.00, 0, 0.00, 0.00, 0, 0.00, 0.00, 0.00, 0.00, 0, '2020-12-10 21:12:54'),
(167, 1, 13, 200, '2020-12-10', '2021-12-10', 800.00, 1300.00, 0.00, 0.00, 0.00, 0.00, 0.00, 0.00, 0.00, 0.00, 0, 0.00, 0.00, 0, 0.00, 0.00, 0.00, 0.00, 0, '2020-12-10 21:14:24'),
(168, 1, 13, 199, '2020-12-10', '2021-12-10', 800.00, 1300.00, 0.00, 0.00, 0.00, 0.00, 0.00, 0.00, 0.00, 0.00, 0, 0.00, 0.00, 0, 0.00, 0.00, 0.00, 0.00, 0, '2020-12-10 21:15:00'),
(169, 1, 11, 202, '2020-12-10', '2021-12-10', 800.00, 1100.00, 0.00, 0.00, 0.00, 0.00, 0.00, 0.00, 0.00, 0.00, 0, 0.00, 0.00, 0, 0.00, 0.00, 0.00, 0.00, 0, '2020-12-10 21:20:42'),
(170, 1, 12, 210, '2020-12-11', '2021-12-11', 700.00, 850.00, 0.00, 0.00, 0.00, 0.00, 0.00, 0.00, 0.00, 0.00, 0, 0.00, 0.00, 0, 0.00, 0.00, 0.00, 0.00, 0, '2020-12-11 11:19:23'),
(171, 1, 12, 203, '2020-12-11', '2021-12-11', 500.00, 650.00, 0.00, 0.00, 0.00, 0.00, 0.00, 0.00, 0.00, 0.00, 0, 0.00, 0.00, 0, 0.00, 0.00, 0.00, 0.00, 0, '2020-12-11 11:23:53'),
(172, 1, 12, 204, '2020-12-11', '2021-12-11', 500.00, 650.00, 0.00, 0.00, 0.00, 0.00, 0.00, 0.00, 0.00, 0.00, 0, 0.00, 0.00, 0, 0.00, 0.00, 0.00, 0.00, 0, '2020-12-11 11:29:45'),
(173, 2, 16, 168, '2020-12-11', '2021-12-11', 800.00, 1100.00, 0.00, 0.00, 0.00, 0.00, 0.00, 0.00, 0.00, 0.00, 0, 0.00, 0.00, 0, 0.00, 0.00, 0.00, 0.00, 1, '2020-12-11 14:59:44'),
(174, 1, 12, 211, '2020-12-11', '2021-12-11', 1000.00, 1500.00, 0.00, 0.00, 0.00, 0.00, 0.00, 0.00, 0.00, 0.00, 0, 0.00, 0.00, 0, 0.00, 0.00, 0.00, 0.00, 0, '2020-12-11 15:09:06'),
(175, 1, 12, 205, '2020-12-11', '2021-12-11', 500.00, 650.00, 0.00, 0.00, 0.00, 0.00, 0.00, 0.00, 0.00, 0.00, 0, 0.00, 0.00, 0, 0.00, 0.00, 0.00, 0.00, 0, '2020-12-11 16:22:14'),
(176, 1, 11, 207, '2020-12-11', '2021-12-11', 700.00, 1100.00, 0.00, 0.00, 0.00, 0.00, 0.00, 0.00, 0.00, 0.00, 0, 0.00, 0.00, 0, 0.00, 0.00, 0.00, 0.00, 0, '2020-12-11 16:26:08'),
(177, 1, 11, 208, '2020-12-11', '2021-12-11', 700.00, 1100.00, 0.00, 0.00, 0.00, 0.00, 0.00, 0.00, 0.00, 0.00, 0, 0.00, 0.00, 0, 0.00, 0.00, 0.00, 0.00, 0, '2020-12-11 16:28:58'),
(178, 1, 11, 206, '2020-12-11', '2021-12-11', 1300.00, 2000.00, 0.00, 0.00, 0.00, 0.00, 0.00, 0.00, 0.00, 0.00, 0, 0.00, 0.00, 0, 0.00, 0.00, 0.00, 0.00, 0, '2020-12-11 16:30:59'),
(179, 1, 11, 209, '2020-12-11', '2021-12-11', 700.00, 1100.00, 0.00, 0.00, 0.00, 0.00, 0.00, 0.00, 0.00, 0.00, 0, 0.00, 0.00, 0, 0.00, 0.00, 0.00, 0.00, 0, '2020-12-11 16:32:21'),
(180, 2, 16, 176, '2020-12-11', '2021-12-11', 800.00, 1200.00, 0.00, 0.00, 0.00, 0.00, 0.00, 0.00, 0.00, 0.00, 0, 0.00, 0.00, 0, 0.00, 0.00, 0.00, 0.00, 1, '2020-12-11 16:50:05'),
(181, 2, 16, 165, '2020-12-11', '2021-12-11', 800.00, 1000.00, 0.00, 0.00, 0.00, 0.00, 0.00, 0.00, 0.00, 0.00, 0, 0.00, 0.00, 0, 0.00, 0.00, 0.00, 0.00, 1, '2020-12-11 16:51:21'),
(182, 2, 16, 177, '2020-12-11', '2021-12-11', 800.00, 1200.00, 0.00, 0.00, 0.00, 0.00, 0.00, 0.00, 0.00, 0.00, 0, 0.00, 0.00, 0, 0.00, 0.00, 0.00, 0.00, 1, '2020-12-11 16:52:18'),
(183, 2, 16, 178, '2020-12-11', '2021-12-11', 800.00, 1100.00, 0.00, 0.00, 0.00, 0.00, 0.00, 0.00, 0.00, 0.00, 0, 0.00, 0.00, 0, 0.00, 0.00, 0.00, 0.00, 1, '2020-12-11 16:53:36'),
(184, 2, 16, 193, '2020-12-11', '2021-12-11', 3000.00, 3300.00, 0.00, 0.00, 0.00, 0.00, 0.00, 0.00, 0.00, 0.00, 0, 0.00, 0.00, 0, 0.00, 0.00, 0.00, 0.00, 1, '2020-12-11 16:54:36'),
(185, 2, 16, 194, '2020-12-11', '2021-12-11', 3600.00, 3800.00, 0.00, 0.00, 0.00, 0.00, 0.00, 0.00, 0.00, 0.00, 0, 0.00, 0.00, 0, 0.00, 0.00, 0.00, 0.00, 1, '2020-12-11 16:55:19'),
(186, 2, 16, 191, '2020-12-11', '2021-12-11', 1800.00, 2400.00, 0.00, 0.00, 0.00, 0.00, 0.00, 0.00, 0.00, 0.00, 0, 0.00, 0.00, 0, 0.00, 0.00, 0.00, 0.00, 1, '2020-12-11 16:56:08'),
(187, 2, 16, 195, '2020-12-11', '2021-12-11', 3000.00, 3700.00, 0.00, 0.00, 0.00, 0.00, 0.00, 0.00, 0.00, 0.00, 0, 0.00, 0.00, 0, 0.00, 0.00, 0.00, 0.00, 1, '2020-12-11 16:57:10'),
(188, 2, 16, 192, '2020-12-11', '2021-12-11', 2400.00, 2700.00, 0.00, 0.00, 0.00, 0.00, 0.00, 0.00, 0.00, 0.00, 0, 0.00, 0.00, 0, 0.00, 0.00, 0.00, 0.00, 1, '2020-12-11 16:57:59'),
(189, 2, 16, 196, '2020-12-11', '2021-12-11', 3500.00, 4200.00, 0.00, 0.00, 0.00, 0.00, 0.00, 0.00, 0.00, 0.00, 0, 0.00, 0.00, 0, 0.00, 0.00, 0.00, 0.00, 1, '2020-12-11 17:00:38'),
(190, 2, 16, 190, '2020-12-11', '2021-12-11', 2000.00, 2300.00, 0.00, 0.00, 0.00, 0.00, 0.00, 0.00, 0.00, 0.00, 0, 0.00, 0.00, 0, 0.00, 0.00, 0.00, 0.00, 1, '2020-12-11 17:40:46'),
(191, 2, 16, 187, '2020-12-11', '2021-12-11', 1500.00, 1900.00, 0.00, 0.00, 0.00, 0.00, 0.00, 0.00, 0.00, 0.00, 0, 0.00, 0.00, 0, 0.00, 0.00, 0.00, 0.00, 1, '2020-12-11 17:42:10'),
(192, 2, 16, 186, '2020-12-11', '2021-12-11', 1000.00, 1300.00, 0.00, 0.00, 0.00, 0.00, 0.00, 0.00, 0.00, 0.00, 0, 0.00, 0.00, 0, 0.00, 0.00, 0.00, 0.00, 1, '2020-12-11 17:42:52'),
(193, 2, 16, 189, '2020-12-11', '2021-12-11', 1700.00, 2100.00, 0.00, 0.00, 0.00, 0.00, 0.00, 0.00, 0.00, 0.00, 0, 0.00, 0.00, 0, 0.00, 0.00, 0.00, 0.00, 1, '2020-12-11 17:45:06'),
(194, 2, 16, 170, '2020-12-11', '2021-12-11', 800.00, 1100.00, 0.00, 0.00, 0.00, 0.00, 0.00, 0.00, 0.00, 0.00, 0, 0.00, 0.00, 0, 0.00, 0.00, 0.00, 0.00, 1, '2020-12-11 17:46:14'),
(195, 2, 16, 166, '2020-12-11', '2021-12-11', 800.00, 1100.00, 0.00, 0.00, 0.00, 0.00, 0.00, 0.00, 0.00, 0.00, 0, 0.00, 0.00, 0, 0.00, 0.00, 0.00, 0.00, 1, '2020-12-11 17:46:55'),
(196, 2, 16, 184, '2020-12-11', '2021-12-11', 800.00, 1200.00, 0.00, 0.00, 0.00, 0.00, 0.00, 0.00, 0.00, 0.00, 0, 0.00, 0.00, 0, 0.00, 0.00, 0.00, 0.00, 1, '2020-12-11 17:48:15'),
(197, 2, 16, 179, '2020-12-11', '2021-12-11', 800.00, 1200.00, 0.00, 0.00, 0.00, 0.00, 0.00, 0.00, 0.00, 0.00, 0, 0.00, 0.00, 0, 0.00, 0.00, 0.00, 0.00, 1, '2020-12-11 17:48:58'),
(198, 2, 16, 171, '2020-12-11', '2021-12-11', 800.00, 1100.00, 0.00, 0.00, 0.00, 0.00, 0.00, 0.00, 0.00, 0.00, 0, 0.00, 0.00, 0, 0.00, 0.00, 0.00, 0.00, 1, '2020-12-11 17:49:55'),
(199, 2, 16, 169, '2020-12-11', '2021-12-11', 800.00, 1100.00, 0.00, 0.00, 0.00, 0.00, 0.00, 0.00, 0.00, 0.00, 0, 0.00, 0.00, 0, 0.00, 0.00, 0.00, 0.00, 1, '2020-12-11 17:50:35'),
(200, 2, 16, 181, '2020-12-11', '2021-12-11', 800.00, 1000.00, 0.00, 0.00, 0.00, 0.00, 0.00, 0.00, 0.00, 0.00, 0, 0.00, 0.00, 0, 0.00, 0.00, 0.00, 0.00, 1, '2020-12-11 17:51:51'),
(201, 2, 16, 182, '2020-12-11', '2021-12-11', 800.00, 1200.00, 0.00, 0.00, 0.00, 0.00, 0.00, 0.00, 0.00, 0.00, 0, 0.00, 0.00, 0, 0.00, 0.00, 0.00, 0.00, 1, '2020-12-11 17:52:37'),
(202, 2, 16, 183, '2020-12-11', '2021-12-11', 800.00, 1100.00, 0.00, 0.00, 0.00, 0.00, 0.00, 0.00, 0.00, 0.00, 0, 0.00, 0.00, 0, 0.00, 0.00, 0.00, 0.00, 1, '2020-12-11 17:53:26'),
(203, 2, 16, 188, '2020-12-11', '2021-12-11', 1500.00, 1900.00, 0.00, 0.00, 0.00, 0.00, 0.00, 0.00, 0.00, 0.00, 0, 0.00, 0.00, 0, 0.00, 0.00, 0.00, 0.00, 1, '2020-12-11 17:54:07'),
(204, 2, 16, 172, '2020-12-11', '2021-12-11', 800.00, 1100.00, 0.00, 0.00, 0.00, 0.00, 0.00, 0.00, 0.00, 0.00, 0, 0.00, 0.00, 0, 0.00, 0.00, 0.00, 0.00, 1, '2020-12-11 17:56:06'),
(205, 2, 16, 164, '2020-12-11', '2021-12-11', 800.00, 1000.00, 0.00, 0.00, 0.00, 0.00, 0.00, 0.00, 0.00, 0.00, 0, 0.00, 0.00, 0, 0.00, 0.00, 0.00, 0.00, 1, '2020-12-11 17:57:07'),
(206, 2, 16, 185, '2020-12-11', '2021-12-11', 800.00, 1000.00, 0.00, 0.00, 0.00, 0.00, 0.00, 0.00, 0.00, 0.00, 0, 0.00, 0.00, 0, 0.00, 0.00, 0.00, 0.00, 1, '2020-12-11 17:57:55'),
(207, 2, 16, 173, '2020-12-11', '2021-12-11', 800.00, 1000.00, 0.00, 0.00, 0.00, 0.00, 0.00, 0.00, 0.00, 0.00, 0, 0.00, 0.00, 0, 0.00, 0.00, 0.00, 0.00, 1, '2020-12-11 17:58:52'),
(208, 2, 16, 174, '2020-12-11', '2020-12-11', 800.00, 900.00, 0.00, 0.00, 0.00, 0.00, 0.00, 0.00, 0.00, 0.00, 0, 0.00, 0.00, 0, 0.00, 0.00, 0.00, 0.00, 1, '2020-12-11 17:59:34'),
(209, 2, 16, 180, '2020-12-11', '2021-12-11', 800.00, 1200.00, 0.00, 0.00, 0.00, 0.00, 0.00, 0.00, 0.00, 0.00, 0, 0.00, 0.00, 0, 0.00, 0.00, 0.00, 0.00, 1, '2020-12-11 20:49:26'),
(210, 2, 16, 167, '2020-12-11', '2021-12-11', 800.00, 1100.00, 0.00, 0.00, 0.00, 0.00, 0.00, 0.00, 0.00, 0.00, 0, 0.00, 0.00, 0, 0.00, 0.00, 0.00, 0.00, 1, '2020-12-11 20:53:06'),
(211, 2, 16, 175, '2020-12-11', '2021-12-11', 800.00, 900.00, 0.00, 0.00, 0.00, 0.00, 0.00, 0.00, 0.00, 0.00, 0, 0.00, 0.00, 0, 0.00, 0.00, 0.00, 0.00, 1, '2020-12-11 20:53:57'),
(212, 2, 17, 212, '2020-12-11', '2021-12-11', 1800.00, 2200.00, 0.00, 0.00, 0.00, 0.00, 0.00, 0.00, 0.00, 0.00, 0, 0.00, 0.00, 0, 0.00, 0.00, 0.00, 0.00, 1, '2020-12-11 21:09:09'),
(213, 1, 7, 213, '2020-12-16', '2021-12-16', 1599.00, 1599.00, 1299.00, 1299.00, 0.00, 0.00, 0.00, 0.00, 200.00, 200.00, 0, 0.00, 0.00, 0, 0.00, 0.00, 0.00, 0.00, 0, '2020-12-16 16:29:24'),
(214, 1, 18, 214, '2020-12-26', '2021-12-26', 1500.00, 1500.00, 0.00, 0.00, 0.00, 0.00, 0.00, 0.00, 0.00, 0.00, 0, 0.00, 0.00, 0, 0.00, 0.00, 0.00, 0.00, 0, '2020-12-26 12:22:24'),
(215, 1, 7, 215, '2020-12-29', '2021-01-01', 1999.00, 1999.00, 1699.00, 1699.00, 0.00, 0.00, 0.00, 0.00, 200.00, 200.00, 0, 0.00, 0.00, 0, 0.00, 0.00, 0.00, 0.00, 0, '2020-12-29 15:56:15'),
(216, 1, 19, 216, '2020-12-29', '2022-12-29', 1190.00, 1490.00, 800.00, 1490.00, 0.00, 0.00, 0.00, 0.00, 0.00, 0.00, 0, 0.00, 0.00, 0, 0.00, 0.00, 0.00, 0.00, 0, '2020-12-29 16:37:30'),
(217, 1, 20, 217, '2020-12-29', '2022-12-29', 2400.00, 2800.00, 0.00, 0.00, 0.00, 0.00, 0.00, 0.00, 0.00, 0.00, 0, 0.00, 0.00, 8, 0.00, 0.00, 0.00, 0.00, 0, '2020-12-29 22:25:29'),
(218, 1, 21, 218, '2020-12-28', '2021-01-31', 9500.00, 9900.00, 0.00, 0.00, 0.00, 0.00, 0.00, 0.00, 0.00, 0.00, 0, 0.00, 0.00, 0, 0.00, 0.00, 0.00, 0.00, 0, '2020-12-30 18:26:48');

-- --------------------------------------------------------

--
-- โครงสร้างตาราง `products_category_third_combine`
--

CREATE TABLE `products_category_third_combine` (
  `id` int(11) NOT NULL,
  `combine_agentxsupplier` int(11) NOT NULL,
  `products_category_first` int(11) NOT NULL,
  `products_category_second` int(11) NOT NULL,
  `products_category_third` int(11) NOT NULL,
  `rate_2` double(15,2) NOT NULL COMMENT '(Sale) Price for adult / car / room',
  `rate_4` double(15,2) NOT NULL COMMENT '(Sale) Price for child / Tour / Activities',
  `charter_2` double(15,2) NOT NULL COMMENT '(Sale) Price for charter / Tour',
  `group_2` double(15,2) NOT NULL COMMENT '(Sale) Price for group / Activities',
  `transfer_2` double(15,2) NOT NULL COMMENT '(Sale) Price for transfer / Tour / Activities',
  `extra_hour_2` double(15,2) NOT NULL COMMENT '(Sale) Price for extra hour / Transfer',
  `extrabeds_2` double(15,2) NOT NULL COMMENT '(Sale) Price for extra beds / Hotel',
  `sharingbed_2` double(15,2) NOT NULL COMMENT '(Sale) Price for sharing bed / Hotel',
  `trash_deleted` int(11) NOT NULL,
  `last_edit_time` datetime NOT NULL
) ENGINE=InnoDB DEFAULT CHARSET=utf8mb4 COLLATE=utf8mb4_unicode_ci;

--
-- dump ตาราง `products_category_third_combine`
--

INSERT INTO `products_category_third_combine` (`id`, `combine_agentxsupplier`, `products_category_first`, `products_category_second`, `products_category_third`, `rate_2`, `rate_4`, `charter_2`, `group_2`, `transfer_2`, `extra_hour_2`, `extrabeds_2`, `sharingbed_2`, `trash_deleted`, `last_edit_time`) VALUES
(1, 1, 2, 2, 2, 2000.00, 1000.00, 0.00, 0.00, 500.00, 0.00, 0.00, 0.00, 0, '2020-11-13 14:31:13'),
(2, 3, 7, 7, 7, 1799.00, 1499.00, 0.00, 0.00, 200.00, 0.00, 0.00, 0.00, 0, '2020-12-19 17:12:52'),
(3, 2, 7, 7, 7, 1700.00, 1499.00, 0.00, 0.00, 200.00, 0.00, 0.00, 0.00, 0, '2020-12-19 17:14:53'),
(4, 5, 5, 5, 5, 900.00, 0.00, 0.00, 0.00, 0.00, 350.00, 0.00, 0.00, 0, '2020-12-24 12:36:11'),
(5, 6, 7, 7, 7, 1799.00, 1499.00, 0.00, 0.00, 200.00, 0.00, 0.00, 0.00, 0, '2020-12-26 16:32:16'),
(6, 7, 7, 7, 7, 1799.00, 1499.00, 0.00, 0.00, 200.00, 0.00, 0.00, 0.00, 0, '2020-12-26 16:31:34'),
(7, 8, 7, 7, 7, 1799.00, 1499.00, 0.00, 0.00, 0.00, 0.00, 0.00, 0.00, 0, '2020-12-26 17:43:01'),
(8, 9, 7, 7, 7, 1799.00, 1530.00, 0.00, 0.00, 0.00, 0.00, 0.00, 0.00, 0, '2020-12-29 17:27:11'),
(9, 2, 7, 215, 215, 1700.00, 1499.00, 0.00, 0.00, 200.00, 0.00, 0.00, 0.00, 0, '2020-12-29 18:09:39'),
(10, 11, 3, 3, 3, 1799.00, 1499.00, 0.00, 0.00, 200.00, 0.00, 0.00, 0.00, 0, '2020-12-30 14:12:24'),
(11, 12, 7, 7, 7, 1799.00, 1499.00, 0.00, 0.00, 200.00, 0.00, 0.00, 0.00, 0, '2020-12-30 14:14:41');

-- --------------------------------------------------------

--
-- โครงสร้างตาราง `products_type`
--

CREATE TABLE `products_type` (
  `id` int(11) NOT NULL,
  `status` int(11) NOT NULL,
  `name` varchar(200) CHARACTER SET utf8 COLLATE utf8_unicode_ci NOT NULL,
  `name_text` varchar(200) CHARACTER SET utf8 COLLATE utf8_unicode_ci NOT NULL,
  `name_text_thai` varchar(200) CHARACTER SET utf8 COLLATE utf8_unicode_ci NOT NULL,
  `last_edit_time` datetime NOT NULL
) ENGINE=InnoDB DEFAULT CHARSET=utf8mb4 COLLATE=utf8mb4_unicode_ci;

--
-- dump ตาราง `products_type`
--

INSERT INTO `products_type` (`id`, `status`, `name`, `name_text`, `name_text_thai`, `last_edit_time`) VALUES
(1, 1, 'Tour', 'Tours', 'ทัวร์', '2019-10-22 13:45:05'),
(2, 1, 'Activities', 'Activities', 'กิจกรรม', '2019-10-22 13:45:17'),
(3, 1, 'Transfer', 'Transfers', 'รถรับส่ง', '2019-10-22 13:45:40'),
(4, 1, 'Hotel', 'Hotels', 'โรงแรม', '2019-10-22 13:45:50');

-- --------------------------------------------------------

--
-- โครงสร้างตาราง `supplier`
--

CREATE TABLE `supplier` (
  `id` int(11) NOT NULL,
  `status` int(11) NOT NULL,
  `company` varchar(200) CHARACTER SET utf8 COLLATE utf8_unicode_ci NOT NULL,
  `address` text CHARACTER SET utf8 COLLATE utf8_unicode_ci NOT NULL,
  `telephone` varchar(100) CHARACTER SET utf8 COLLATE utf8_unicode_ci NOT NULL,
  `fax` varchar(100) CHARACTER SET utf8 COLLATE utf8_unicode_ci NOT NULL,
  `sup_email` varchar(100) CHARACTER SET utf8 COLLATE utf8_unicode_ci NOT NULL,
  `website` varchar(100) CHARACTER SET utf8 COLLATE utf8_unicode_ci NOT NULL,
  `contact_person` varchar(200) CHARACTER SET utf8 COLLATE utf8_unicode_ci NOT NULL,
  `contact_position` varchar(100) CHARACTER SET utf8 COLLATE utf8_unicode_ci NOT NULL,
  `contact_telephone` varchar(100) CHARACTER SET utf8 COLLATE utf8_unicode_ci NOT NULL,
  `contact_email` varchar(100) CHARACTER SET utf8 COLLATE utf8_unicode_ci NOT NULL,
  `photo1` varchar(100) CHARACTER SET utf8 COLLATE utf8_unicode_ci NOT NULL,
  `trash_deleted` int(11) NOT NULL,
  `create_date` datetime NOT NULL,
  `last_edit_time` datetime NOT NULL
) ENGINE=InnoDB DEFAULT CHARSET=utf8mb4 COLLATE=utf8mb4_unicode_ci;

--
-- dump ตาราง `supplier`
--

INSERT INTO `supplier` (`id`, `status`, `company`, `address`, `telephone`, `fax`, `sup_email`, `website`, `contact_person`, `contact_position`, `contact_telephone`, `contact_email`, `photo1`, `trash_deleted`, `create_date`, `last_edit_time`) VALUES
(1, 2, 'andaman passion', '123/4', '08012346789', '-', 'andamanpassion@gmail.com', 'andamanpassion.com', 'นายนาม สมมุติ ', 'Sale', '08012346789', 'andamanpassion@gmail.com', '', 1, '2020-11-11 18:18:52', '2020-12-16 15:06:44'),
(2, 1, 'Test system', '88/5', '0854124456', '0776582215', 'test.1@gmail.com', 'www.test-system.co.th', 'admin', 'programer', '0849315528', 'test-system@gmail.com', '', 0, '2020-11-13 14:16:42', '2020-12-24 16:05:49'),
(3, 1, 'andamanpassion', '59/75 (หมู่บ้านภูเก็ตวิลล่า กะทู้) หมู่4\r\nถ.พระภูเก็ตแก้ว ต.กะทู้ อ.กะทู้\r\nจ.ภูเก็ต 83120\r\n\r\n', '076390577', '076390578', 'noy.andamanpassion@gmail.com,Bird.andamanpassion@gmail.com', 'andamanpassion.com', 'โบว์/ก้อ', 'เซลล์', '062-9566124/092-2582824', 'noy.andamanpassion@gmail.com,Bird.andamanpassion@gmail.com', '', 0, '2020-11-19 21:09:04', '2020-12-30 19:42:27'),
(4, 1, 'Seastar  Happy  Journey', '112/151 Udomsuk  Village,Paklok,Thalang,Phuket', '076-350145', '076-350145', 'noy.andamanpassion@gmail.com,Bird.andamanpassion@gmail.com', '', 'คุณแอล', 'OP', '0653653587', 'noy.andamanpassion@gmail.com,Bird.andamanpassion@gmail.com', '', 0, '2020-11-20 17:28:50', '2020-12-30 19:47:07'),
(5, 1, 'The Coral Reef  Cabana Co.,Ltd.', '44/1 Moo 5, Rawai, Muang Phuket 83130', '076381489', '076381490', 'noy.andamanpassion@gmail.com,Bird.andamanpassion@gmail.com', '', 'Reservation', 'Reservation', '076381489', 'noy.andamanpassion@gmail.com,Bird.andamanpassion@gmail.com', '', 0, '2020-12-29 16:31:30', '2020-12-30 19:41:31'),
(6, 1, 'เคปเซียนน่า', '18/40 ม.6 ต.กมลา  อ.กะทู้  จ.ภูเก็ต 83150', '', '', 'noy.andamanpassion@gmail.com,Bird.andamanpassion@gmail.com', '', '', '', '', 'noy.andamanpassion@gmail.com,Bird.andamanpassion@gmail.com', '', 0, '2020-12-30 16:35:26', '2020-12-30 18:20:48');

-- --------------------------------------------------------

--
-- โครงสร้างตาราง `zones`
--

CREATE TABLE `zones` (
  `id` int(11) NOT NULL,
  `status` int(11) NOT NULL,
  `name` varchar(200) CHARACTER SET utf8 COLLATE utf8_unicode_ci NOT NULL,
  `last_edit_time` datetime NOT NULL
) ENGINE=InnoDB DEFAULT CHARSET=utf8mb4 COLLATE=utf8mb4_unicode_ci;

--
-- dump ตาราง `zones`
--

INSERT INTO `zones` (`id`, `status`, `name`, `last_edit_time`) VALUES
(1, 1, 'พันวา', '2018-12-21 14:49:30'),
(2, 1, 'ราไวย์', '2018-12-21 14:50:16'),
(3, 1, 'ในหาน', '2018-12-21 14:51:12'),
(4, 1, 'ใสยวน', '2018-12-21 14:51:51'),
(5, 1, 'ฉลอง', '2018-12-21 14:52:06'),
(6, 1, 'เจ้าฟ้าตะวันออก', '2018-12-21 14:54:15'),
(7, 1, 'เจ้าฟ้าตะวันตก', '2018-12-21 14:54:52'),
(8, 1, 'กะตะ', '2018-12-21 14:55:16'),
(9, 1, 'กะรน', '2018-12-21 14:55:24'),
(10, 1, 'ไตรตรัง', '2018-12-21 14:55:38'),
(11, 1, 'ป่าตอง', '2018-12-21 14:55:51'),
(12, 1, 'กะหลิม', '2018-12-21 14:56:01'),
(13, 1, 'กมลา', '2018-12-21 14:56:14'),
(14, 1, 'สุรินทร์', '2018-12-21 14:56:24'),
(15, 1, 'บางเทา', '2018-12-21 14:56:35'),
(16, 1, 'ลากูน่า', '2018-12-21 14:56:58'),
(17, 1, 'ลายัน', '2018-12-21 14:57:16'),
(18, 1, 'ในทอน', '2018-12-21 14:57:35'),
(19, 1, 'ในยาง', '2018-12-21 15:24:57'),
(20, 1, 'ไม้ขาว', '2018-12-21 15:25:17'),
(21, 1, 'สนามบิน', '2018-12-21 15:25:40'),
(22, 1, 'ถลาง', '2018-12-21 15:25:51'),
(23, 1, 'อนุสาวรีย์', '2018-12-21 15:26:57'),
(24, 1, 'เมือง', '2018-12-21 15:27:13'),
(25, 1, 'สามกอง', '2018-12-21 15:27:22'),
(26, 1, 'บายพาส', '2018-12-21 15:27:44'),
(27, 1, 'กู้กู', '2018-12-21 15:28:02'),
(28, 1, 'สิเหร่', '2018-12-21 15:28:15'),
(29, 1, 'สะปำ', '2018-12-21 15:28:27'),
(30, 1, 'เกาะแก้ว', '2018-12-21 15:29:01'),
(31, 1, 'ป่าคลอก', '2018-12-21 15:29:19'),
(32, 1, 'กะทู้', '2019-01-01 16:42:43'),
(33, 1, 'นาคาเลย์', '2019-01-12 15:14:11');

--
-- Indexes for dumped tables
--

--
-- Indexes for table `accounts`
--
ALTER TABLE `accounts`
  ADD PRIMARY KEY (`id`);

--
-- Indexes for table `agent`
--
ALTER TABLE `agent`
  ADD PRIMARY KEY (`id`);

--
-- Indexes for table `bill`
--
ALTER TABLE `bill`
  ADD PRIMARY KEY (`id`);

--
-- Indexes for table `bill_invoice`
--
ALTER TABLE `bill_invoice`
  ADD PRIMARY KEY (`id`);

--
-- Indexes for table `booking`
--
ALTER TABLE `booking`
  ADD PRIMARY KEY (`id`);

--
-- Indexes for table `booking_history`
--
ALTER TABLE `booking_history`
  ADD PRIMARY KEY (`id`);

--
-- Indexes for table `booking_products`
--
ALTER TABLE `booking_products`
  ADD PRIMARY KEY (`id`);

--
-- Indexes for table `booking_status_confirm`
--
ALTER TABLE `booking_status_confirm`
  ADD PRIMARY KEY (`id`);

--
-- Indexes for table `booking_status_email`
--
ALTER TABLE `booking_status_email`
  ADD PRIMARY KEY (`id`);

--
-- Indexes for table `combine_agentxsupplier`
--
ALTER TABLE `combine_agentxsupplier`
  ADD PRIMARY KEY (`id`);

--
-- Indexes for table `company`
--
ALTER TABLE `company`
  ADD PRIMARY KEY (`id`);

--
-- Indexes for table `employee`
--
ALTER TABLE `employee`
  ADD PRIMARY KEY (`id`);

--
-- Indexes for table `employee_permission`
--
ALTER TABLE `employee_permission`
  ADD PRIMARY KEY (`id`);

--
-- Indexes for table `history_type`
--
ALTER TABLE `history_type`
  ADD PRIMARY KEY (`id`);

--
-- Indexes for table `invoice`
--
ALTER TABLE `invoice`
  ADD PRIMARY KEY (`id`);

--
-- Indexes for table `invoice_products`
--
ALTER TABLE `invoice_products`
  ADD PRIMARY KEY (`id`);

--
-- Indexes for table `payments_receipt`
--
ALTER TABLE `payments_receipt`
  ADD PRIMARY KEY (`id`);

--
-- Indexes for table `payments_receipt_products`
--
ALTER TABLE `payments_receipt_products`
  ADD PRIMARY KEY (`id`);

--
-- Indexes for table `payments_vat`
--
ALTER TABLE `payments_vat`
  ADD PRIMARY KEY (`id`);

--
-- Indexes for table `place`
--
ALTER TABLE `place`
  ADD PRIMARY KEY (`id`);

--
-- Indexes for table `products_category_first`
--
ALTER TABLE `products_category_first`
  ADD PRIMARY KEY (`id`);

--
-- Indexes for table `products_category_second`
--
ALTER TABLE `products_category_second`
  ADD PRIMARY KEY (`id`);

--
-- Indexes for table `products_category_third`
--
ALTER TABLE `products_category_third`
  ADD PRIMARY KEY (`id`);

--
-- Indexes for table `products_category_third_combine`
--
ALTER TABLE `products_category_third_combine`
  ADD PRIMARY KEY (`id`);

--
-- Indexes for table `products_type`
--
ALTER TABLE `products_type`
  ADD PRIMARY KEY (`id`);

--
-- Indexes for table `supplier`
--
ALTER TABLE `supplier`
  ADD PRIMARY KEY (`id`);

--
-- Indexes for table `zones`
--
ALTER TABLE `zones`
  ADD PRIMARY KEY (`id`);

--
-- AUTO_INCREMENT for dumped tables
--

--
-- AUTO_INCREMENT for table `accounts`
--
ALTER TABLE `accounts`
  MODIFY `id` int(11) NOT NULL AUTO_INCREMENT, AUTO_INCREMENT=7;

--
-- AUTO_INCREMENT for table `agent`
--
ALTER TABLE `agent`
  MODIFY `id` int(11) NOT NULL AUTO_INCREMENT, AUTO_INCREMENT=11;

--
-- AUTO_INCREMENT for table `bill`
--
ALTER TABLE `bill`
  MODIFY `id` int(11) NOT NULL AUTO_INCREMENT, AUTO_INCREMENT=2;

--
-- AUTO_INCREMENT for table `bill_invoice`
--
ALTER TABLE `bill_invoice`
  MODIFY `id` int(11) NOT NULL AUTO_INCREMENT, AUTO_INCREMENT=2;

--
-- AUTO_INCREMENT for table `booking`
--
ALTER TABLE `booking`
  MODIFY `id` int(11) NOT NULL AUTO_INCREMENT, AUTO_INCREMENT=59;

--
-- AUTO_INCREMENT for table `booking_history`
--
ALTER TABLE `booking_history`
  MODIFY `id` int(11) NOT NULL AUTO_INCREMENT, AUTO_INCREMENT=717;

--
-- AUTO_INCREMENT for table `booking_products`
--
ALTER TABLE `booking_products`
  MODIFY `id` int(11) NOT NULL AUTO_INCREMENT, AUTO_INCREMENT=83;

--
-- AUTO_INCREMENT for table `booking_status_confirm`
--
ALTER TABLE `booking_status_confirm`
  MODIFY `id` int(11) NOT NULL AUTO_INCREMENT, AUTO_INCREMENT=4;

--
-- AUTO_INCREMENT for table `booking_status_email`
--
ALTER TABLE `booking_status_email`
  MODIFY `id` int(11) NOT NULL AUTO_INCREMENT, AUTO_INCREMENT=5;

--
-- AUTO_INCREMENT for table `combine_agentxsupplier`
--
ALTER TABLE `combine_agentxsupplier`
  MODIFY `id` int(11) NOT NULL AUTO_INCREMENT, AUTO_INCREMENT=13;

--
-- AUTO_INCREMENT for table `company`
--
ALTER TABLE `company`
  MODIFY `id` int(11) NOT NULL AUTO_INCREMENT, AUTO_INCREMENT=4;

--
-- AUTO_INCREMENT for table `employee`
--
ALTER TABLE `employee`
  MODIFY `id` int(11) NOT NULL AUTO_INCREMENT, AUTO_INCREMENT=7;

--
-- AUTO_INCREMENT for table `employee_permission`
--
ALTER TABLE `employee_permission`
  MODIFY `id` int(11) NOT NULL AUTO_INCREMENT, AUTO_INCREMENT=3;

--
-- AUTO_INCREMENT for table `history_type`
--
ALTER TABLE `history_type`
  MODIFY `id` int(11) NOT NULL AUTO_INCREMENT, AUTO_INCREMENT=11;

--
-- AUTO_INCREMENT for table `invoice`
--
ALTER TABLE `invoice`
  MODIFY `id` int(11) NOT NULL AUTO_INCREMENT, AUTO_INCREMENT=8;

--
-- AUTO_INCREMENT for table `invoice_products`
--
ALTER TABLE `invoice_products`
  MODIFY `id` int(11) NOT NULL AUTO_INCREMENT, AUTO_INCREMENT=8;

--
-- AUTO_INCREMENT for table `payments_receipt`
--
ALTER TABLE `payments_receipt`
  MODIFY `id` int(11) NOT NULL AUTO_INCREMENT;

--
-- AUTO_INCREMENT for table `payments_receipt_products`
--
ALTER TABLE `payments_receipt_products`
  MODIFY `id` int(11) NOT NULL AUTO_INCREMENT;

--
-- AUTO_INCREMENT for table `payments_vat`
--
ALTER TABLE `payments_vat`
  MODIFY `id` int(11) NOT NULL AUTO_INCREMENT, AUTO_INCREMENT=4;

--
-- AUTO_INCREMENT for table `place`
--
ALTER TABLE `place`
  MODIFY `id` int(11) NOT NULL AUTO_INCREMENT, AUTO_INCREMENT=32;

--
-- AUTO_INCREMENT for table `products_category_first`
--
ALTER TABLE `products_category_first`
  MODIFY `id` int(11) NOT NULL AUTO_INCREMENT, AUTO_INCREMENT=22;

--
-- AUTO_INCREMENT for table `products_category_second`
--
ALTER TABLE `products_category_second`
  MODIFY `id` int(11) NOT NULL AUTO_INCREMENT, AUTO_INCREMENT=219;

--
-- AUTO_INCREMENT for table `products_category_third`
--
ALTER TABLE `products_category_third`
  MODIFY `id` int(11) NOT NULL AUTO_INCREMENT, AUTO_INCREMENT=219;

--
-- AUTO_INCREMENT for table `products_category_third_combine`
--
ALTER TABLE `products_category_third_combine`
  MODIFY `id` int(11) NOT NULL AUTO_INCREMENT, AUTO_INCREMENT=12;

--
-- AUTO_INCREMENT for table `products_type`
--
ALTER TABLE `products_type`
  MODIFY `id` int(11) NOT NULL AUTO_INCREMENT, AUTO_INCREMENT=5;

--
-- AUTO_INCREMENT for table `supplier`
--
ALTER TABLE `supplier`
  MODIFY `id` int(11) NOT NULL AUTO_INCREMENT, AUTO_INCREMENT=7;

--
-- AUTO_INCREMENT for table `zones`
--
ALTER TABLE `zones`
  MODIFY `id` int(11) NOT NULL AUTO_INCREMENT, AUTO_INCREMENT=34;
COMMIT;

/*!40101 SET CHARACTER_SET_CLIENT=@OLD_CHARACTER_SET_CLIENT */;
/*!40101 SET CHARACTER_SET_RESULTS=@OLD_CHARACTER_SET_RESULTS */;
/*!40101 SET COLLATION_CONNECTION=@OLD_COLLATION_CONNECTION */;
