-- phpMyAdmin SQL Dump
-- version 5.0.3
-- https://www.phpmyadmin.net/
--
-- Host: 127.0.0.1
-- Generation Time: May 21, 2021 at 11:55 AM
-- Server version: 10.4.14-MariaDB
-- PHP Version: 7.4.11

SET SQL_MODE = "NO_AUTO_VALUE_ON_ZERO";
START TRANSACTION;
SET time_zone = "+00:00";


/*!40101 SET @OLD_CHARACTER_SET_CLIENT=@@CHARACTER_SET_CLIENT */;
/*!40101 SET @OLD_CHARACTER_SET_RESULTS=@@CHARACTER_SET_RESULTS */;
/*!40101 SET @OLD_COLLATION_CONNECTION=@@COLLATION_CONNECTION */;
/*!40101 SET NAMES utf8mb4 */;

--
-- Database: `system_andamanpassion_v2`
--

-- --------------------------------------------------------

--
-- Table structure for table `accounts`
--

CREATE TABLE `accounts` (
  `id` int(11) NOT NULL,
  `status` int(11) NOT NULL,
  `name` varchar(200) CHARACTER SET utf8 COLLATE utf8_unicode_ci NOT NULL,
  `description` text CHARACTER SET utf8 COLLATE utf8_unicode_ci NOT NULL,
  `last_edit_time` datetime NOT NULL
) ENGINE=InnoDB DEFAULT CHARSET=utf8mb4 COLLATE=utf8mb4_unicode_ci;

--
-- Dumping data for table `accounts`
--

INSERT INTO `accounts` (`id`, `status`, `name`, `description`, `last_edit_time`) VALUES
(1, 2, 'Andaman Passion', '', '2019-10-22 13:20:10'),
(2, 2, 'Asia Vacation', '', '2019-10-22 13:20:21'),
(3, 2, 'Passion Vacation', '', '2021-04-26 15:30:48'),
(4, 1, 'Cash', '', '2019-10-22 13:20:30'),
(5, 2, 'Credit card กรุงไทย', '', '2019-10-22 13:20:37'),
(6, 2, 'Credit card กรุงศรี', '', '2019-10-22 13:20:47'),
(7, 1, 'Paypal', '', '2019-10-22 13:20:52'),
(8, 1, 'Credit card', '', '0000-00-00 00:00:00'),
(9, 1, 'Account transfer', '', '0000-00-00 00:00:00');

-- --------------------------------------------------------

--
-- Table structure for table `agent`
--

CREATE TABLE `agent` (
  `id` int(11) NOT NULL,
  `status` int(11) NOT NULL,
  `company` varchar(200) CHARACTER SET utf8 COLLATE utf8_unicode_ci NOT NULL,
  `company_invoice` varchar(200) CHARACTER SET utf8 COLLATE utf8_unicode_ci NOT NULL,
  `address` text CHARACTER SET utf8 COLLATE utf8_unicode_ci NOT NULL,
  `telephone` varchar(100) CHARACTER SET utf8 COLLATE utf8_unicode_ci NOT NULL,
  `fax` varchar(100) CHARACTER SET utf8 COLLATE utf8_unicode_ci NOT NULL,
  `ag_email` varchar(100) CHARACTER SET utf8 COLLATE utf8_unicode_ci NOT NULL,
  `website` varchar(100) CHARACTER SET utf8 COLLATE utf8_unicode_ci NOT NULL,
  `tax_no` varchar(100) CHARACTER SET utf8 COLLATE utf8_unicode_ci NOT NULL,
  `headquarters` varchar(100) CHARACTER SET utf8 COLLATE utf8_unicode_ci NOT NULL,
  `transfer` int(11) NOT NULL,
  `payments_vat` int(11) NOT NULL,
  `contact_person` varchar(200) CHARACTER SET utf8 COLLATE utf8_unicode_ci NOT NULL,
  `contact_position` varchar(100) CHARACTER SET utf8 COLLATE utf8_unicode_ci NOT NULL,
  `contact_telephone` varchar(100) CHARACTER SET utf8 COLLATE utf8_unicode_ci NOT NULL,
  `contact_email` varchar(100) CHARACTER SET utf8 COLLATE utf8_unicode_ci NOT NULL,
  `photo1` varchar(100) CHARACTER SET utf8 COLLATE utf8_unicode_ci NOT NULL,
  `trash_deleted` int(11) NOT NULL,
  `create_date` datetime NOT NULL,
  `last_edit_time` datetime NOT NULL
) ENGINE=InnoDB DEFAULT CHARSET=utf8mb4 COLLATE=utf8mb4_unicode_ci;

--
-- Dumping data for table `agent`
--

INSERT INTO `agent` (`id`, `status`, `company`, `company_invoice`, `address`, `telephone`, `fax`, `ag_email`, `website`, `tax_no`, `headquarters`, `transfer`, `payments_vat`, `contact_person`, `contact_position`, `contact_telephone`, `contact_email`, `photo1`, `trash_deleted`, `create_date`, `last_edit_time`) VALUES
(1, 1, 'Exotic Sea Venture Tour', 'Exotic Sea Venture Tour', '112 Rassada Rd, Muang, Phuket, Thailand. 83000', '+66 (0)76225873', '+66 (0)76224807', 'info@phuketbestservicetours.com', 'http://phuketbestservicetours.com', '', '', 0, 0, 'Nualnoi Hitopakorn', '', '0819795311', '', '', 0, '2017-12-01 21:14:48', '2018-12-25 10:17:21'),
(2, 1, 'Marriott Naiyang', 'บจก.ทีซีซี ลักซ์ชูรีโฮเทลส์ และ รีสอร์ท', '92,92/1 หมู่ที่ 3 ต.สาคู อ.ถลาง จ.ภูเก็ต 83110', '+66 (0)76625555', '', 'tatteera.l@marriott.com', '', '0625526000014', 'สาขาที่ 00014', 0, 1, 'คุณแฟง', 'ฝ่ายบัญชี', '+66 (0)76625555', 'mhrs.hktnb.concierge@marriotthotels.com', '', 0, '2017-12-01 21:22:46', '2018-12-25 10:28:21'),
(3, 1, 'Sevenday Travel', 'Sevenday Travel Co., Ltd', '35/537, Moo 2, Kohkeaw, Muang, Phuket, Thailand 83000', '095-5869626', '', 'sevendaytravel@hotmail.com', '', '', '', 0, 0, '', 'ฝ่ายบัญชี', '096-8104939', '', '', 0, '2017-12-01 21:31:57', '2018-12-25 10:24:15'),
(4, 1, 'The Surin', 'บจก.สุรินทร์ เบย์', '118 หมู่ที่ 3 ต.เชิงทะเล อ.ถลาง จ.ภูเก็ต 83110', '076-316400#503', '', '', '', '0105524031464', 'สำนักงานใหญ่', 0, 1, 'ฝ่ายบัญชี', '', '076-316400#503', '', '', 0, '2018-12-20 11:06:21', '2018-12-25 10:33:28'),
(5, 1, 'Anantara Vacation', 'บจก.สตาร์ เทรเวลเลอร์  ', '99 อาคารเบอร์ลี่ยุคเกอร์ ชั้น16 ซอยรูเบีย \r\nถนนสุขุมวิท 42 แขวงพระโขนง \r\nเขตคลองเตย กรุงเทพฯ', '076-337256, 076-33720 เซลล์ 093-5754150 ', '', '', '', '0105558068387', 'สำนักงานใหญ่', 0, 1, '', 'ฝ่ายบัญชี', '076-337256', '', '', 0, '2018-12-20 11:26:00', '2018-12-25 10:32:59'),
(6, 1, 'Point Yamu', 'บริษัท เดอะยามู จำกัด', '225 หมู่ที่ 7 ต.ป่าคลอก\r\nอ.ถลาง จ.ภูเก็ต 83110', '076-360100', '', '', '', '0835548007494', 'สำนักงานใหญ่', 0, 1, '', 'ฝ่ายบัญชี', '076-360100', '', '', 0, '2018-12-20 11:42:44', '2018-12-25 11:10:55'),
(7, 1, 'Lagunar Tour', 'บจก.ลากูน่า เอ็กซ์เคอร์ชั่น', '390/1 หมู่ที่ 1 ถ.ศรีสุนทร ต.เชิงทะเล\r\nอ.ถลาง จ.ภูเก็ต 83110', '076-3622330 Ext.8', '', '', '', '0835548012153', 'สำนักงานใหญ่', 0, 1, '', 'ฝ่ายบัญชี', '076-3622330 Ext.8', '', '', 0, '2018-12-20 11:47:55', '2018-12-25 10:30:01'),
(8, 1, 'Renaissance Phuket', 'บจก.ซีคอน โฮเทลแอนด์ รีสอร์ท', '555 หมู่ที่ 3 ต.ไม้ขาว อ.ถลาง จ.ภูเก็ต 83110', '076-363999', '', '', '', '0105548164014', '00001', 0, 1, 'คุณบุตร', 'ฝ่ายบัญชี', '076-363999', '', '', 0, '2018-12-20 11:51:44', '2018-12-25 10:26:53'),
(9, 1, 'Hello O Tour', 'บจก.เฮลโล โอ ทัวร์', '33/28 หมู่ที่ 2 ต.วิชิต\r\nอ.เมือง จ.ภูเก็ต 83000', '076-375889 ', '076-375891', '', '', '0815542000323', 'สำนักงานใหญ่', 0, 1, 'คุณแอน', 'ฝ่ายบัญชี', '091-5763641', '', '', 0, '2018-12-20 11:56:28', '2018-12-25 11:09:07'),
(10, 1, 'Love Andaman', 'บจก.เลิฟ ไอแลนด์', '9/239-240 ถ.ศักดิเดช ต.ตลาดเหนือ\r\nอ.เมือง จ.ภูเก็ต 83000', '089-8668776', '', 'ac@loveandaman.com', '', '0825554000447', 'สำนักงานใหญ่', 0, 1, 'คุณเจี๊ยบ คุณป้อม', 'ฝ่ายบัญชี', '089-8668776', 'ac@loveandaman.com', '', 0, '2018-12-20 12:02:50', '2018-12-25 10:37:59'),
(11, 1, 'Destination Service', 'บจก.แปซิฟิค เวิลด์ มีตติ้งส์ แอนด์ อีเว้นท์ส(ประเทศไทย)', '10/75-78 หมู่ที่ 6 ต.กะทู้ อ.กะทู้ จ.ภูเก็ต 83120', '076-335531', '', '', '', '0105555037383', 'สำนักงานใหญ่', 0, 1, '', 'ฝ่ายบัญชี', '076-335531', '', '', 0, '2018-12-20 12:15:50', '2018-12-25 11:08:44'),
(12, 1, 'The Andaman white beach', 'บจก.เดอะไวท์ บีช', '28/8 หมู่ที่ 4 ต.สาคู \r\nอ.ถลาง จ.ภูเก็ต 83110', '076-316300', '076-316399', '', '', '0105550016477', 'สาขาที่ 00001', 0, 1, 'คุณมล', 'ฝ่ายบัญชี', '076-316300', '', '', 0, '2018-12-20 12:22:23', '2018-12-25 10:37:32'),
(13, 1, 'Thavorn beach', 'บจก.เจริญชนะ (1986)', '6/2 หมู่ที่ 6 ต.กมลา อ.กะทู้ จ.ภูเก็ต 83150', '086-9537677', '', '', '', '0835529000528', 'สาขาที่ 00003', 0, 1, 'คุณตูน', 'ฝ่ายบัญชี', '086-9537677', '', '', 0, '2018-12-20 12:26:15', '2018-12-25 10:34:11'),
(14, 2, 'Novotel Kalim', 'Novotel Phuket Resort', '282 ถ.พระบารมี ต.ป่าตอง\r\nอ.กะทู้ จ.ภูเก็ต 83150', '076-342777', '', '', '', '0105532116350', 'สาขาที่ 00001', 0, 1, '', 'ฝ่ายบัญชี', '076-342777 Ext.2203', '', '', 1, '2018-12-20 12:30:36', '2018-12-25 10:31:37'),
(15, 1, 'The Charm', 'บจก.โปรลีฟวิ่ง แมเนจเม้นท์', '212 ถ.ทวีวงศ์ ต.ป่าตอง\r\nอ.กะทู้ จ.ภูเก็ต 83150', '076-318300', '', '', '', '0835557003196', 'สำนักงานใหญ่', 0, 1, 'คุณเมย์', 'ฝ่ายบัญชี', '076-318300', '', '', 0, '2018-12-20 12:33:23', '2018-12-25 11:10:23'),
(16, 1, 'La Flora Patong', 'บจก.เอส.ที.พี.กรุ๊ป แมเนจเม้นท์', '37,39,39/1 ถ.ทวีวงศ์ ต.ป่าตอง\r\nอ.กะทู้ จ.ภูเก็ต 83150', '076-344241', '076-341530', '', '', '0835550005576', 'สำนักงานใหญ่', 0, 1, 'คุณปลา', 'ฝ่ายบัญชี', '076-344241', '', '', 0, '2018-12-20 12:36:12', '2018-12-25 10:59:55'),
(17, 1, 'The Naka', 'S.T.P.Group Management Co.,Ltd.', '1/18, 1/20, Moo 6, Kamala,\r\nKathu, Phuket 83150', '076-337999', '', '', '', '0835550005576', 'สาขาที่ 00001', 0, 1, '', 'ฝ่ายบัญชี', '076-337999', '', '', 0, '2018-12-20 12:39:22', '2018-12-25 10:23:20'),
(18, 1, 'JW Marriott', 'บจก.เอ็มไอ สแควร์', '231 หมู่ที่ 3 ต.ไม้ขาว อ.ถลาง จ.ภูเก็ต 83110', '076-338000', '076-348348', '', '', '0105548119892', 'สำนักงานใหญ่', 0, 1, '', 'ฝ่ายบัญชี', '076-338000', '', '', 0, '2018-12-20 13:47:10', '2018-12-25 10:55:41'),
(19, 1, 'Keemala', 'บจก.ศรีจำรูญ', '10/88 หมู่ที่ 6 ต.กมลา อ.กะทู้ จ.ภูเก็ต 83000', '076-358777', '', '', '', '0835555003041', 'สำนักงานใหญ่', 0, 1, '', 'ฝ่ายบัญชี', '076-358777', '', '', 0, '2018-12-20 13:52:12', '2018-12-25 10:32:22'),
(20, 1, 'Pisona Tour (Amari)', 'Pisona Tour Co.,Ltd. ', '73 ถ.พระบารมี ต.ป่าตอง\r\nอ.กะทู้ จ.ภูเก็ต', '076-346888', '', '', '', '0835548012161', 'สำนักงานใหญ่', 0, 1, 'คุณหญิง', 'ฝ่ายบัญชี', '076-346888#4 ', '', '', 0, '2018-12-20 13:57:18', '2018-12-25 10:22:35'),
(21, 1, 'The Village Coconut', 'บจก.เดอะวิลเลจแมเนจเม้นท์', '51/7 หมู่ที่ 6 หมู่บ้านเกาะมะพร้าว\r\nต.เกาะแก้ว อ.เมือง จ.ภูเก็ต 83200', '076-352144', '', '', '', '0835550009661', 'สำนักงานใหญ่', 0, 1, 'คุณแพท', 'ฝ่ายบัญชี', '076-352144, 086-9429190', '', '', 0, '2018-12-20 14:00:40', '2018-12-25 10:35:48'),
(22, 1, 'AHM Asia Tour & Travel', 'บจก.อัลไลอันซ์ ฮอสพิแทลลิที เมเมจเม้น เอเชีย', '23/25 ซอยสะพานหิน ต.ตลาดใหญ่ \r\nอ.เมืองภูเก็ต จ.ภูเก็ต 83000', '092-8282541 ', '', '', '', '0835551008511', 'สำนักงานใหญ่', 1, 3, 'คุณสุ. คุณปลาทอง', 'ฝ่ายบัญชี', '082-8223743 ', '', '', 0, '2018-12-20 14:06:24', '2020-08-17 17:45:45'),
(23, 1, 'At Phuket Travel Ltd., Part. ', 'At Phuket Travel Ltd., Part. ', '65/317 Moo.1 Chaofah rd. T.Vichit Muang Phuket, Thailand 83000', '095-5259365, 091-9951942', '', '', '', '', '', 0, 0, 'มดแดง', '', '095-5259365, 091-9951942', '', '', 0, '2018-12-20 14:10:53', '2018-12-25 10:16:31'),
(24, 1, 'Aqua Dive Center Phuket Co.,Ltd.', 'Aqua Dive Center Phuket Co.,Ltd.', '', '081-0898902', '', '', '', '', '', 0, 0, 'คุณแดง', 'ฝ่ายบัญชี', '081-0898902', '', '', 0, '2018-12-20 14:14:23', '2018-12-25 10:16:06'),
(25, 1, 'Caption Travel &amp; Travel &amp; Tour (The Nap)', 'Caption Travel &amp; Travel &amp; Tour (The Nap)', '', '086-4765615 ', '', '', '', '', '', 0, 0, '', '', '086-4765615 ', '', '', 0, '2018-12-20 14:17:23', '2018-12-25 10:16:57'),
(26, 1, 'Pennueng travel &amp; Service Ltd.,Part.', 'Pennueng travel &amp; Service Ltd.,Part.', '', '081-0786392', '', '', '', '', '', 0, 1, 'คุณยา', '', '081-0786392', '', '', 0, '2018-12-20 14:20:30', '2018-12-25 10:19:51'),
(27, 1, 'Phuket S.P.Tour (Pullman ในทอน)', 'Phuket S.P.Tour (Pullman ในทอน)', '12 Moo3, T.Sakoo, Thalang, Phuket', '076-327559-60, 081-6779961  ', '', '', '', '', '', 0, 0, 'คุณจุ๋ม คุณอ้อย', 'ฝ่ายบัญชี', '076-327559-60', '', '', 0, '2018-12-20 14:46:45', '2018-12-25 10:21:49'),
(28, 1, 'Phuket Inside tour', 'Phuket Inside tour', '', '094-3166444', '', 'phuketinsidetour@gmail.com', '', '', '', 0, 0, 'คุณเนม', '', '094-3166444', '', '', 0, '2018-12-20 14:50:14', '2018-12-25 10:20:37'),
(29, 2, 'WD Tour (The Kee)', 'WD Tour (The Kee)', '152/1 Thaweewong Rd.,Patong, A.Katoo.Phuket 83150', '076-335840 ', '076-335841  ', '', '', '', '', 0, 0, '', '', '076-335840 ', '', '', 1, '2018-12-20 14:58:08', '2018-12-25 10:24:44'),
(30, 1, 'Jia Yun', 'Jia Yun', '', '095-4295160', '', '', '', '', '', 0, 0, 'คุณแพร', 'ฝ่ายบัญชี', '095-4295160', '', '', 0, '2018-12-20 14:59:45', '2018-12-25 10:17:59'),
(31, 1, 'PAVILION Naiton', 'LS PAVILION DEVELOPMENT CO.,LTD', '31/1 Moo 6 CHERNGTALAY,  THALANG,PHUKET ', '076317600', '076317601 ', '', '', '0835546002941', 'สำนักงานใหญ่', 0, 1, 'คุณภา', 'ฝ่ายบัญชี', '076317606', '', '', 0, '2018-12-20 15:38:33', '2018-12-25 10:29:16'),
(32, 1, 'Peak DMC Pty Ltd', 'Peak DMC Pty Ltd', 'Level 7, 567 Collins Street, Melbourne, VIC 3000, Australia', 'Tel: +66 (0) 2 282 2863 #108', ' +66 (0) 2 282 2864', 'kanita.s@peakdmc.com', '', '', '', 0, 1, 'Khun Kanita', '', 'Tel: +66 (0) 2 282 2863 #108', '', '', 0, '2018-12-21 12:39:37', '2018-12-25 10:18:45'),
(33, 1, 'Peak DMC Pty Ltd', '', 'Level 7, 567 Collins Street, Melbourne, VIC 3000, Australia', 'Tel: +66 (0) 2 282 2863 #108', ' +66 (0) 2 282 2864', 'kanita.s@peakdmc.com', '', '', '', 0, 1, 'Khun Kanita', '', 'Tel: +66 (0) 2 282 2863 #108', '', '', 0, '2018-12-21 12:39:40', '2018-12-21 12:39:40'),
(34, 2, 'GETYOURGUIDE ', 'GETYOURGUIDE ', '', '', '', '', '', '', '', 0, 0, '', '', '', '', '', 1, '2018-12-21 12:41:44', '2018-12-25 10:17:39'),
(35, 1, 'Marriott Mai khao Beach', 'บจก.เอ็มไอ สแควร์', '231 หมู่ที่ 3 ต.ไม้ขาว\r\nอ.ถลาง จ.ภูเก็ต 83110', '076-338000', '076-348348', '', '', '0105548119892', 'สำนักงานใหญ่', 0, 1, '', '', '076-338000', '', '', 0, '2018-12-25 10:57:48', '2018-12-25 10:57:48'),
(37, 1, 'Villa Zolitude', 'ไมตรี รีสอร์ท ดิเวลลอปเมนท์', '53/25 หมู่ที่ 5 ซอยบ้านในตรอก ถ.เจ้าฟ้าตะวันตก \r\nต.ฉลอง อ.เมืองภูเก็ต จ.ภูเก็ต', '076-521333  ', '', '', '', '0835548009462', 'สำนักงานใหญ่', 0, 1, '', '', '076-521333  ', '', '', 0, '2018-12-29 18:08:18', '2019-01-08 11:08:38'),
(38, 1, 'Afna Tour', 'บริษัท อัฟนา จำกัด', '48/3 หมู่ที่ 5 ต.กมลา\r\nอ.กะทู้ จ.ภูเก็ต 83150', '085-2102143 ', '', '', '', '0105550017431', 'สำนักงานใหญ่', 1, 1, 'คุณนา', 'ฝ่ายบัญชี', '085-2102143 ', '', '', 0, '2019-01-01 16:50:53', '2020-05-28 10:50:59'),
(39, 1, 'Impiana Patong', 'บจก.หาดทรายเงิน', '41 ถ.ทวีวงศ์ ต.ป่าตอง\r\nอ.กะทู้ จ.ภูเก็ต', '076-340138-40', '', '', '', '0835527000016', '', 0, 1, '', 'ฝ่ายบัญชี', '076-340138-40', '', '', 0, '2019-01-02 10:44:50', '2019-01-02 10:44:50'),
(40, 1, 'South Tours', 'South Tours', '194 ถ.ราษฎร์อุทิศ 200 ปี ต.ป่าตอง\r\nอ.กะทู้ จ.ภูเก็ต 83150', '076-294127,294129 ', '076-341327', 'info@southtours.net', '', '0835541002861', '', 0, 0, '', '', '076-294127,294129', 'info@southtours.net', '', 0, '2019-01-08 11:04:53', '2019-01-08 11:04:53'),
(41, 1, 'Number 8', 'Number 8', '', '', '', '', '', '', '', 0, 0, 'คุณพิม', '', '084-7446444', '', '', 0, '2019-01-10 17:15:22', '2019-01-10 17:29:47'),
(42, 1, 'Vitamin Sea', '', '', '', '', '', '', '', '', 0, 1, '', '', '', '', '', 0, '2019-01-17 11:39:07', '2019-01-17 11:39:07'),
(43, 2, 'Asia Vacation', 'บจก.เอเชีย วาเคชั่น', '59/81 ม.4 ต.กะทู้ อ.กะทู้ จ.ภูเก็ต', '', '', '', '', '', '', 0, 0, '', '', '', '', '', 1, '2019-01-17 19:38:00', '2019-01-17 19:38:00'),
(44, 1, 'Two Villa Holliday', 'บจก.บราวน์ สตาร์ลิ่ง', '136/275-276 ม.4 ซ.แซทเทอร์เดย์\r\nถ.ใสยวน-กะตะ ต.ราไวย์ จ.ภูเก็ต 83130', '', '', '', '', '0835549000469', 'สำนักงานใหญ่', 0, 1, '', '', '', '', '', 0, '2019-03-02 19:01:25', '2019-03-02 19:01:56'),
(45, 1, 'ASCO TRAVEL', 'บริษัท อัสโก้ ทราเวล (ไทยแลนด์) จำกัด', '55/800 หมู่ที่ 2 ถนนเจ้าฟ้า ตำบลวิชิต\r\nอำเภอเมืองภูเก็ต จังหวัดภูเก็ต', '076-376674, 0887529184', '', 'logistic.th.hkt@ascolotus.com', '', '0105548149252', 'สาขาที่ 00001', 0, 1, '', '', '076-376674', 'logistic.th.hkt@ascolotus.com', '', 0, '2019-10-21 12:30:12', '2019-10-21 12:30:12'),
(46, 2, 'Phuket Jet Tour', '', '', '', '', '', '', '', '', 0, 1, '', '', '', '', '', 1, '2019-10-21 12:39:04', '2019-10-21 12:39:04'),
(47, 1, 'ITC South Co.,Ltd.', 'ITC South Co.,Ltd.', '47 Soi 2/3, Yaowarat Rd., Taladyai,\r\nMuang Phuket, Phuket 83000', '076-524043-5', '076524046', '', '', '', '', 0, 1, '', '', '', '', '', 0, '2019-10-21 12:45:01', '2019-10-21 12:45:01'),
(48, 1, 'Phuket Weekend', 'บริษัท ณ สุขใจ ทราเวล แอนด์ ออแกไนซ์ จำกัด', '259/23 หมู่ 3 ตำบลศรีสุนทร \r\nอำเภอถลาง จังหวัดภูเก็ต 83110', '062-2423389, 0888234886', '', '', '', '0835560010068', 'สำนักงานใหญ่', 0, 1, '', '', '', '', '', 0, '2019-10-21 14:01:14', '2019-10-21 14:01:14'),
(49, 1, 'The Travel', 'The Travel Enterprises (Thailand)', '', '', '', '', '', '', '', 0, 1, '', '', '', '', '', 0, '2019-10-21 14:17:47', '2019-10-21 14:17:47'),
(50, 1, 'V.R. Tour and Transport', 'V.R. Tour and Transport', '', '', '', '', '', '', '', 0, 1, '', '', '', '', '', 0, '2019-10-21 14:30:12', '2019-10-21 14:30:12'),
(51, 2, 'We love andaman', 'We love andaman Co.,Ltd.', '35/746 Moo 2 Thepkrasattri Rd., Muang,\r\nPnuket 83000', '0894930731. 0966358387', '', 'webmaster@weloveandaman.com', '', '', '', 0, 1, '', '', '', '', '', 1, '2019-10-21 14:37:57', '2019-10-21 14:37:57'),
(52, 1, 'InterContinental  Phuket Resort', '', '', '', '', '', '', '', '', 0, 0, '', '', '', '', '', 0, '2019-10-29 10:29:20', '2019-10-29 10:29:22'),
(53, 1, 'Sri Panwa Phuket', '', '88 Sakdidej Rd, Vichit Muang Phuket 83000', '', '', '', '', '', '', 0, 0, '', '', '', '', '', 0, '2019-10-29 10:29:30', '2019-10-29 10:29:32'),
(54, 1, 'Club made', '', '', '', '', '', '', '', '', 0, 0, '', '', '', '', '', 0, '2019-10-29 10:29:48', '2019-10-29 10:29:49'),
(55, 1, 'Thavorn Plam', '', '', '', '', '', '', '', '', 0, 0, '', '', '', '', '', 0, '2019-10-29 10:29:51', '2019-10-29 10:29:53'),
(56, 1, 'Test', 'test system', '48/203 ....', '0985692256', '07659481', 'test@gmail.com', 'www.test-system.com', '1200151652', 'สำนักงานใหญ่', 1, 2, 'Meedia', 'programer', '0895461102', 'test@gmail.com', '1590638250_1.png', 0, '2020-05-28 10:57:30', '2020-08-11 17:13:36'),
(57, 1, 'Adee', 'บจก. เอดี ', '4/8 ต.ฉลอง\r\nอ.ฉลอง จ.ภูเก็ต\r\n83000', '076495884', '076485123', 'ad@gmail.com', 'www.ad.co.th', '18450002154', 'สาขาภูเก็ต', 1, 1, 'กิตติ', 'มีดี', '0842516651', 'kitti@gmail.com', '', 0, '2020-08-20 15:44:44', '2020-08-20 15:44:44'),
(58, 1, 'Test-Insert', 'insert into', '', '0845123352', '084521552', 'ad@gmail.com', 'www.ad.co.th', '18450002154', 'สาขาภูเก็ต', 1, 1, 'กิตติ', 'มีดี', '09952059', 'kitti@gmail.com', '', 0, '2020-10-27 15:21:20', '2020-10-27 15:21:20');

-- --------------------------------------------------------

--
-- Table structure for table `bank`
--

CREATE TABLE `bank` (
  `id` int(11) NOT NULL,
  `status` int(11) NOT NULL DEFAULT 1,
  `name` varchar(150) COLLATE utf8_unicode_ci NOT NULL,
  `photo1` text COLLATE utf8_unicode_ci NOT NULL,
  `last_edit_time` datetime NOT NULL
) ENGINE=InnoDB DEFAULT CHARSET=utf8 COLLATE=utf8_unicode_ci;

--
-- Dumping data for table `bank`
--

INSERT INTO `bank` (`id`, `status`, `name`, `photo1`, `last_edit_time`) VALUES
(1, 1, 'ธนาคารกรุงเทพ จำกัด (มหาชน)', '', '2021-04-26 14:50:55'),
(2, 1, 'ธนาคารกรุงไทย จำกัด (มหาชน)', '', '2021-04-26 14:50:55'),
(3, 1, 'ธนาคารกรุงศรีอยุธยา จำกัด (มหาชน)', '', '2021-04-26 14:50:55'),
(4, 1, 'ธนาคารกสิกรไทย จำกัด (มหาชน)', '', '2021-04-26 14:50:55'),
(5, 1, 'ธนาคารซีไอเอ็มบี ไทย จำกัด (มหาชน)', '', '2021-04-26 14:50:55'),
(6, 1, 'ธนาคารทหารไทย จำกัด (มหาชน)', '', '2021-04-26 14:50:55'),
(7, 1, 'ธนาคารไทยพาณิชย์ จำกัด (มหาชน)', '', '2021-04-26 14:50:55'),
(8, 1, 'ธนาคารธนชาต จำกัด (มหาชน)', '', '2021-04-26 14:50:55'),
(9, 1, 'ธนาคารทิสโก้ จำกัด (มหาชน)', '', '2021-04-26 14:50:55'),
(10, 1, 'ธนาคารยูโอบี จำกัด (มหาชน)', '', '2021-04-26 15:35:22'),
(11, 1, 'ธนาคารไอซีบีซี (ไทย) จำกัด (มหาชน)', '', '2021-04-26 15:35:28');

-- --------------------------------------------------------

--
-- Table structure for table `bill`
--

CREATE TABLE `bill` (
  `id` int(11) NOT NULL,
  `bi_date` date NOT NULL,
  `due_date` date NOT NULL,
  `bi_year` int(11) NOT NULL,
  `bi_year_thai` int(11) NOT NULL,
  `bi_month` int(11) NOT NULL,
  `bi_no` int(11) NOT NULL,
  `bi_full` varchar(100) COLLATE utf8_unicode_ci NOT NULL,
  `bi_name` varchar(100) COLLATE utf8_unicode_ci NOT NULL,
  `bi_address` text COLLATE utf8_unicode_ci NOT NULL,
  `bi_detail` text COLLATE utf8_unicode_ci NOT NULL,
  `bi_condition` varchar(200) COLLATE utf8_unicode_ci NOT NULL,
  `bi_con_detail` text COLLATE utf8_unicode_ci NOT NULL,
  `bi_by` int(11) NOT NULL,
  `agent` int(11) NOT NULL,
  `create_date` timestamp NOT NULL DEFAULT current_timestamp() ON UPDATE current_timestamp()
) ENGINE=InnoDB DEFAULT CHARSET=utf8 COLLATE=utf8_unicode_ci;

--
-- Dumping data for table `bill`
--

INSERT INTO `bill` (`id`, `bi_date`, `due_date`, `bi_year`, `bi_year_thai`, `bi_month`, `bi_no`, `bi_full`, `bi_name`, `bi_address`, `bi_detail`, `bi_condition`, `bi_con_detail`, `bi_by`, `agent`, `create_date`) VALUES
(1, '2021-04-16', '2021-04-16', 2021, 64, 4, 1, 'BI64040001', 'บจก.เทส', '55/9', 'งวดที่ 1', '', '', 1, 0, '2021-04-16 08:48:15');

-- --------------------------------------------------------

--
-- Table structure for table `bill_invoice`
--

CREATE TABLE `bill_invoice` (
  `id` int(11) NOT NULL,
  `bill` int(11) NOT NULL,
  `invoice` int(11) NOT NULL,
  `booking` int(11) NOT NULL,
  `booking_products` int(11) NOT NULL,
  `pay_bill` double(15,2) NOT NULL,
  `create_date` timestamp NOT NULL DEFAULT current_timestamp() ON UPDATE current_timestamp()
) ENGINE=InnoDB DEFAULT CHARSET=utf8 COLLATE=utf8_unicode_ci;

--
-- Dumping data for table `bill_invoice`
--

INSERT INTO `bill_invoice` (`id`, `bill`, `invoice`, `booking`, `booking_products`, `pay_bill`, `create_date`) VALUES
(1, 1, 1, 2, 4, 0.00, '2021-04-16 08:48:15'),
(2, 1, 2, 2, 15, 0.00, '2021-04-16 08:48:15');

-- --------------------------------------------------------

--
-- Table structure for table `booking`
--

CREATE TABLE `booking` (
  `id` int(11) NOT NULL,
  `voucher_no` varchar(100) CHARACTER SET utf8 COLLATE utf8_unicode_ci NOT NULL,
  `booking_date` date NOT NULL,
  `booking_time` time NOT NULL,
  `company` int(11) NOT NULL,
  `agent` int(11) NOT NULL,
  `agent_voucher` varchar(100) CHARACTER SET utf8 COLLATE utf8_unicode_ci NOT NULL,
  `sale_name` varchar(200) CHARACTER SET utf8 COLLATE utf8_unicode_ci NOT NULL,
  `customer_firstname` varchar(100) CHARACTER SET utf8 COLLATE utf8_unicode_ci NOT NULL,
  `customer_lastname` varchar(100) CHARACTER SET utf8 COLLATE utf8_unicode_ci NOT NULL,
  `customer_mobile` varchar(100) CHARACTER SET utf8 COLLATE utf8_unicode_ci NOT NULL,
  `customer_email` varchar(100) CHARACTER SET utf8 COLLATE utf8_unicode_ci NOT NULL,
  `facebook` varchar(150) COLLATE utf8mb4_unicode_ci NOT NULL,
  `line` varchar(150) COLLATE utf8mb4_unicode_ci NOT NULL,
  `full_receipt` int(11) NOT NULL,
  `receipt_name` varchar(200) CHARACTER SET utf8 COLLATE utf8_unicode_ci NOT NULL,
  `receipt_address` text CHARACTER SET utf8 COLLATE utf8_unicode_ci NOT NULL,
  `receipt_taxid` varchar(100) CHARACTER SET utf8 COLLATE utf8_unicode_ci NOT NULL,
  `receipt_detail` text COLLATE utf8mb4_unicode_ci NOT NULL,
  `travel_date_min` date NOT NULL,
  `status_email` int(11) NOT NULL,
  `status_email_revise` int(11) NOT NULL,
  `status_confirm` int(11) NOT NULL,
  `status` int(11) NOT NULL,
  `create_date` datetime NOT NULL,
  `last_edit_time` datetime NOT NULL
) ENGINE=InnoDB DEFAULT CHARSET=utf8mb4 COLLATE=utf8mb4_unicode_ci;

--
-- Dumping data for table `booking`
--

INSERT INTO `booking` (`id`, `voucher_no`, `booking_date`, `booking_time`, `company`, `agent`, `agent_voucher`, `sale_name`, `customer_firstname`, `customer_lastname`, `customer_mobile`, `customer_email`, `facebook`, `line`, `full_receipt`, `receipt_name`, `receipt_address`, `receipt_taxid`, `receipt_detail`, `travel_date_min`, `status_email`, `status_email_revise`, `status_confirm`, `status`, `create_date`, `last_edit_time`) VALUES
(1, '10001', '2020-06-11', '00:00:00', 0, 38, '', 'นาย ก', '', '', '', '', '', '', 1, 'นาย ก ข', '4/8 ถ.นา ต.นา ', '100021548', '', '2020-02-05', 2, 0, 2, 1, '2020-06-11 15:19:21', '2020-06-11 15:19:21'),
(2, '20001', '2020-06-10', '00:00:00', 2, 0, '', '-', 'john', 'wick', '084-5921658', 'mr.wick@gmail.com', '', '', 1, 'john wick', '8/2 ม.4 ซ.กิ่งแก้ว', '', '', '2020-05-10', 2, 3, 1, 1, '2020-06-11 15:28:23', '2020-12-23 14:14:06'),
(3, '20002', '2020-06-09', '00:00:00', 1, 0, '', '-', 'Nana', 'MeeDee', '089-5956629', 'mr.wick@gmail.com', '', '', 1, 'Nana meedee', '', '', '', '2019-11-12', 2, 3, 1, 1, '2020-06-11 15:31:07', '2020-12-23 12:22:51'),
(4, '10002', '2020-06-08', '00:00:00', 0, 56, '', 'test', '', '', '', '', '', '', 1, 'test test', '8/45', '', '', '2020-06-24', 2, 0, 2, 2, '2020-06-11 15:51:18', '2020-06-11 15:58:58'),
(5, '10003', '2020-06-07', '00:00:00', 0, 56, '103', 'test', '', '', '', '', '', '', 1, 'test test', '8/45', '', '', '2020-06-11', 2, 0, 1, 1, '2020-06-11 15:51:18', '2020-06-19 11:55:25'),
(6, '20003', '2020-06-12', '13:42:51', 0, 0, '', '-', 'เทส', 'ระบบ', '0958481158', 'mr.test@gmail.com', '', '', 1, 'เทส ระบบ', '', '', '', '0000-00-00', 2, 0, 2, 2, '2020-06-12 13:42:51', '2020-06-12 13:42:51'),
(7, '10004', '2020-08-17', '17:47:51', 0, 22, '10004', 'ดีครับ ดีจ้า', '', '', '', '', '', '', 1, 'บจก. ดีครับ ', '20/29 ม.2 ต.เกาะแก้ว\r\nอ.เมือง จ.ภูเก็ต 83000', '0835559006826', '', '2020-08-17', 2, 0, 1, 1, '2020-08-17 17:47:51', '2020-08-17 17:47:51'),
(8, '1845000', '2020-08-20', '16:03:04', 0, 57, '1845001', 'กิตติ', '', '', '', '', '', '', 1, 'กิตติ มีดี', '22/8 ม.2 ต.ถลาง\r\nอ.ถลาง จ.ภูเก็ต\r\n83000', '0830005902529', '', '2020-08-22', 2, 0, 2, 1, '2020-08-20 16:03:04', '2020-09-22 14:40:14'),
(9, '421500', '2020-08-20', '16:04:37', 1, 0, '', '-', 'สมเกียติ', 'นารี', '0845148854', 'som@gmail.com', '', '', 1, 'สมเกียติ นารี', '224/7 ม.1 ต.ฉลอง\r\nอ.ฉลอง จ.ภูเก็ต\r\n83000', '11484000154', '', '2020-08-01', 2, 3, 1, 1, '2020-08-20 16:04:37', '2020-12-23 12:19:25'),
(10, '483001', '2020-08-20', '18:23:04', 3, 0, '', '-', 'นีโน่', 'เลท', '0845216655', 'nino@gmail.com', '', '', 1, 'นีโน่ เลท', '84/9 ม.5 ต.เมือง\r\nอ.เมือง จ.พะเยา\r\n83000', '', '', '2020-08-12', 2, 0, 1, 1, '2020-08-20 18:23:04', '2020-12-23 12:19:36'),
(11, '1845004', '2020-08-21', '11:13:02', 0, 56, '184500', 'ต้นไม้ น่าอยู่', '', '', '', '', '', '', 1, 'ต้นไม้ น่าอยู่', '88/7 ม.2 ต.แสบสัน\r\nอ.แสบตา จ.แสบ\r\n83000', '08300845142529', '', '2020-06-10', 1, 0, 2, 1, '2020-08-21 11:13:02', '2020-08-21 11:13:02'),
(12, '125003', '2020-09-09', '15:53:05', 2, 56, '10003', '', '', '', '', '', '', '', 2, '', '', '', '', '0000-00-00', 2, 0, 2, 2, '2020-09-09 15:53:05', '2020-12-25 11:42:25'),
(13, '10021', '2020-09-10', '12:47:33', 3, 0, '', '-', 'test', 'test', '07452225', '', '', '', 2, '', '', '', '', '0000-00-00', 2, 0, 2, 2, '2020-09-10 12:47:33', '2020-12-25 11:42:35'),
(14, '1802155', '2020-10-26', '16:14:46', 1, 0, '', '-', 'Test-2', 'Test-2', '0854481523', 'test-2@gmail.com', '', '', 2, '', '', '', '', '2020-10-05', 2, 3, 1, 1, '2020-10-26 16:14:46', '2020-12-23 10:47:52'),
(15, '1002', '2020-10-27', '17:10:26', 2, 0, '', '-', 'Test', 'Insert', '051256256', 'mr.wick@gmail.com', '', '', 1, 'john wick', '', '0835559006826', 'Test-Receipt-Detail', '2020-10-27', 2, 3, 2, 1, '2020-10-27 17:10:26', '2020-12-23 10:47:45'),
(16, '18002', '2020-10-29', '14:30:47', 1, 57, '2202', 'ต้นไม้ น่าอยู่', 'นารี', 'มิก้า', '0845121150', '', '', '', 1, 'นารี มิก้า', '88/7 ม.5 ต.ถลาง', '', 'นารี มิก้า\r\nมิย่า นารี\r\nสารินี มานา', '2020-10-29', 2, 3, 1, 1, '2020-10-29 14:30:47', '2020-12-23 10:47:12'),
(17, '180052', '2020-11-17', '16:09:39', 3, 0, '', '-', 'คุณ สาสินี', 'มากแก้ว', '089-569-5592', 'sasinee@gmail.com', '', '', 1, 'คุณ สาสินี มากแก้ว', '22', '', '', '2020-11-17', 2, 3, 2, 1, '2020-11-17 16:09:39', '2020-12-23 10:47:02'),
(18, '11805', '2020-12-03', '10:48:21', 2, 57, '11806', 'คุณสุ', 'ไวพจน์', 'เพชรสุพรรณ', '084-259-2256', '', '', '', 2, 'ไวพจน์ เพชรสุพรรณ', '3/4', '', '', '2020-12-01', 2, 3, 2, 1, '2020-12-03 10:48:21', '2020-12-23 10:46:42'),
(19, '1103', '2020-12-29', '11:22:48', 1, 0, '', '-', 'Test', 'delete', '084695535', 'delete@gmail.com', '', '', 2, 'test delete', '22/8', '0830005902529', 'ไป 3 คน', '2020-12-27', 2, 3, 2, 1, '2020-12-29 11:22:48', '2020-12-29 13:28:16');

-- --------------------------------------------------------

--
-- Table structure for table `booking_history`
--

CREATE TABLE `booking_history` (
  `id` int(11) NOT NULL,
  `booking` int(11) NOT NULL,
  `history_type` int(11) NOT NULL,
  `booking_products` int(11) NOT NULL,
  `description_field` mediumtext CHARACTER SET utf8 COLLATE utf8_unicode_ci NOT NULL,
  `employee` int(11) NOT NULL,
  `ip_address` varchar(100) CHARACTER SET utf8 COLLATE utf8_unicode_ci NOT NULL,
  `create_date` datetime NOT NULL
) ENGINE=InnoDB DEFAULT CHARSET=utf8mb4 COLLATE=utf8mb4_unicode_ci;

--
-- Dumping data for table `booking_history`
--

INSERT INTO `booking_history` (`id`, `booking`, `history_type`, `booking_products`, `description_field`, `employee`, `ip_address`, `create_date`) VALUES
(1, 1, 1, 0, 'สถานะ : ออนไลน์\nประเภทลูกค้า : เอเย่นต์\nVoucher No. : 10001\nวันที่จอง : 11 June 2020\nเอเย่นต์ : Afna Tour\nVoucher No. (เอเย่นต์) : -\nชื่อเซลล์ : นาย ก\nชื่อ (ลูกค้า) : -\nนามสกุล (ลูกค้า) : -\nเบอร์โทรศัพท์ (ลูกค้า) : -\nอีเมล์ (ลูกค้า) : -\nใบเสร็จรับเงิน : แบบเต็ม\nชื่อ : นาย ก ข\nที่อยู่ : 4/8 ถ.นา ต.นา \nหมายเลขประจำตัวผู้เสียภาษี : 100021548\n', 1, '::1', '2020-06-11 15:19:21'),
(2, 1, 1, 1, 'ไม่ระบุวันที่ : ไม่ใช่\nวันที่เที่ยว / วันที่เดินทาง : 01 June 2020\nผู้ใหญ่ : 4 คน\nเด็ก : 2 คน\nทารก : - คน\nFOC : - คน\nเพิ่มรถรับส่ง : ใช่\nสถานที่รับ : ป่าตอง\nสถานที่ส่ง : เมือง\nโซน : กู้กู\nห้องพัก : -\nชาวต่างชาติ : ไม่มี\nจำนวนชาวต่างชาติ : - คน\nราคาเพิ่มเติมสำหรับชาวต่างชาติ : 0 บาท\nราคาสำหรับแก้ไข : 15,600 บาท\n', 1, '::1', '2020-06-11 15:22:35'),
(3, 1, 1, 2, 'ไม่ระบุวันที่ : ไม่ใช่\nวันที่เช็คอิน : 05 February 2020\nวันที่เช็คเอาท์ : 08 February 2020\nผู้ใหญ่ : 6 คน\nเด็ก : 4 คน\nทารก : - คน\nFOC : - คน\nสถานที่รับ : N/A\nสถานที่ส่ง : N/A\nโซน : -\nห้องพัก : -\nจำนวนห้อง : 2 ห้อง\nจำนวนเตียงเสริม : 2 เตียง\nจำนวนแชร์เตียง : - เตียง\nราคาสำหรับแก้ไข : 13,800 บาท\n', 1, '::1', '2020-06-11 15:23:39'),
(4, 1, 1, 3, 'ไม่ระบุวันที่ : ไม่ใช่\nวันที่เที่ยว / วันที่เดินทาง : 11 June 2020\nผู้ใหญ่ : 3 คน\nเด็ก : 2 คน\nทารก : - คน\nFOC : - คน\nเพิ่มรถรับส่ง : ใช่\nสถานที่รับ : ป่าตอง\nสถานที่ส่ง : The King activity\nโซน : กมลา\nห้องพัก : -\nชาวต่างชาติ : ไม่มี\nจำนวนชาวต่างชาติ : - คน\nราคาเพิ่มเติมสำหรับชาวต่างชาติ : 0 บาท\nราคาสำหรับแก้ไข : 4,000 บาท\n', 1, '::1', '2020-06-11 15:25:35'),
(5, 1, 2, 3, 'ไม่ระบุวันที่ : ใช่\n', 1, '::1', '2020-06-11 15:25:45'),
(6, 2, 1, 0, 'สถานะ : ออนไลน์\nประเภทลูกค้า : ลูกค้าทั่วไป\nVoucher No. : 200001\nวันที่จอง : 11 June 2020\nเอเย่นต์ : -\nVoucher No. (เอเย่นต์) : -\nชื่อเซลล์ : -\nชื่อ (ลูกค้า) : john\nนามสกุล (ลูกค้า) : wick\nเบอร์โทรศัพท์ (ลูกค้า) : 084-5921658\nอีเมล์ (ลูกค้า) : mr.wick@gmail.com\nใบเสร็จรับเงิน : แบบเต็ม\nชื่อ : john wick\nที่อยู่ : 8/2 ม.4 ซ.กิ่งแก้ว\nหมายเลขประจำตัวผู้เสียภาษี : -\n', 1, '::1', '2020-06-11 15:28:23'),
(7, 3, 1, 0, 'สถานะ : ออนไลน์\nประเภทลูกค้า : ลูกค้าทั่วไป\nVoucher No. : 200002\nวันที่จอง : 11 June 2020\nเอเย่นต์ : -\nVoucher No. (เอเย่นต์) : -\nชื่อเซลล์ : -\nชื่อ (ลูกค้า) : Nana\nนามสกุล (ลูกค้า) : MeeDee\nเบอร์โทรศัพท์ (ลูกค้า) : 089-5956629\nอีเมล์ (ลูกค้า) : mr.wick@gmail.com\nใบเสร็จรับเงิน : แบบเต็ม\nชื่อ : Nana meedee\nที่อยู่ : -\nหมายเลขประจำตัวผู้เสียภาษี : -\n', 1, '::1', '2020-06-11 15:31:07'),
(8, 4, 1, 0, 'สถานะ : ออนไลน์\nประเภทลูกค้า : เอเย่นต์\nVoucher No. : 10002\nวันที่จอง : 11 June 2020\nเอเย่นต์ : Test\nVoucher No. (เอเย่นต์) : -\nชื่อเซลล์ : test\nชื่อ (ลูกค้า) : -\nนามสกุล (ลูกค้า) : -\nเบอร์โทรศัพท์ (ลูกค้า) : -\nอีเมล์ (ลูกค้า) : -\nใบเสร็จรับเงิน : แบบเต็ม\nชื่อ : test test\nที่อยู่ : 8/45\nหมายเลขประจำตัวผู้เสียภาษี : -\n', 1, '::1', '2020-06-11 15:51:18'),
(9, 5, 1, 0, 'สถานะ : ออนไลน์\nประเภทลูกค้า : เอเย่นต์\nVoucher No. : 10002\nวันที่จอง : 11 June 2020\nเอเย่นต์ : Test\nVoucher No. (เอเย่นต์) : -\nชื่อเซลล์ : test\nชื่อ (ลูกค้า) : -\nนามสกุล (ลูกค้า) : -\nเบอร์โทรศัพท์ (ลูกค้า) : -\nอีเมล์ (ลูกค้า) : -\nใบเสร็จรับเงิน : แบบเต็ม\nชื่อ : test test\nที่อยู่ : 8/45\nหมายเลขประจำตัวผู้เสียภาษี : -\n', 1, '::1', '2020-06-11 15:51:18'),
(10, 2, 1, 4, 'ไม่ระบุวันที่ : ไม่ใช่\nวันที่เช็คอิน : 10 June 2020\nวันที่เช็คเอาท์ : 13 June 2020\nผู้ใหญ่ : 2 คน\nเด็ก : 1 คน\nทารก : - คน\nFOC : - คน\nสถานที่รับ : N/A\nสถานที่ส่ง : N/A\nโซน : -\nห้องพัก : -\nจำนวนห้อง : 1 ห้อง\nจำนวนเตียงเสริม : 1 เตียง\nจำนวนแชร์เตียง : - เตียง\nราคาสำหรับแก้ไข : 4,350 บาท\n', 1, '::1', '2020-06-11 15:54:40'),
(11, 3, 1, 5, 'ไม่ระบุวันที่ : ไม่ใช่\nวันที่เที่ยว / วันที่เดินทาง : 04 February 2020\nผู้ใหญ่ : 1 คน\nเด็ก : - คน\nทารก : - คน\nFOC : - คน\nเพิ่มรถรับส่ง : ใช่\nสถานที่รับ : เมือง\nสถานที่ส่ง : ป่าตอง\nโซน : -\nห้องพัก : -\nชาวต่างชาติ : ไม่มี\nจำนวนชาวต่างชาติ : - คน\nราคาเพิ่มเติมสำหรับชาวต่างชาติ : 0 บาท\nราคาสำหรับแก้ไข : 5,000 บาท\n', 1, '::1', '2020-06-11 15:56:07'),
(12, 3, 1, 6, 'ไม่ระบุวันที่ : ไม่ใช่\nวันที่เที่ยว / วันที่เดินทาง : 18 June 2020\nผู้ใหญ่ : 2 คน\nเด็ก : 2 คน\nทารก : - คน\nFOC : - คน\nสถานที่รับ : N/A\nสถานที่ส่ง : N/A\nโซน : -\nห้องพัก : -\nจำนวนคัน : 1 คัน\nจำนวนชั่วโมง : 4 ชั่วโมง\nเวลารับ : 12:00\nเวลาส่ง : 04:00 PM\nราคาสำหรับแก้ไข : 1,550 บาท\n', 1, '::1', '2020-06-11 15:58:32'),
(13, 4, 2, 0, 'สถานะ : ยกเลิก\n', 1, '::1', '2020-06-11 15:58:58'),
(14, 5, 1, 7, 'ไม่ระบุวันที่ : ไม่ใช่\nวันที่เที่ยว / วันที่เดินทาง : 11 June 2020\nผู้ใหญ่ : 3 คน\nเด็ก : 2 คน\nทารก : - คน\nFOC : - คน\nเพิ่มรถรับส่ง : ไม่ใช่\nสถานที่รับ : N/A\nสถานที่ส่ง : N/A\nโซน : -\nห้องพัก : -\nชาวต่างชาติ : ไม่มี\nจำนวนชาวต่างชาติ : - คน\nราคาเพิ่มเติมสำหรับชาวต่างชาติ : 0 บาท\nราคาสำหรับแก้ไข : 2,100 บาท\n', 1, '::1', '2020-06-11 15:59:26'),
(15, 5, 1, 8, 'ไม่ระบุวันที่ : ไม่ใช่\nวันที่เช็คอิน : 11 June 2020\nวันที่เช็คเอาท์ : 15 June 2020\nผู้ใหญ่ : 2 คน\nเด็ก : 2 คน\nทารก : - คน\nFOC : - คน\nสถานที่รับ : N/A\nสถานที่ส่ง : N/A\nโซน : -\nห้องพัก : -\nจำนวนห้อง : 1 ห้อง\nจำนวนเตียงเสริม : 1 เตียง\nจำนวนแชร์เตียง : - เตียง\nราคาสำหรับแก้ไข : 5,800 บาท\n', 1, '::1', '2020-06-11 16:00:02'),
(16, 5, 2, 7, 'ชาวต่างชาติ : มี\nจำนวนชาวต่างชาติ : 2 คน\nราคาเพิ่มเติมสำหรับชาวต่างชาติ : 400 บาท\n', 1, '::1', '2020-06-11 16:00:20'),
(17, 4, 1, 9, 'ไม่ระบุวันที่ : ไม่ใช่\nวันที่เที่ยว / วันที่เดินทาง : 24 June 2020\nผู้ใหญ่ : 3 คน\nเด็ก : 2 คน\nทารก : - คน\nFOC : - คน\nเพิ่มรถรับส่ง : ไม่ใช่\nสถานที่รับ : N/A\nสถานที่ส่ง : N/A\nโซน : -\nห้องพัก : -\nชาวต่างชาติ : ไม่มี\nจำนวนชาวต่างชาติ : - คน\nราคาเพิ่มเติมสำหรับชาวต่างชาติ : 0 บาท\nราคาสำหรับแก้ไข : 10,000 บาท\n', 1, '::1', '2020-06-11 16:01:19'),
(18, 6, 1, 0, 'สถานะ : ยกเลิก\nประเภทลูกค้า : ลูกค้าทั่วไป\nVoucher No. : 20003\nวันที่จอง : 12 June 2020\nเอเย่นต์ : -\nVoucher No. (เอเย่นต์) : -\nชื่อเซลล์ : -\nชื่อ (ลูกค้า) : เทส\nนามสกุล (ลูกค้า) : ระบบ\nเบอร์โทรศัพท์ (ลูกค้า) : 0958481158\nอีเมล์ (ลูกค้า) : mr.test@gmail.com\nใบเสร็จรับเงิน : แบบเต็ม\nชื่อ : เทส ระบบ\nที่อยู่ : -\nหมายเลขประจำตัวผู้เสียภาษี : -\n', 1, '::1', '2020-06-12 13:42:51'),
(19, 3, 3, 6, 'สถานะ : ยกเลิก', 1, '::1', '2020-06-12 16:16:35'),
(20, 3, 4, 6, 'สถานะ : คืน', 1, '::1', '2020-06-12 16:18:08'),
(21, 5, 3, 8, 'สถานะ : ยกเลิกข้อมูล', 1, '::1', '2020-06-15 09:52:02'),
(22, 5, 4, 8, 'สถานะ : คืนข้อมูล', 1, '::1', '2020-06-15 10:58:36'),
(23, 3, 3, 6, 'สถานะ : ยกเลิกข้อมูล', 1, '::1', '2020-06-15 10:58:53'),
(24, 3, 3, 6, 'สถานะ : ยกเลิกข้อมูล', 1, '::1', '2020-06-15 10:59:07'),
(25, 3, 1, 10, 'ไม่ระบุวันที่ : ไม่ใช่\nวันที่เที่ยว / วันที่เดินทาง : 15 June 2020\nผู้ใหญ่ : 1 คน\nเด็ก : - คน\nทารก : - คน\nFOC : - คน\nสถานที่รับ : N/A\nสถานที่ส่ง : N/A\nโซน : -\nห้องพัก : -\nจำนวนคัน : 1 คัน\nจำนวนชั่วโมง : 1 ชั่วโมง\nเวลารับ : 11:01\nเวลาส่ง : 12:01 PM\nราคาสำหรับแก้ไข : 1,200 บาท\n', 1, '::1', '2020-06-15 11:01:44'),
(26, 3, 3, 5, 'สถานะ : ยกเลิกข้อมูล', 1, '::1', '2020-06-15 11:23:17'),
(27, 3, 4, 5, 'สถานะ : คืนข้อมูล', 1, '::1', '2020-06-15 11:29:43'),
(28, 3, 3, 10, 'สถานะ : ยกเลิกข้อมูล', 1, '::1', '2020-06-16 11:17:09'),
(29, 3, 4, 6, 'สถานะ : คืนข้อมูล', 1, '::1', '2020-06-16 11:17:17'),
(30, 3, 4, 5, 'สถานะ : คืนข้อมูล', 1, '::1', '2020-07-08 10:42:45'),
(31, 5, 5, 7, 'สถานะการยืนยัน(OP) : ยืนยันแล้ว', 1, '::1', '2020-07-10 11:16:54'),
(32, 3, 5, 12, 'สถานะการยืนยัน(OP) : ยืนยันแล้ว', 1, '::1', '2020-07-10 11:18:44'),
(33, 3, 6, 12, 'สถานะการยืนยัน(OP) : ยกเลิกการยืนยันแล้ว', 1, '::1', '2020-07-10 11:19:10'),
(34, 2, 2, 4, 'ผู้ใหญ่ : 4 คน\nจำนวนห้อง : 4 ห้อง\nหมายเหตุ : \n\n', 1, '::1', '2020-07-10 11:56:08'),
(35, 5, 2, 7, 'หมายเลขรถ/ป้ายทะเบียนรถ : P3', 1, '::1', '2020-07-10 12:01:00'),
(36, 4, 2, 9, 'หมายเลขรถ/ป้ายทะเบียนรถ : P5', 1, '::1', '2020-07-10 12:16:21'),
(37, 3, 5, 12, 'สถานะการยืนยัน(OP) : ยืนยันแล้ว', 1, '::1', '2020-07-10 12:16:32'),
(38, 3, 2, 12, 'หมายเลขรถ/ป้ายทะเบียนรถ : P10', 1, '::1', '2020-07-10 12:16:39'),
(39, 2, 1, 15, 'ไม่ระบุวันที่ : ไม่ใช่\nวันที่เที่ยว / วันที่เดินทาง : 09 June 2020\nผู้ใหญ่ : 3 คน\nเด็ก : 2 คน\nทารก : 1 คน\nFOC : 1 คน\nเพิ่มรถรับส่ง : ไม่ใช่\nสถานที่รับ : N/A\nสถานที่ส่ง : N/A\nโซน : -\nห้องพัก : -\nชาวต่างชาติ : ไม่มี\nจำนวนชาวต่างชาติ : - คน\nราคาเพิ่มเติมสำหรับชาวต่างชาติ : 0 บาท\nราคาสำหรับแก้ไข : 2,000 บาท\nหมายเหตุ : \n\n', 1, '::1', '2020-07-10 12:49:56'),
(40, 2, 1, 16, 'ไม่ระบุวันที่ : ไม่ใช่\nวันที่เที่ยว / วันที่เดินทาง : 10 May 2020\nผู้ใหญ่ : 3 คน\nเด็ก : 2 คน\nทารก : - คน\nFOC : - คน\nสถานที่รับ : N/A\nสถานที่ส่ง : N/A\nโซน : -\nห้องพัก : -\nจำนวนคัน : 1 คัน\nจำนวนชั่วโมง : 1 ชั่วโมง\nเวลารับ : 01:30\nเวลาส่ง : 02:30 AM\nราคาสำหรับแก้ไข : 2,800 บาท\nหมายเหตุ : \n\n', 1, '::1', '2020-07-10 12:56:54'),
(41, 5, 6, 7, 'สถานะการยืนยัน(OP) : ยกเลิกการยืนยันแล้ว', 1, '::1', '2020-07-10 14:02:38'),
(42, 3, 6, 12, 'สถานะการยืนยัน(OP) : ยกเลิกการยืนยันแล้ว', 1, '::1', '2020-07-10 14:02:42'),
(43, 5, 2, 7, 'หมายเลขรถ/ป้ายทะเบียนรถ : P10', 1, '::1', '2020-07-10 15:34:27'),
(44, 5, 5, 7, 'สถานะการยืนยัน(OP) : ยืนยันแล้ว', 1, '::1', '2020-07-10 15:34:31'),
(45, 5, 2, 7, 'เวลารับ : 17:40', 1, '::1', '2020-07-10 15:46:39'),
(46, 3, 5, 13, 'สถานะการยืนยัน(OP) : ยืนยันแล้ว', 1, '::1', '2020-07-10 15:48:18'),
(47, 3, 2, 13, 'เวลารับ : 10:00', 1, '::1', '2020-07-10 15:48:33'),
(48, 3, 2, 13, 'หมายเลขรถ/ป้ายทะเบียนรถ : P1', 1, '::1', '2020-07-10 15:48:44'),
(49, 3, 2, 10, 'เวลารับ : 12:00\nเวลาส่ง : 01:00 PM\nหมายเหตุ : \n- Test (system)\n', 1, '::1', '2020-07-10 15:58:23'),
(50, 3, 2, 10, 'สถานที่รับ : เมือง\nสถานที่ส่ง : กะตะ\nโซน : กะตะ\nห้องพัก : A102\nจำนวนชั่วโมง : 3 ชั่วโมง\nเวลาส่ง : 03:00 PM\nหมายเหตุ : \n- Test (system)\n', 1, '::1', '2020-07-10 16:01:04'),
(51, 3, 2, 10, 'หมายเลขรถ/ป้ายทะเบียนรถ : P5', 1, '::1', '2020-07-10 16:02:16'),
(52, 3, 5, 10, 'สถานะการยืนยัน(OP) : ยืนยันแล้ว', 1, '::1', '2020-07-10 16:02:23'),
(53, 2, 5, 4, 'สถานะการยืนยัน(OP) : ยืนยันแล้ว', 1, '::1', '2020-07-10 16:08:16'),
(54, 3, 3, 12, 'สถานะ : ยกเลิกข้อมูล', 1, '::1', '2020-07-10 16:13:33'),
(55, 3, 4, 12, 'สถานะ : คืนข้อมูล', 1, '::1', '2020-07-10 16:15:20'),
(56, 3, 8, 12, 'สถานะการส่งอีเมล์ : ส่งแล้ว </br>ส่งอีเมล์โดย : Programmer</br>Remark : เทส', 1, '::1', '2020-07-10 16:15:36'),
(57, 3, 6, 11, 'สถานะการยืนยัน : ยังไม่ยืนยัน', 1, '::1', '2020-07-16 11:23:03'),
(58, 2, 1, 17, 'ไม่ระบุวันที่ : ไม่ใช่\nวันที่เที่ยว / วันที่เดินทาง : 02 June 2020\nผู้ใหญ่ : 2 คน\nเด็ก : 1 คน\nทารก : 1 คน\nFOC : 1 คน\nเพิ่มรถรับส่ง : ไม่ใช่\nสถานที่รับ : N/A\nสถานที่ส่ง : N/A\nโซน : -\nห้องพัก : -\nชาวต่างชาติ : ไม่มี\nจำนวนชาวต่างชาติ : - คน\nราคาเพิ่มเติมสำหรับชาวต่างชาติ : 0 บาท\nราคาสำหรับแก้ไข : 12,000 บาท\nหมายเหตุ : \nTest\n', 1, '::1', '2020-07-16 17:02:33'),
(59, 3, 2, 14, 'หมายเหตุ : \n\n', 1, '::1', '2020-07-22 14:10:44'),
(60, 3, 2, 14, 'เด็ก : 2 คน\nหมายเหตุ : \n\n', 1, '::1', '2020-07-22 14:11:50'),
(61, 3, 2, 14, 'เด็ก : - คน\nหมายเหตุ : \n\n', 1, '::1', '2020-07-22 14:12:08'),
(62, 3, 2, 13, 'หมายเหตุ : \n\n', 1, '::1', '2020-07-22 14:12:37'),
(63, 5, 2, 7, 'หมายเหตุ : \n\n', 1, '::1', '2020-07-22 14:13:02'),
(64, 5, 2, 7, 'หมายเหตุ : \n\n', 1, '::1', '2020-07-22 14:18:44'),
(65, 3, 2, 14, 'หมายเหตุ : \n\n', 1, '::1', '2020-07-22 14:21:59'),
(66, 3, 2, 5, 'หมายเหตุ : \n\n', 1, '::1', '2020-07-22 14:22:05'),
(67, 3, 2, 12, 'หมายเหตุ : \n\n', 1, '::1', '2020-07-22 14:22:12'),
(68, 3, 2, 13, 'หมายเหตุ : \n\n', 1, '::1', '2020-07-22 14:22:38'),
(69, 3, 2, 10, 'หมายเหตุ : \n- Test (system)\n', 1, '::1', '2020-07-22 14:23:01'),
(70, 3, 2, 11, 'หมายเหตุ : \nTest System\r\nTest System\r\nTest System\n', 1, '::1', '2020-07-22 14:23:08'),
(71, 2, 2, 17, 'หมายเหตุ : \nTest\n', 1, '::1', '2020-07-22 14:23:34'),
(72, 2, 2, 15, 'หมายเหตุ : \n\n', 1, '::1', '2020-07-22 14:23:41'),
(73, 2, 2, 16, 'หมายเหตุ : \n\n', 1, '::1', '2020-07-22 14:23:48'),
(74, 2, 2, 4, 'หมายเหตุ : \n\n', 1, '::1', '2020-07-22 14:23:57'),
(75, 5, 2, 7, 'หมายเหตุ : \n\n', 1, '::1', '2020-07-22 14:24:14'),
(76, 5, 2, 8, 'หมายเหตุ : \n\n', 1, '::1', '2020-07-22 14:24:21'),
(77, 2, 5, 17, 'สถานะการยืนยัน : ยืนยันแล้ว </br>ยืนยันโดย : Admin', 1, '::1', '2020-07-23 12:29:21'),
(78, 2, 5, 17, 'สถานะการยืนยัน(OP) : ยืนยันแล้ว', 1, '::1', '2020-07-23 12:29:31'),
(79, 2, 2, 17, 'หมายเลขรถ/ป้ายทะเบียนรถ : P12', 1, '::1', '2020-07-23 12:29:42'),
(80, 2, 2, 17, 'เพิ่มรถรับส่ง : ใช่\nสถานที่รับ : เมือง\nสถานที่ส่ง : ป่าตอง\nโซน : กู้กู\nหมายเหตุ : \nTest\n', 1, '::1', '2020-07-23 12:30:32'),
(81, 2, 8, 17, 'สถานะการส่งอีเมล์ : ส่งแล้ว </br>ส่งอีเมล์โดย : Programmer</br>Remark : Test', 1, '::1', '2020-07-23 12:30:51'),
(82, 5, 1, 18, 'ไม่ระบุวันที่ : ไม่ใช่\nวันที่เที่ยว / วันที่เดินทาง : 23 July 2020\nผู้ใหญ่ : 2 คน\nเด็ก : 1 คน\nทารก : - คน\nFOC : - คน\nเพิ่มรถรับส่ง : ใช่\nสถานที่รับ : เมือง\nสถานที่ส่ง : กะตะ\nโซน : กะตะ\nห้องพัก : -\nชาวต่างชาติ : ไม่มี\nจำนวนชาวต่างชาติ : - คน\nราคาเพิ่มเติมสำหรับชาวต่างชาติ : 0 บาท\nราคาสำหรับแก้ไข : 31,500 บาท\nหมายเหตุ : \nTest\n', 1, '::1', '2020-07-23 17:26:20'),
(83, 5, 5, 8, 'สถานะการยืนยัน : ยืนยันแล้ว </br>ยืนยันโดย : Admin', 1, '::1', '2020-07-23 17:26:30'),
(84, 5, 5, 18, 'สถานะการยืนยัน : ยืนยันแล้ว </br>ยืนยันโดย : Admin', 1, '::1', '2020-07-23 17:27:20'),
(85, 5, 2, 18, 'หมายเลขรถ/ป้ายทะเบียนรถ : P6', 1, '::1', '2020-07-23 17:27:34'),
(86, 5, 5, 18, 'สถานะการยืนยัน(OP) : ยืนยันแล้ว', 1, '::1', '2020-07-23 17:27:53'),
(87, 5, 6, 18, 'สถานะการยืนยัน(OP) : ยกเลิกการยืนยันแล้ว', 1, '::1', '2020-07-23 17:30:07'),
(88, 5, 5, 18, 'สถานะการยืนยัน(OP) : ยืนยันแล้ว', 1, '::1', '2020-07-23 17:30:44'),
(89, 1, 1, 19, 'ไม่ระบุวันที่ : ไม่ใช่\nวันที่เช็คอิน : 23 July 2020\nวันที่เช็คเอาท์ : 24 July 2020\nผู้ใหญ่ : 4 คน\nเด็ก : 1 คน\nทารก : - คน\nFOC : - คน\nสถานที่รับ : N/A\nสถานที่ส่ง : N/A\nโซน : -\nห้องพัก : -\nจำนวนห้อง : 2 ห้อง\nจำนวนเตียงเสริม : - เตียง\nจำนวนแชร์เตียง : - เตียง\nราคาสำหรับแก้ไข : 3,000 บาท\nหมายเหตุ : \n\n', 1, '::1', '2020-07-23 17:31:32'),
(90, 1, 5, 19, 'สถานะการยืนยัน : ยืนยันแล้ว </br>ยืนยันโดย : Admin', 1, '::1', '2020-07-23 17:31:44'),
(91, 1, 5, 19, 'สถานะการยืนยัน(OP) : ยืนยันแล้ว', 1, '::1', '2020-07-23 17:31:59'),
(92, 1, 5, 1, 'สถานะการยืนยัน : ยืนยันแล้ว </br>ยืนยันโดย : Admin', 1, '::1', '2020-07-24 11:57:56'),
(93, 1, 5, 1, 'สถานะการยืนยัน(OP) : ยืนยันแล้ว', 1, '::1', '2020-07-24 11:58:09'),
(94, 1, 2, 1, 'หมายเหตุ : \n\n', 1, '::1', '2020-08-11 17:28:52'),
(95, 1, 2, 1, 'หมายเหตุ : \n\n', 1, '::1', '2020-08-11 17:28:52'),
(96, 2, 2, 17, 'หมายเหตุ : \nTest\n', 1, '::1', '2020-08-14 15:02:33'),
(97, 2, 2, 17, 'ผู้ใหญ่ : 10 คน\nเด็ก : 5 คน\nหมายเหตุ : \nTest\n', 1, '::1', '2020-08-14 15:11:13'),
(98, 3, 2, 13, 'หมายเหตุ : \n\n', 1, '::1', '2020-08-14 16:18:31'),
(99, 3, 2, 13, 'ชาวต่างชาติ : มี\nจำนวนชาวต่างชาติ : 2 คน\nราคาเพิ่มเติมสำหรับชาวต่างชาติ : 3,000 บาท\nหมายเหตุ : \n\n', 1, '::1', '2020-08-14 16:19:19'),
(100, 3, 2, 10, 'ผู้ใหญ่ : 4 คน\nจำนวนคัน : 2 คัน\nจำนวนชั่วโมง : 5 ชั่วโมง\nเวลาส่ง : 05:00 PM\nหมายเหตุ : \n- Test (system)\n', 1, '::1', '2020-08-17 11:57:44'),
(101, 3, 2, 10, 'หมายเหตุ : \n- Test (system)\n', 1, '::1', '2020-08-17 14:38:10'),
(102, 3, 2, 10, 'จำนวนชั่วโมง : 2 ชั่วโมง\nเวลาส่ง : 02:00 PM\nหมายเหตุ : \n- Test (system)\n', 1, '::1', '2020-08-17 15:05:01'),
(103, 3, 2, 10, 'จำนวนชั่วโมง : 5 ชั่วโมง\nเวลาส่ง : 05:00 PM\nหมายเหตุ : \n- Test (system)\n', 1, '::1', '2020-08-17 15:05:34'),
(104, 3, 2, 10, 'ราคาสำหรับแก้ไข : 2,400 บาท\nหมายเหตุ : \n- Test (system)\n', 1, '::1', '2020-08-17 15:06:21'),
(105, 2, 2, 4, 'จำนวนแชร์เตียง : 2 เตียง\nหมายเหตุ : \n\n', 1, '::1', '2020-08-17 15:21:10'),
(106, 2, 2, 4, 'ราคาสำหรับแก้ไข : 12,000 บาท\nหมายเหตุ : \n\n', 1, '::1', '2020-08-17 15:21:39'),
(107, 3, 2, 5, 'ผู้ใหญ่ : 2 คน\nเด็ก : 1 คน\nหมายเหตุ : \n\n', 1, '::1', '2020-08-17 16:12:13'),
(108, 3, 2, 5, 'หมายเหตุ : \n\n', 1, '::1', '2020-08-17 16:12:13'),
(109, 3, 5, 5, 'สถานะการยืนยัน(OP) : ยืนยันแล้ว', 1, '::1', '2020-08-17 16:12:38'),
(110, 3, 2, 5, 'ราคาสำหรับแก้ไข : 12,000 บาท\nหมายเหตุ : \n\n', 1, '::1', '2020-08-17 16:13:21'),
(111, 3, 5, 5, 'สถานะการยืนยัน(OP) : ยืนยันแล้ว', 1, '::1', '2020-08-17 16:25:37'),
(112, 3, 2, 11, 'ไม่ระบุวันที่ : ไม่ใช่\nผู้ใหญ่ : 2 คน\nเด็ก : - คน\nจำนวนห้อง : 1 ห้อง\nจำนวนเตียงเสริม : - เตียง\nหมายเหตุ : \nTest System\r\nTest System\r\nTest System\n', 1, '::1', '2020-08-17 16:28:43'),
(113, 3, 2, 11, 'ราคาสำหรับแก้ไข : 3,600 บาท\nหมายเหตุ : \nTest System\r\nTest System\r\nTest System\n', 1, '::1', '2020-08-17 16:28:58'),
(114, 3, 5, 11, 'สถานะการยืนยัน : ยืนยันแล้ว </br>ยืนยันโดย : admin', 1, '::1', '2020-08-17 16:29:17'),
(115, 3, 5, 11, 'สถานะการยืนยัน(OP) : ยืนยันแล้ว', 1, '::1', '2020-08-17 16:29:38'),
(116, 2, 5, 16, 'สถานะการยืนยัน : ยืนยันแล้ว </br>ยืนยันโดย : admin', 1, '::1', '2020-08-17 16:31:21'),
(117, 2, 2, 16, 'ผู้ใหญ่ : 2 คน\nFOC : 2 คน\nหมายเหตุ : \n\n', 1, '::1', '2020-08-17 16:31:45'),
(118, 2, 5, 16, 'สถานะการยืนยัน(OP) : ยืนยันแล้ว', 1, '::1', '2020-08-17 16:31:56'),
(119, 2, 2, 17, 'ชาวต่างชาติ : มี\nจำนวนชาวต่างชาติ : 2 คน\nราคาเพิ่มเติมสำหรับชาวต่างชาติ : 1,000 บาท\nหมายเหตุ : \nTest\n', 1, '::1', '2020-08-17 16:37:35'),
(120, 1, 2, 1, 'หมายเหตุ : \n\n', 1, '::1', '2020-08-17 17:29:41'),
(121, 1, 2, 19, 'หมายเหตุ : \n\n', 1, '::1', '2020-08-17 17:29:52'),
(122, 1, 2, 2, 'หมายเหตุ : \n\n', 1, '::1', '2020-08-17 17:30:00'),
(123, 5, 2, 7, 'หมายเหตุ : \n\n', 1, '::1', '2020-08-17 17:30:16'),
(124, 5, 2, 18, 'หมายเหตุ : \nTest\n', 1, '::1', '2020-08-17 17:30:25'),
(125, 7, 1, 0, 'สถานะ : ออนไลน์\nประเภทลูกค้า : เอเย่นต์\nVoucher No. : 10004\nวันที่จอง : 17 August 2020\nเอเย่นต์ : AHM Asia Tour & Travel\nVoucher No. (เอเย่นต์) : 10004\nชื่อเซลล์ : ดีครับ ดีจ้า\nชื่อ (ลูกค้า) : -\nนามสกุล (ลูกค้า) : -\nเบอร์โทรศัพท์ (ลูกค้า) : -\nอีเมล์ (ลูกค้า) : -\nใบเสร็จรับเงิน : แบบเต็ม\nชื่อ : บจก. ดีครับ \nที่อยู่ : 20/29 ม.2 ต.เกาะแก้ว\r\nอ.เมือง จ.ภูเก็ต 83000\nหมายเลขประจำตัวผู้เสียภาษี : 0835559006826\n', 1, '::1', '2020-08-17 17:47:52'),
(126, 7, 1, 20, 'ไม่ระบุวันที่ : ไม่ใช่\nวันที่เที่ยว / วันที่เดินทาง : 17 August 2020\nผู้ใหญ่ : 4 คน\nเด็ก : 2 คน\nทารก : - คน\nFOC : - คน\nเพิ่มรถรับส่ง : ใช่\nสถานที่รับ : เมือง\nสถานที่ส่ง : ป่าตอง\nโซน : ป่าตอง\nห้องพัก : B115\nชาวต่างชาติ : มี\nจำนวนชาวต่างชาติ : 2 คน\nราคาเพิ่มเติมสำหรับชาวต่างชาติ : 1,000 บาท\nราคาสำหรับแก้ไข : 4,200 บาท\nหมายเหตุ : \n\n', 1, '::1', '2020-08-17 17:49:19'),
(127, 7, 5, 20, 'สถานะการยืนยัน : ยืนยันแล้ว </br>ยืนยันโดย : admin', 1, '::1', '2020-08-17 17:49:32'),
(128, 7, 8, 20, 'สถานะการส่งอีเมล์ : ส่งแล้ว </br>ส่งอีเมล์โดย : Programmer</br>Remark : Test', 1, '::1', '2020-08-17 17:49:47'),
(129, 7, 2, 20, 'เวลารับ : 20:00', 1, '::1', '2020-08-17 17:50:40'),
(130, 7, 2, 20, 'หมายเลขรถ/ป้ายทะเบียนรถ : P11', 1, '::1', '2020-08-17 17:50:50'),
(131, 7, 5, 20, 'สถานะการยืนยัน(OP) : ยืนยันแล้ว', 1, '::1', '2020-08-17 17:51:03'),
(132, 8, 1, 0, 'สถานะ : ออนไลน์\nประเภทลูกค้า : เอเย่นต์\nVoucher No. : 1845000\nวันที่จอง : 20 August 2020\nเอเย่นต์ : Adee\nVoucher No. (เอเย่นต์) : 1845000\nชื่อเซลล์ : กิตติ\nชื่อ (ลูกค้า) : -\nนามสกุล (ลูกค้า) : -\nเบอร์โทรศัพท์ (ลูกค้า) : -\nอีเมล์ (ลูกค้า) : -\nใบเสร็จรับเงิน : แบบเต็ม\nชื่อ : กิตติ มีดี\nที่อยู่ : 22/8 ม.2 ต.ถลาง\r\nอ.ถลาง จ.ภูเก็ต\r\n83000\nหมายเลขประจำตัวผู้เสียภาษี : 0830005902529\n', 1, '::1', '2020-08-20 16:03:04'),
(133, 9, 1, 0, 'สถานะ : ออนไลน์\nประเภทลูกค้า : ลูกค้าทั่วไป\nVoucher No. : 421500\nวันที่จอง : 20 August 2020\nเอเย่นต์ : -\nVoucher No. (เอเย่นต์) : -\nชื่อเซลล์ : -\nชื่อ (ลูกค้า) : สมเกียติ\nนามสกุล (ลูกค้า) : นารี\nเบอร์โทรศัพท์ (ลูกค้า) : 0845148854\nอีเมล์ (ลูกค้า) : som@gmail.com\nใบเสร็จรับเงิน : แบบเต็ม\nชื่อ : สมเกียติ นารี\nที่อยู่ : 224/7 ม.1 ต.ฉลอง\r\nอ.ฉลอง จ.ภูเก็ต\r\n83000\nหมายเลขประจำตัวผู้เสียภาษี : 11484000154\n', 1, '::1', '2020-08-20 16:04:37'),
(134, 9, 1, 21, 'ไม่ระบุวันที่ : ไม่ใช่\nวันที่เที่ยว / วันที่เดินทาง : 01 August 2020\nผู้ใหญ่ : 8 คน\nเด็ก : 4 คน\nทารก : - คน\nFOC : - คน\nเพิ่มรถรับส่ง : ใช่\nสถานที่รับ : สนามบิน\nสถานที่ส่ง : เมือง\nโซน : เมือง\nห้องพัก : -\nชาวต่างชาติ : ไม่มี\nจำนวนชาวต่างชาติ : - คน\nราคาเพิ่มเติมสำหรับชาวต่างชาติ : 0 บาท\nราคาสำหรับแก้ไข : 12,600 บาท\nหมายเหตุ : \n\n', 1, '::1', '2020-08-20 16:49:47'),
(135, 9, 1, 22, 'ไม่ระบุวันที่ : ไม่ใช่\nวันที่เที่ยว / วันที่เดินทาง : 18 August 2020\nผู้ใหญ่ : 4 คน\nเด็ก : - คน\nทารก : - คน\nFOC : - คน\nสถานที่รับ : เมือง\nสถานที่ส่ง : กะตะ\nโซน : กะตะ\nห้องพัก : -\nจำนวนคัน : 1 คัน\nจำนวนชั่วโมง : 5 ชั่วโมง\nเวลารับ : 16:49\nเวลาส่ง : 09:49 PM\nราคาสำหรับแก้ไข : 1,500 บาท\nหมายเหตุ : \n\n', 1, '::1', '2020-08-20 16:50:51'),
(136, 9, 1, 23, 'ไม่ระบุวันที่ : ไม่ใช่\nวันที่เที่ยว / วันที่เดินทาง : 20 August 2020\nผู้ใหญ่ : 6 คน\nเด็ก : 2 คน\nทารก : - คน\nFOC : 1 คน\nเพิ่มรถรับส่ง : ใช่\nสถานที่รับ : เมือง\nสถานที่ส่ง : กะทู้\nโซน : กะทู้\nห้องพัก : -\nชาวต่างชาติ : มี\nจำนวนชาวต่างชาติ : 2 คน\nราคาเพิ่มเติมสำหรับชาวต่างชาติ : 400 บาท\nราคาสำหรับแก้ไข : 5,400 บาท\nหมายเหตุ : \n\n', 1, '::1', '2020-08-20 16:52:04'),
(137, 8, 1, 24, 'ไม่ระบุวันที่ : ไม่ใช่\nวันที่เที่ยว / วันที่เดินทาง : 22 August 2020\nผู้ใหญ่ : 2 คน\nเด็ก : 1 คน\nทารก : - คน\nFOC : 2 คน\nเพิ่มรถรับส่ง : ไม่ใช่\nสถานที่รับ : N/A\nสถานที่ส่ง : N/A\nโซน : -\nห้องพัก : -\nชาวต่างชาติ : มี\nจำนวนชาวต่างชาติ : 1 คน\nราคาเพิ่มเติมสำหรับชาวต่างชาติ : 200 บาท\nราคาสำหรับแก้ไข : 10,000 บาท\nหมายเหตุ : \n\n', 1, '::1', '2020-08-20 17:37:11'),
(138, 8, 1, 25, 'ไม่ระบุวันที่ : ไม่ใช่\nวันที่เช็คอิน : 28 August 2020\nวันที่เช็คเอาท์ : 30 August 2020\nผู้ใหญ่ : 2 คน\nเด็ก : - คน\nทารก : - คน\nFOC : - คน\nสถานที่รับ : N/A\nสถานที่ส่ง : N/A\nโซน : -\nห้องพัก : -\nจำนวนห้อง : 1 ห้อง\nจำนวนเตียงเสริม : - เตียง\nจำนวนแชร์เตียง : - เตียง\nราคาสำหรับแก้ไข : 1,200 บาท\nหมายเหตุ : \n\n', 1, '::1', '2020-08-20 18:20:53'),
(139, 10, 1, 0, 'สถานะ : ออนไลน์\nประเภทลูกค้า : ลูกค้าทั่วไป\nVoucher No. : 483001\nวันที่จอง : 20 August 2020\nเอเย่นต์ : -\nVoucher No. (เอเย่นต์) : -\nชื่อเซลล์ : -\nชื่อ (ลูกค้า) : นีโน่\nนามสกุล (ลูกค้า) : เลท\nเบอร์โทรศัพท์ (ลูกค้า) : 0845216655\nอีเมล์ (ลูกค้า) : nino@gmail.com\nใบเสร็จรับเงิน : แบบเต็ม\nชื่อ : นีโน่ เลท\nที่อยู่ : 84/9 ม.5 ต.เมือง\r\nอ.เมือง จ.พะเยา\r\n83000\nหมายเลขประจำตัวผู้เสียภาษี : -\n', 1, '::1', '2020-08-20 18:23:04'),
(140, 10, 1, 26, 'ไม่ระบุวันที่ : ไม่ใช่\nวันที่เช็คอิน : 12 August 2020\nวันที่เช็คเอาท์ : 15 August 2020\nผู้ใหญ่ : 3 คน\nเด็ก : 2 คน\nทารก : - คน\nFOC : - คน\nสถานที่รับ : N/A\nสถานที่ส่ง : N/A\nโซน : -\nห้องพัก : -\nจำนวนห้อง : 1 ห้อง\nจำนวนเตียงเสริม : 1 เตียง\nจำนวนแชร์เตียง : 1 เตียง\nราคาสำหรับแก้ไข : 9,000 บาท\nหมายเหตุ : \n\n', 1, '::1', '2020-08-20 18:24:11'),
(141, 10, 1, 27, 'ไม่ระบุวันที่ : ไม่ใช่\nวันที่เที่ยว / วันที่เดินทาง : 21 August 2020\nผู้ใหญ่ : 4 คน\nเด็ก : 2 คน\nทารก : - คน\nFOC : - คน\nสถานที่รับ : เมือง\nสถานที่ส่ง : ป่าตอง\nโซน : ป่าตอง\nห้องพัก : -\nจำนวนคัน : 2 คัน\nจำนวนชั่วโมง : 5 ชั่วโมง\nเวลารับ : 10:44\nเวลาส่ง : 03:44 PM\nราคาสำหรับแก้ไข : 4,000 บาท\nหมายเหตุ : \n\n', 1, '::1', '2020-08-21 11:09:06'),
(142, 10, 1, 28, 'ไม่ระบุวันที่ : ไม่ใช่\nวันที่เช็คอิน : 26 August 2020\nวันที่เช็คเอาท์ : 29 August 2020\nผู้ใหญ่ : 4 คน\nเด็ก : 2 คน\nทารก : - คน\nFOC : - คน\nสถานที่รับ : N/A\nสถานที่ส่ง : N/A\nโซน : -\nห้องพัก : -\nจำนวนห้อง : 2 ห้อง\nจำนวนเตียงเสริม : - เตียง\nจำนวนแชร์เตียง : - เตียง\nราคาสำหรับแก้ไข : 3,600 บาท\nหมายเหตุ : \n\n', 1, '::1', '2020-08-21 11:10:17'),
(143, 11, 1, 0, 'สถานะ : ออนไลน์\nประเภทลูกค้า : เอเย่นต์\nVoucher No. : 1845004\nวันที่จอง : 21 August 2020\nเอเย่นต์ : Test\nVoucher No. (เอเย่นต์) : 184500\nชื่อเซลล์ : ต้นไม้ น่าอยู่\nชื่อ (ลูกค้า) : -\nนามสกุล (ลูกค้า) : -\nเบอร์โทรศัพท์ (ลูกค้า) : -\nอีเมล์ (ลูกค้า) : -\nใบเสร็จรับเงิน : แบบเต็ม\nชื่อ : ต้นไม้ น่าอยู่\nที่อยู่ : 88/7 ม.2 ต.แสบสัน\r\nอ.แสบตา จ.แสบ\r\n83000\nหมายเลขประจำตัวผู้เสียภาษี : 08300845142529\n', 1, '::1', '2020-08-21 11:13:02'),
(144, 11, 1, 29, 'ไม่ระบุวันที่ : ใช่\nผู้ใหญ่ : 6 คน\nเด็ก : 3 คน\nทารก : - คน\nFOC : - คน\nเพิ่มรถรับส่ง : ไม่ใช่\nสถานที่รับ : N/A\nสถานที่ส่ง : N/A\nโซน : -\nห้องพัก : -\nชาวต่างชาติ : ไม่มี\nจำนวนชาวต่างชาติ : - คน\nราคาเพิ่มเติมสำหรับชาวต่างชาติ : 0 บาท\nราคาสำหรับแก้ไข : 5,000 บาท\nหมายเหตุ : \n\n', 1, '::1', '2020-08-21 11:14:58'),
(145, 11, 1, 30, 'ไม่ระบุวันที่ : ไม่ใช่\nวันที่เที่ยว / วันที่เดินทาง : 10 June 2020\nผู้ใหญ่ : 4 คน\nเด็ก : - คน\nทารก : - คน\nFOC : - คน\nเพิ่มรถรับส่ง : ไม่ใช่\nสถานที่รับ : N/A\nสถานที่ส่ง : N/A\nโซน : -\nห้องพัก : -\nชาวต่างชาติ : ไม่มี\nจำนวนชาวต่างชาติ : - คน\nราคาเพิ่มเติมสำหรับชาวต่างชาติ : 0 บาท\nราคาสำหรับแก้ไข : 2,600 บาท\nหมายเหตุ : \n\n', 1, '::1', '2020-08-21 11:16:04'),
(146, 9, 5, 22, 'สถานะการยืนยัน : ยืนยันแล้ว </br>ยืนยันโดย : admin', 1, '::1', '2020-08-21 11:19:55'),
(147, 9, 3, 22, 'สถานะ : ยกเลิกข้อมูล', 1, '::1', '2020-08-21 11:20:00'),
(148, 9, 4, 22, 'สถานะ : คืนข้อมูล', 1, '::1', '2020-08-21 11:20:12'),
(149, 9, 3, 22, 'สถานะ : ยกเลิกข้อมูล', 1, '::1', '2020-08-21 11:20:17'),
(150, 9, 4, 22, 'สถานะ : คืนข้อมูล', 1, '::1', '2020-08-21 11:23:35'),
(151, 9, 3, 22, 'สถานะ : ยกเลิกข้อมูล', 1, '::1', '2020-08-21 11:23:40'),
(152, 9, 3, 22, 'สถานะ : ยกเลิกข้อมูล', 1, '::1', '2020-08-21 11:27:04'),
(153, 9, 4, 22, 'สถานะ : คืนข้อมูล', 1, '::1', '2020-08-21 11:27:14'),
(154, 9, 3, 22, 'สถานะ : ยกเลิกข้อมูล', 1, '::1', '2020-08-21 11:27:18'),
(155, 9, 4, 22, 'สถานะ : คืนข้อมูล', 1, '::1', '2020-08-21 11:28:54'),
(156, 9, 3, 22, 'สถานะ : ยกเลิกข้อมูล', 1, '::1', '2020-08-21 11:29:00'),
(157, 9, 4, 22, 'สถานะ : คืนข้อมูล', 1, '::1', '2020-08-21 11:30:37'),
(158, 9, 3, 22, 'สถานะ : ยกเลิกข้อมูล', 1, '::1', '2020-08-21 11:30:41'),
(159, 9, 3, 23, 'สถานะ : ยกเลิกข้อมูล', 1, '::1', '2020-08-21 11:31:52'),
(160, 9, 3, 21, 'สถานะ : ยกเลิกข้อมูล', 1, '::1', '2020-08-21 11:44:13'),
(161, 9, 4, 21, 'สถานะ : คืนข้อมูล', 1, '::1', '2020-08-21 11:44:24'),
(162, 9, 4, 23, 'สถานะ : คืนข้อมูล', 1, '::1', '2020-08-21 11:44:28'),
(163, 9, 4, 22, 'สถานะ : คืนข้อมูล', 1, '::1', '2020-08-21 11:44:35'),
(164, 9, 6, 22, 'สถานะการยืนยัน : ยังไม่ยืนยัน', 1, '::1', '2020-08-21 11:45:21'),
(165, 9, 5, 22, 'สถานะการยืนยัน : ยืนยันแล้ว </br>ยืนยันโดย : admin', 1, '::1', '2020-08-21 11:45:33'),
(166, 9, 5, 23, 'สถานะการยืนยัน : ยืนยันแล้ว </br>ยืนยันโดย : admin', 1, '::1', '2020-08-21 11:46:23'),
(167, 9, 8, 23, 'สถานะการส่งอีเมล์ : ส่งแล้ว </br>ส่งอีเมล์โดย : Programmer</br>Remark : Test-Email', 1, '::1', '2020-08-21 11:48:59'),
(168, 9, 8, 22, 'สถานะการส่งอีเมล์ : ส่งแล้ว </br>ส่งอีเมล์โดย : Programmer</br>Remark : Test-Email', 1, '::1', '2020-08-21 11:48:59'),
(169, 9, 10, 23, 'สถานะการส่งอีเมล์ : ส่งใหม่ </br>ส่งอีเมล์โดย : Programmer</br>Remark : ', 1, '::1', '2020-08-21 11:49:26'),
(170, 9, 10, 22, 'สถานะการส่งอีเมล์ : ส่งใหม่ </br>ส่งอีเมล์โดย : Programmer</br>Remark : ', 1, '::1', '2020-08-21 11:49:26'),
(171, 11, 8, 29, 'สถานะการส่งอีเมล์ : ส่งแล้ว </br>ส่งอีเมล์โดย : Programmer</br>Remark : Test', 1, '::1', '2020-08-21 11:50:11'),
(172, 11, 5, 30, 'สถานะการยืนยัน : ยืนยันแล้ว </br>ยืนยันโดย : Admin', 1, '::1', '2020-08-21 11:50:29'),
(173, 11, 8, 30, 'สถานะการส่งอีเมล์ : ส่งแล้ว </br>ส่งอีเมล์โดย : Programmer</br>Remark : Test', 1, '::1', '2020-08-21 11:50:55'),
(174, 8, 5, 25, 'สถานะการยืนยัน : ยืนยันแล้ว </br>ยืนยันโดย : Admin', 1, '::1', '2020-08-21 11:51:25'),
(175, 8, 5, 24, 'สถานะการยืนยัน : ยืนยันแล้ว </br>ยืนยันโดย : Admin', 1, '::1', '2020-08-21 11:51:29'),
(176, 8, 8, 24, 'สถานะการส่งอีเมล์ : ส่งแล้ว </br>ส่งอีเมล์โดย : Programmer</br>Remark : Test', 1, '::1', '2020-08-21 11:51:37'),
(177, 8, 8, 25, 'สถานะการส่งอีเมล์ : ส่งแล้ว </br>ส่งอีเมล์โดย : Programmer</br>Remark : Test', 1, '::1', '2020-08-21 11:51:37'),
(178, 10, 2, 27, 'ไม่ระบุวันที่ : ใช่\nหมายเหตุ : \n\n', 1, '::1', '2020-08-21 13:14:14'),
(179, 10, 5, 28, 'สถานะการยืนยัน : ยืนยันแล้ว </br>ยืนยันโดย : Admin', 1, '::1', '2020-08-21 13:14:29'),
(180, 10, 5, 26, 'สถานะการยืนยัน : ยืนยันแล้ว </br>ยืนยันโดย : Admin', 1, '::1', '2020-08-21 13:14:34'),
(181, 10, 8, 26, 'สถานะการส่งอีเมล์ : ส่งแล้ว </br>ส่งอีเมล์โดย : Programmer</br>Remark : Test', 1, '::1', '2020-08-21 13:14:45'),
(182, 10, 8, 28, 'สถานะการส่งอีเมล์ : ส่งแล้ว </br>ส่งอีเมล์โดย : Programmer</br>Remark : Test', 1, '::1', '2020-08-21 13:14:45'),
(183, 9, 5, 21, 'สถานะการยืนยัน : ยืนยันแล้ว </br>ยืนยันโดย : Admin', 1, '::1', '2020-08-21 13:15:21'),
(184, 9, 8, 21, 'สถานะการส่งอีเมล์ : ส่งแล้ว </br>ส่งอีเมล์โดย : Programmer</br>Remark : Test', 1, '::1', '2020-08-21 13:15:29'),
(185, 8, 2, 24, 'เวลารับ : 15:00', 1, '::1', '2020-08-21 13:17:02'),
(186, 9, 2, 21, 'เวลารับ : 10:29', 1, '::1', '2020-08-21 13:18:32'),
(187, 9, 2, 23, 'เวลารับ : 03:24', 1, '::1', '2020-08-21 13:22:36'),
(188, 8, 2, 24, 'หมายเลขรถ/ป้ายทะเบียนรถ : P10', 1, '::1', '2020-08-21 13:24:15'),
(189, 9, 2, 21, 'หมายเลขรถ/ป้ายทะเบียนรถ : P15', 1, '::1', '2020-08-21 13:25:36'),
(190, 8, 5, 24, 'สถานะการยืนยัน(OP) : ยืนยันแล้ว', 1, '::1', '2020-08-21 13:25:49'),
(191, 9, 5, 21, 'สถานะการยืนยัน(OP) : ยืนยันแล้ว', 1, '::1', '2020-08-21 13:28:02'),
(192, 9, 6, 21, 'สถานะการยืนยัน(OP) : ยกเลิกการยืนยันแล้ว', 1, '::1', '2020-08-21 13:28:09'),
(193, 9, 5, 21, 'สถานะการยืนยัน(OP) : ยืนยันแล้ว', 1, '::1', '2020-08-21 13:28:23'),
(194, 9, 5, 23, 'สถานะการยืนยัน(OP) : ยืนยันแล้ว', 1, '::1', '2020-08-21 13:28:27'),
(195, 9, 5, 22, 'สถานะการยืนยัน(OP) : ยืนยันแล้ว', 1, '::1', '2020-08-21 13:28:30'),
(196, 8, 5, 25, 'สถานะการยืนยัน(OP) : ยืนยันแล้ว', 1, '::1', '2020-08-21 13:28:33'),
(197, 10, 5, 28, 'สถานะการยืนยัน(OP) : ยืนยันแล้ว', 1, '::1', '2020-08-21 13:28:35'),
(198, 10, 5, 26, 'สถานะการยืนยัน(OP) : ยืนยันแล้ว', 1, '::1', '2020-08-21 13:28:39'),
(199, 10, 6, 28, 'สถานะการยืนยัน(OP) : ยกเลิกการยืนยันแล้ว', 1, '::1', '2020-08-21 13:28:41'),
(200, 8, 6, 25, 'สถานะการยืนยัน(OP) : ยกเลิกการยืนยันแล้ว', 1, '::1', '2020-08-21 13:28:45'),
(201, 9, 2, 23, 'หมายเลขรถ/ป้ายทะเบียนรถ : P12', 1, '::1', '2020-08-21 14:05:46'),
(202, 9, 2, 22, 'หมายเลขรถ/ป้ายทะเบียนรถ : P2', 1, '::1', '2020-08-21 14:06:53'),
(203, 9, 2, 22, 'หมายเลขรถ/ป้ายทะเบียนรถ : P4', 1, '::1', '2020-08-21 14:08:29'),
(204, 9, 2, 22, 'หมายเลขรถ/ป้ายทะเบียนรถ : P3', 1, '::1', '2020-08-21 14:09:47'),
(205, 10, 5, 28, 'สถานะการยืนยัน(OP) : ยืนยันแล้ว', 1, '::1', '2020-08-21 14:10:35'),
(206, 10, 6, 28, 'สถานะการยืนยัน(OP) : ยกเลิกการยืนยันแล้ว', 1, '::1', '2020-08-21 14:10:37'),
(207, 9, 2, 23, 'เวลารับ : 05:15', 1, '::1', '2020-08-21 14:13:03'),
(208, 9, 2, 23, 'เวลารับ : 11:20', 1, '::1', '2020-08-21 14:15:28'),
(209, 9, 2, 21, 'เวลารับ : 07:25', 1, '::1', '2020-08-21 14:15:46'),
(210, 8, 2, 24, 'เวลารับ : 05:20', 1, '::1', '2020-08-21 14:16:09'),
(211, 9, 2, 21, 'เวลารับ : 20:21', 1, '::1', '2020-08-21 14:16:20'),
(212, 9, 2, 21, 'หมายเลขรถ/ป้ายทะเบียนรถ : P13', 1, '::1', '2020-08-21 14:28:24'),
(213, 8, 2, 24, 'หมายเลขรถ/ป้ายทะเบียนรถ : P5', 1, '::1', '2020-08-21 14:28:34'),
(214, 9, 2, 21, 'เวลารับ : 06:30', 1, '::1', '2020-08-21 14:29:56'),
(215, 8, 2, 24, 'เวลารับ : 12:35', 1, '::1', '2020-08-21 14:30:06'),
(216, 9, 2, 22, 'หมายเลขรถ/ป้ายทะเบียนรถ : P8', 1, '::1', '2020-08-21 14:31:08'),
(217, 9, 2, 23, 'หมายเลขรถ/ป้ายทะเบียนรถ : P1', 1, '::1', '2020-08-21 14:31:13'),
(218, 9, 2, 23, 'เวลารับ : 05:32', 1, '::1', '2020-08-21 14:31:22'),
(219, 11, 2, 30, 'หมายเลขรถ/ป้ายทะเบียนรถ : P5', 1, '::1', '2020-08-21 15:12:39'),
(220, 11, 2, 30, 'เวลารับ : 22:20', 1, '::1', '2020-08-21 15:12:47'),
(221, 5, 5, 8, 'สถานะการยืนยัน(OP) : ยืนยันแล้ว', 1, '::1', '2020-08-21 15:12:54'),
(222, 11, 5, 30, 'สถานะการยืนยัน(OP) : ยืนยันแล้ว', 1, '::1', '2020-08-21 15:12:59'),
(223, 8, 5, 25, 'สถานะการยืนยัน(OP) : ยืนยันแล้ว', 1, '::1', '2020-08-27 09:43:37'),
(224, 8, 2, 24, 'หมายเลขรถ/ป้ายทะเบียนรถ : P3', 1, '::1', '2020-08-27 09:43:45'),
(225, 8, 2, 24, 'เวลารับ : 00:00', 1, '::1', '2020-08-27 09:43:59'),
(226, 8, 2, 24, 'เวลารับ : 12:00', 1, '::1', '2020-08-27 09:44:10'),
(227, 10, 5, 28, 'สถานะการยืนยัน(OP) : ยืนยันแล้ว', 1, '::1', '2020-08-27 11:16:36'),
(228, 7, 1, 31, 'ไม่ระบุวันที่ : ไม่ใช่\nวันที่เช็คอิน : 28 August 2020\nวันที่เช็คเอาท์ : 29 August 2020\nผู้ใหญ่ : 3 คน\nเด็ก : 2 คน\nทารก : - คน\nFOC : - คน\nสถานที่รับ : N/A\nสถานที่ส่ง : N/A\nโซน : -\nห้องพัก : -\nจำนวนห้อง : 1 ห้อง\nจำนวนเตียงเสริม : - เตียง\nจำนวนแชร์เตียง : - เตียง\nราคาสำหรับแก้ไข : 600 บาท\nหมายเหตุ : \n\n', 1, '::1', '2020-08-27 11:18:28'),
(229, 9, 1, 32, 'ไม่ระบุวันที่ : ไม่ใช่\nวันที่เที่ยว / วันที่เดินทาง : 27 August 2020\nผู้ใหญ่ : 1 คน\nเด็ก : - คน\nทารก : - คน\nFOC : - คน\nเพิ่มรถรับส่ง : ไม่ใช่\nสถานที่รับ : N/A\nสถานที่ส่ง : N/A\nโซน : -\nห้องพัก : -\nชาวต่างชาติ : ไม่มี\nจำนวนชาวต่างชาติ : - คน\nราคาเพิ่มเติมสำหรับชาวต่างชาติ : 0 บาท\nราคาสำหรับแก้ไข : 235,000 บาท\nหมายเหตุ : \n\n', 1, '::1', '2020-08-27 11:19:17'),
(230, 10, 2, 27, 'ไม่ระบุวันที่ : ไม่ใช่\nหมายเหตุ : \n\n', 1, '::1', '2020-08-27 11:19:44'),
(231, 10, 5, 27, 'สถานะการยืนยัน : ยืนยันแล้ว </br>ยืนยันโดย : Admin', 1, '::1', '2020-08-27 11:19:52'),
(232, 9, 5, 32, 'สถานะการยืนยัน : ยืนยันแล้ว </br>ยืนยันโดย : Admin', 1, '::1', '2020-08-27 11:20:01'),
(233, 7, 5, 31, 'สถานะการยืนยัน : ยืนยันแล้ว </br>ยืนยันโดย : Admin', 1, '::1', '2020-08-27 11:20:10'),
(234, 9, 2, 32, 'หมายเลขรถ/ป้ายทะเบียนรถ : P15', 1, '::1', '2020-08-27 11:20:34'),
(235, 10, 5, 27, 'สถานะการยืนยัน(OP) : ยืนยันแล้ว', 1, '::1', '2020-08-27 11:20:43'),
(236, 9, 5, 32, 'สถานะการยืนยัน(OP) : ยืนยันแล้ว', 1, '::1', '2020-08-27 11:20:47'),
(237, 12, 1, 0, 'สถานะ : ออนไลน์\nประเภทลูกค้า : เอเย่นต์\nVoucher No. : 125003\nวันที่จอง : 09 September 2020\nเอเย่นต์ : Test\nVoucher No. (เอเย่นต์) : 10003\nชื่อเซลล์ : \nชื่อ (ลูกค้า) : -\nนามสกุล (ลูกค้า) : -\nเบอร์โทรศัพท์ (ลูกค้า) : -\nอีเมล์ (ลูกค้า) : -\nใบเสร็จรับเงิน : ไม่ใช่แบบเต็ม\nชื่อ : -\nที่อยู่ : -\nหมายเลขประจำตัวผู้เสียภาษี : -\n', 1, '::1', '2020-09-09 15:53:05'),
(238, 13, 1, 0, 'สถานะ : ออนไลน์\nประเภทลูกค้า : ลูกค้าทั่วไป\nVoucher No. : 10021\nวันที่จอง : 10 September 2020\nเอเย่นต์ : -\nVoucher No. (เอเย่นต์) : -\nชื่อเซลล์ : -\nชื่อ (ลูกค้า) : test\nนามสกุล (ลูกค้า) : test\nเบอร์โทรศัพท์ (ลูกค้า) : 07452225\nอีเมล์ (ลูกค้า) : -\nใบเสร็จรับเงิน : ไม่ใช่แบบเต็ม\nชื่อ : -\nที่อยู่ : -\nหมายเลขประจำตัวผู้เสียภาษี : -\n', 1, '::1', '2020-09-10 12:47:33'),
(239, 8, 1, 33, 'ไม่ระบุวันที่ : ไม่ใช่\nวันที่เที่ยว / วันที่เดินทาง : 16 September 2020\nผู้ใหญ่ : 2 คน\nเด็ก : 1 คน\nทารก : - คน\nFOC : - คน\nเพิ่มรถรับส่ง : ไม่ใช่\nสถานที่รับ : N/A\nสถานที่ส่ง : N/A\nโซน : -\nห้องพัก : -\nชาวต่างชาติ : ไม่มี\nจำนวนชาวต่างชาติ : - คน\nราคาเพิ่มเติมสำหรับชาวต่างชาติ : 0 บาท\nราคาสำหรับแก้ไข : 6,500 บาท\nหมายเหตุ : \n\n', 1, '::1', '2020-09-15 16:13:49'),
(240, 8, 1, 34, 'ไม่ระบุวันที่ : ไม่ใช่\nวันที่เที่ยว / วันที่เดินทาง : 15 September 2020\nผู้ใหญ่ : 1 คน\nเด็ก : - คน\nทารก : - คน\nFOC : - คน\nเพิ่มรถรับส่ง : ไม่ใช่\nสถานที่รับ : N/A\nสถานที่ส่ง : N/A\nโซน : -\nห้องพัก : -\nชาวต่างชาติ : ไม่มี\nจำนวนชาวต่างชาติ : - คน\nราคาเพิ่มเติมสำหรับชาวต่างชาติ : 0 บาท\nราคาสำหรับแก้ไข : 30,000 บาท\nหมายเหตุ : \n\n', 1, '::1', '2020-09-15 17:01:21'),
(241, 8, 1, 35, 'ไม่ระบุวันที่ : ไม่ใช่\nวันที่เที่ยว / วันที่เดินทาง : 15 September 2020\nผู้ใหญ่ : 2 คน\nเด็ก : 2 คน\nทารก : 1 คน\nFOC : 1 คน\nสถานที่รับ : N/A\nสถานที่ส่ง : N/A\nโซน : -\nห้องพัก : -\nจำนวนคัน : 1 คัน\nจำนวนชั่วโมง : 2 ชั่วโมง\nเวลารับ : 12:00\nเวลาส่ง : 02:00 PM\nราคาสำหรับแก้ไข : 500 บาท\nหมายเหตุ : \n\n', 1, '::1', '2020-09-15 18:04:31'),
(242, 8, 1, 36, 'ไม่ระบุวันที่ : ไม่ใช่\nวันที่เช็คอิน : 15 September 2020\nวันที่เช็คเอาท์ : 16 September 2020\nผู้ใหญ่ : 5 คน\nเด็ก : 4 คน\nทารก : - คน\nFOC : - คน\nสถานที่รับ : N/A\nสถานที่ส่ง : N/A\nโซน : -\nห้องพัก : -\nจำนวนห้อง : 2 ห้อง\nจำนวนเตียงเสริม : 1 เตียง\nจำนวนแชร์เตียง : 1 เตียง\nราคาสำหรับแก้ไข : 10,670 บาท\nหมายเหตุ : \n\n', 1, '::1', '2020-09-15 18:10:12'),
(243, 8, 2, 34, 'ผู้ใหญ่ : 11 คน\nหมายเหตุ : \n\n', 1, '::1', '2020-09-15 18:12:08'),
(244, 10, 1, 37, 'ไม่ระบุวันที่ : ไม่ใช่\nวันที่เที่ยว / วันที่เดินทาง : 16 September 2020\nผู้ใหญ่ : 2 คน\nเด็ก : 1 คน\nทารก : - คน\nFOC : - คน\nเพิ่มรถรับส่ง : ใช่\nสถานที่รับ : N/A\nสถานที่ส่ง : N/A\nโซน : -\nห้องพัก : -\nชาวต่างชาติ : ไม่มี\nจำนวนชาวต่างชาติ : - คน\nราคาเพิ่มเติมสำหรับชาวต่างชาติ : 0 บาท\nราคาสำหรับแก้ไข : 7,000 บาท\nหมายเหตุ : \n\n', 1, '::1', '2020-09-15 18:14:21'),
(245, 10, 2, 37, 'ไม่ระบุวันที่ : ใช่\nหมายเหตุ : \n\n', 1, '::1', '2020-09-15 18:15:07'),
(246, 9, 1, 38, 'ไม่ระบุวันที่ : ไม่ใช่\nวันที่เที่ยว / วันที่เดินทาง : 15 September 2020\nผู้ใหญ่ : 10 คน\nเด็ก : 1 คน\nทารก : - คน\nFOC : - คน\nเพิ่มรถรับส่ง : ใช่\nสถานที่รับ : N/A\nสถานที่ส่ง : N/A\nโซน : -\nห้องพัก : -\nชาวต่างชาติ : ไม่มี\nจำนวนชาวต่างชาติ : - คน\nราคาเพิ่มเติมสำหรับชาวต่างชาติ : 0 บาท\nราคาสำหรับแก้ไข : 37,000 บาท\nหมายเหตุ : \n\n', 1, '::1', '2020-09-15 18:16:20'),
(247, 9, 1, 39, 'ไม่ระบุวันที่ : ไม่ใช่\nวันที่เที่ยว / วันที่เดินทาง : 15 September 2020\nผู้ใหญ่ : 2 คน\nเด็ก : 1 คน\nทารก : - คน\nFOC : - คน\nสถานที่รับ : N/A\nสถานที่ส่ง : N/A\nโซน : -\nห้องพัก : -\nจำนวนคัน : 2 คัน\nจำนวนชั่วโมง : 2 ชั่วโมง\nเวลารับ : 18:16\nเวลาส่ง : 08:16 PM\nราคาสำหรับแก้ไข : 1,000 บาท\nหมายเหตุ : \n\n', 1, '::1', '2020-09-15 18:17:14'),
(248, 9, 1, 40, 'ไม่ระบุวันที่ : ไม่ใช่\nวันที่เช็คอิน : 13 September 2020\nวันที่เช็คเอาท์ : 15 September 2020\nผู้ใหญ่ : 6 คน\nเด็ก : 2 คน\nทารก : - คน\nFOC : - คน\nสถานที่รับ : N/A\nสถานที่ส่ง : N/A\nโซน : -\nห้องพัก : -\nจำนวนห้อง : 2 ห้อง\nจำนวนเตียงเสริม : 1 เตียง\nจำนวนแชร์เตียง : 1 เตียง\nราคาสำหรับแก้ไข : 21,340 บาท\nหมายเหตุ : \n\n', 1, '::1', '2020-09-15 18:18:57'),
(249, 8, 5, 33, 'สถานะการยืนยัน : ยืนยันแล้ว </br>ยืนยันโดย : Admin', 1, '::1', '2020-09-16 10:50:46'),
(250, 8, 5, 34, 'สถานะการยืนยัน : ยืนยันแล้ว </br>ยืนยันโดย : Admin', 1, '::1', '2020-09-16 10:50:51'),
(251, 8, 5, 35, 'สถานะการยืนยัน : ยืนยันแล้ว </br>ยืนยันโดย : Admin', 1, '::1', '2020-09-16 10:50:57'),
(252, 8, 5, 36, 'สถานะการยืนยัน : ยืนยันแล้ว </br>ยืนยันโดย : Admin', 1, '::1', '2020-09-16 10:51:03'),
(253, 9, 5, 38, 'สถานะการยืนยัน : ยืนยันแล้ว </br>ยืนยันโดย : Admin', 1, '::1', '2020-09-16 10:51:14'),
(254, 9, 5, 39, 'สถานะการยืนยัน : ยืนยันแล้ว </br>ยืนยันโดย : Admin', 1, '::1', '2020-09-16 10:51:19'),
(255, 9, 5, 40, 'สถานะการยืนยัน : ยืนยันแล้ว </br>ยืนยันโดย : Admin', 1, '::1', '2020-09-16 10:51:25'),
(256, 10, 2, 27, 'หมายเหตุ : \n\n', 1, '::1', '2020-09-16 10:51:49'),
(257, 10, 2, 37, 'ไม่ระบุวันที่ : ไม่ใช่\nหมายเหตุ : \n\n', 1, '::1', '2020-09-16 10:52:11'),
(258, 10, 5, 37, 'สถานะการยืนยัน : ยืนยันแล้ว </br>ยืนยันโดย : Admin', 1, '::1', '2020-09-16 10:52:20'),
(259, 8, 5, 34, 'สถานะการยืนยัน(OP) : ยืนยันแล้ว', 1, '::1', '2020-09-16 11:50:21'),
(260, 9, 5, 38, 'สถานะการยืนยัน(OP) : ยืนยันแล้ว', 1, '::1', '2020-09-16 11:50:23'),
(261, 8, 5, 35, 'สถานะการยืนยัน(OP) : ยืนยันแล้ว', 1, '::1', '2020-09-16 11:50:27'),
(262, 9, 5, 39, 'สถานะการยืนยัน(OP) : ยืนยันแล้ว', 1, '::1', '2020-09-16 11:50:29'),
(263, 9, 5, 40, 'สถานะการยืนยัน(OP) : ยืนยันแล้ว', 1, '::1', '2020-09-16 11:50:32'),
(264, 8, 5, 36, 'สถานะการยืนยัน(OP) : ยืนยันแล้ว', 1, '::1', '2020-09-16 11:50:34'),
(265, 7, 5, 31, 'สถานะการยืนยัน(OP) : ยืนยันแล้ว', 1, '::1', '2020-09-16 11:50:37'),
(266, 10, 5, 37, 'สถานะการยืนยัน(OP) : ยืนยันแล้ว', 1, '::1', '2020-09-16 11:50:43'),
(267, 8, 5, 33, 'สถานะการยืนยัน(OP) : ยืนยันแล้ว', 1, '::1', '2020-09-16 11:50:46'),
(268, 3, 5, 12, 'สถานะการยืนยัน(OP) : ยืนยันแล้ว', 1, '::1', '2020-09-16 11:50:49'),
(269, 2, 2, 17, 'ราคาสำหรับแก้ไข : 12,500 บาท\nหมายเหตุ : \nTest\n', 1, '::1', '2020-09-17 15:56:06'),
(270, 2, 2, 17, 'หมายเหตุ : \nTest\n', 1, '::1', '2020-09-17 15:56:06'),
(271, 8, 2, 0, 'Voucher No. (เอเย่นต์) : 1845001\n', 1, '::1', '2020-09-22 14:40:14'),
(272, 10, 2, 37, 'เพิ่มรถรับส่ง : ไม่ใช่\nหมายเหตุ : \n\n', 1, '::1', '2020-09-24 14:11:33'),
(273, 9, 2, 23, 'เพิ่มรถรับส่ง : ไม่ใช่\nสถานที่รับ : N/A\nสถานที่ส่ง : N/A\nโซน : -\nหมายเหตุ : \n\n', 1, '::1', '2020-09-24 14:13:14'),
(274, 2, 5, 15, 'สถานะการยืนยัน : ยืนยันแล้ว </br>ยืนยันโดย : Admin', 1, '::1', '2020-10-01 17:45:34'),
(275, 1, 5, 2, 'สถานะการยืนยัน : ยืนยันแล้ว </br>ยืนยันโดย : Admin', 1, '::1', '2020-10-01 17:45:48'),
(276, 2, 5, 15, 'สถานะการยืนยัน(OP) : ยืนยันแล้ว', 1, '::1', '2020-10-14 12:46:41'),
(277, 1, 5, 2, 'สถานะการยืนยัน(OP) : ยืนยันแล้ว', 1, '::1', '2020-10-14 12:46:44'),
(278, 3, 2, 12, 'หมายเหตุ : \n\n', 1, '::1', '2020-10-19 15:29:22'),
(279, 3, 2, 12, 'ผู้ใหญ่ : 60 คน\nเพิ่มรถรับส่ง : ใช่\nชาวต่างชาติ : มี\nจำนวนชาวต่างชาติ : 3 คน\nราคาเพิ่มเติมสำหรับชาวต่างชาติ : 500 บาท\nหมายเหตุ : \n\n', 1, '::1', '2020-10-19 15:36:50'),
(280, 2, 2, 15, 'ผู้ใหญ่ : 8 คน\nราคาสำหรับแก้ไข : 3,900 บาท\nหมายเหตุ : \n\n', 1, '::1', '2020-10-21 15:20:25'),
(281, 2, 2, 15, 'ผู้ใหญ่ : 3 คน\nราคาสำหรับแก้ไข : 2,000 บาท\nหมายเหตุ : \n\n', 1, '::1', '2020-10-21 15:20:50'),
(282, 14, 1, 0, 'สถานะ : ออนไลน์\nประเภทลูกค้า : ลูกค้าทั่วไป\nVoucher No. : 1802155\nวันที่จอง : 26 October 2020\nเอเย่นต์ : -\nVoucher No. (เอเย่นต์) : -\nชื่อเซลล์ : -\nชื่อ (ลูกค้า) : Test-2\nนามสกุล (ลูกค้า) : Test-2\nเบอร์โทรศัพท์ (ลูกค้า) : 0854481523\nอีเมล์ (ลูกค้า) : test-2@gmail.com\nใบเสร็จรับเงิน : ไม่ใช่แบบเต็ม\nชื่อ : -\nที่อยู่ : -\nหมายเลขประจำตัวผู้เสียภาษี : -\n', 1, '::1', '2020-10-26 16:14:46'),
(283, 10, 2, 37, 'หมายเลขรถ/ป้ายทะเบียนรถ : P52', 1, '::1', '2020-10-26 16:29:52'),
(284, 9, 2, 38, 'หมายเลขรถ/ป้ายทะเบียนรถ : P05', 1, '::1', '2020-10-26 16:30:09'),
(285, 9, 2, 38, 'หมายเลขรถ/ป้ายทะเบียนรถ : P10', 1, '::1', '2020-10-26 16:30:16'),
(286, 9, 2, 32, 'เวลารับ : 07:34', 1, '::1', '2020-10-26 16:32:49'),
(287, 9, 2, 32, 'เวลารับ : 19:35', 1, '::1', '2020-10-26 16:32:57'),
(288, 14, 1, 41, 'ไม่ระบุวันที่ : ไม่ใช่\nวันที่เที่ยว / วันที่เดินทาง : 26 October 2020\nผู้ใหญ่ : 2 คน\nเด็ก : - คน\nทารก : - คน\nFOC : - คน\nเพิ่มรถรับส่ง : ใช่\nสถานที่รับ : N/A\nสถานที่ส่ง : N/A\nโซน : -\nห้องพัก : -\nชาวต่างชาติ : มี\nจำนวนชาวต่างชาติ : 2 คน\nราคาเพิ่มเติมสำหรับชาวต่างชาติ : 500 บาท\nราคาสำหรับแก้ไข : 10,500 บาท\nหมายเหตุ : \n\n', 1, '::1', '2020-10-26 16:55:13'),
(289, 15, 1, 0, 'สถานะ : ออนไลน์\nประเภทลูกค้า : ลูกค้าทั่วไป\nVoucher No. : 1002\nวันที่จอง : 27 October 2020\nเอเย่นต์ : -\nVoucher No. (เอเย่นต์) : -\nชื่อเซลล์ : -\nชื่อ (ลูกค้า) : Test\nนามสกุล (ลูกค้า) : Insert\nเบอร์โทรศัพท์ (ลูกค้า) : 051256256\nอีเมล์ (ลูกค้า) : mr.wick@gmail.com\nใบเสร็จรับเงิน : แบบเต็ม\nชื่อ : john wick\nที่อยู่ : -\nหมายเลขประจำตัวผู้เสียภาษี : 0835559006826\n', 1, '::1', '2020-10-27 17:10:26'),
(290, 15, 1, 42, 'ไม่ระบุวันที่ : ไม่ใช่\nวันที่เที่ยว / วันที่เดินทาง : 30 October 2020\nผู้ใหญ่ : 3 คน\nเด็ก : 1 คน\nทารก : - คน\nFOC : - คน\nเพิ่มรถรับส่ง : ใช่\nสถานที่รับ : insert\nสถานที่ส่ง : N/A\nโซน : -\nห้องพัก : -\nชาวต่างชาติ : ไม่มี\nจำนวนชาวต่างชาติ : - คน\nราคาเพิ่มเติมสำหรับชาวต่างชาติ : 0 บาท\nราคาสำหรับแก้ไข : 19,100 บาท\nหมายเหตุ : \ninsert\n', 1, '::1', '2020-10-27 17:37:37'),
(291, 15, 3, 42, 'สถานะ : ยกเลิกข้อมูล', 1, '::1', '2020-10-27 17:49:25'),
(292, 15, 4, 42, 'สถานะ : คืนข้อมูล', 1, '::1', '2020-10-27 17:49:45'),
(293, 15, 5, 42, 'สถานะการยืนยัน : ยืนยันแล้ว </br>ยืนยันโดย : Admin', 1, '::1', '2020-10-27 17:50:02'),
(294, 15, 5, 42, 'สถานะการยืนยัน : ยืนยันแล้ว </br>ยืนยันโดย : System-test', 1, '::1', '2020-10-27 17:50:18'),
(295, 15, 8, 42, 'สถานะการส่งอีเมล์ : ส่งแล้ว </br>ส่งอีเมล์โดย : Programmer</br>Remark : Test-System', 1, '::1', '2020-10-27 17:50:40'),
(296, 15, 10, 42, 'สถานะการส่งอีเมล์ : ส่งใหม่ </br>ส่งอีเมล์โดย : Programmer</br>Remark : Test-Sustem-2', 1, '::1', '2020-10-27 17:51:05'),
(297, 15, 2, 42, 'เวลารับ : 12:00', 1, '::1', '2020-10-28 09:37:39'),
(298, 15, 1, 43, 'ไม่ระบุวันที่ : ไม่ใช่\nวันที่เที่ยว / วันที่เดินทาง : 29 October 2020\nผู้ใหญ่ : 3 คน\nเด็ก : - คน\nทารก : - คน\nFOC : - คน\nเพิ่มรถรับส่ง : ไม่ใช่\nสถานที่รับ : N/A\nสถานที่ส่ง : N/A\nโซน : -\nห้องพัก : -\nชาวต่างชาติ : ไม่มี\nจำนวนชาวต่างชาติ : - คน\nราคาเพิ่มเติมสำหรับชาวต่างชาติ : 0 บาท\nราคาสำหรับแก้ไข : 30,000 บาท\nหมายเหตุ : \n\n', 1, '::1', '2020-10-28 12:33:57'),
(299, 15, 1, 44, 'ไม่ระบุวันที่ : ไม่ใช่\nวันที่เที่ยว / วันที่เดินทาง : 31 October 2020\nผู้ใหญ่ : 1 คน\nเด็ก : - คน\nทารก : - คน\nFOC : - คน\nสถานที่รับ : N/A\nสถานที่ส่ง : N/A\nโซน : -\nห้องพัก : -\nจำนวนคัน : 1 คัน\nจำนวนชั่วโมง : 1 ชั่วโมง\nเวลารับ : 12:34\nเวลาส่ง : 01:34 PM\nราคาสำหรับแก้ไข : 2,800 บาท\nหมายเหตุ : \n\n', 1, '::1', '2020-10-28 12:34:23'),
(300, 15, 1, 45, 'ไม่ระบุวันที่ : ไม่ใช่\nวันที่เช็คอิน : 27 October 2020\nวันที่เช็คเอาท์ : 28 October 2020\nผู้ใหญ่ : 3 คน\nเด็ก : - คน\nทารก : - คน\nFOC : - คน\nสถานที่รับ : N/A\nสถานที่ส่ง : N/A\nโซน : -\nห้องพัก : -\nจำนวนห้อง : 1 ห้อง\nจำนวนเตียงเสริม : - เตียง\nจำนวนแชร์เตียง : - เตียง\nราคาสำหรับแก้ไข : 1,500 บาท\nหมายเหตุ : \n\n', 1, '::1', '2020-10-28 12:34:52'),
(301, 15, 5, 43, 'สถานะการยืนยัน : ยืนยันแล้ว </br>ยืนยันโดย : admin', 1, '::1', '2020-10-28 12:35:25'),
(302, 15, 5, 44, 'สถานะการยืนยัน : ยืนยันแล้ว </br>ยืนยันโดย : admin', 1, '::1', '2020-10-28 12:35:30'),
(303, 15, 5, 45, 'สถานะการยืนยัน : ยืนยันแล้ว </br>ยืนยันโดย : admin', 1, '::1', '2020-10-28 12:35:35'),
(304, 15, 2, 42, 'เวลารับ : 14:00', 1, '::1', '2020-10-28 12:59:11'),
(305, 15, 2, 42, 'หมายเลขรถ/ป้ายทะเบียนรถ : P05', 1, '::1', '2020-10-28 12:59:18'),
(306, 15, 2, 42, 'หมายเลขรถ/ป้ายทะเบียนรถ : P10', 1, '::1', '2020-10-28 13:00:01'),
(307, 15, 2, 43, 'หมายเลขรถ/ป้ายทะเบียนรถ : P03', 1, '::1', '2020-10-28 13:00:29'),
(308, 15, 2, 43, 'เวลารับ : 05:00', 1, '::1', '2020-10-28 13:00:51'),
(309, 15, 2, 44, 'หมายเลขรถ/ป้ายทะเบียนรถ : P07', 1, '::1', '2020-10-28 13:01:36'),
(310, 15, 2, 43, 'เวลารับ : 12:00 น.', 1, '::1', '2020-10-28 13:02:58'),
(311, 15, 5, 42, 'สถานะการยืนยัน(OP) : ยืนยันแล้ว', 1, '::1', '2020-10-28 13:03:16'),
(312, 15, 5, 43, 'สถานะการยืนยัน(OP) : ยืนยันแล้ว', 1, '::1', '2020-10-28 13:03:18'),
(313, 15, 5, 44, 'สถานะการยืนยัน(OP) : ยืนยันแล้ว', 1, '::1', '2020-10-28 13:03:21'),
(314, 15, 5, 45, 'สถานะการยืนยัน(OP) : ยืนยันแล้ว', 1, '::1', '2020-10-28 13:03:27'),
(315, 15, 10, 42, 'สถานะการส่งอีเมล์ : ส่งใหม่ </br>ส่งอีเมล์โดย : Programmer</br>Remark : Test-Send', 1, '::1', '2020-10-28 16:55:35'),
(316, 15, 3, 45, 'สถานะ : ยกเลิกข้อมูล', 1, '::1', '2020-10-28 16:57:56'),
(317, 15, 4, 45, 'สถานะ : คืนข้อมูล', 1, '::1', '2020-10-28 16:58:07'),
(318, 15, 2, 0, 'รายละเอียดใบเสร็จ : Test-Receipt-Detail\n', 1, '::1', '2020-10-28 17:18:27'),
(319, 16, 1, 0, 'สถานะ : ออนไลน์\nประเภทลูกค้า : เอเย่นต์\nVoucher No. : 18002\nวันที่จอง : 29 October 2020\nเอเย่นต์ : Adee\nVoucher No. (เอเย่นต์) : 2202\nชื่อเซลล์ : ต้นไม้ น่าอยู่\nชื่อ (ลูกค้า) : นารี\nนามสกุล (ลูกค้า) : มิก้า\nเบอร์โทรศัพท์ (ลูกค้า) : 0845121150\nอีเมล์ (ลูกค้า) : -\nใบเสร็จรับเงิน : แบบเต็ม\nชื่อ : นารี มิก้า\nที่อยู่ : 88/7 ม.5 ต.ถลาง\nหมายเลขประจำตัวผู้เสียภาษี : -\nรายละเอียดใบเสร็จ : นารี มิก้า\r\nมิย่า นารี\r\nสารินี มานา\n', 1, '::1', '2020-10-29 14:30:47'),
(320, 16, 1, 46, 'ไม่ระบุวันที่ : ไม่ใช่\nวันที่เที่ยว / วันที่เดินทาง : 29 October 2020\nผู้ใหญ่ : 3 คน\nเด็ก : 2 คน\nทารก : - คน\nFOC : - คน\nเพิ่มรถรับส่ง : ใช่\nสถานที่รับ : เมือง\nสถานที่ส่ง : กะทู้\nโซน : กะทู้\nห้องพัก : -\nชาวต่างชาติ : ไม่มี\nจำนวนชาวต่างชาติ : - คน\nราคาเพิ่มเติมสำหรับชาวต่างชาติ : 0 บาท\nราคาสำหรับแก้ไข : 18,500 บาท\nหมายเหตุ : \nตรงเวลา\n', 1, '::1', '2020-10-29 14:33:59'),
(321, 16, 1, 47, 'ไม่ระบุวันที่ : ไม่ใช่\nวันที่เช็คอิน : 29 October 2020\nวันที่เช็คเอาท์ : 30 October 2020\nผู้ใหญ่ : 3 คน\nเด็ก : 2 คน\nทารก : - คน\nFOC : - คน\nสถานที่รับ : N/A\nสถานที่ส่ง : N/A\nโซน : -\nห้องพัก : -\nจำนวนห้อง : 1 ห้อง\nจำนวนเตียงเสริม : 1 เตียง\nจำนวนแชร์เตียง : - เตียง\nราคาสำหรับแก้ไข : 2,300 บาท\nหมายเหตุ : \nห้องสะอาด\n', 1, '::1', '2020-10-29 14:35:03'),
(322, 16, 1, 48, 'ไม่ระบุวันที่ : ไม่ใช่\nวันที่เที่ยว / วันที่เดินทาง : 29 October 2020\nผู้ใหญ่ : 3 คน\nเด็ก : 2 คน\nทารก : - คน\nFOC : - คน\nเพิ่มรถรับส่ง : ใช่\nสถานที่รับ : เมือง\nสถานที่ส่ง : กะตะ\nโซน : กะตะ\nห้องพัก : -\nชาวต่างชาติ : ไม่มี\nจำนวนชาวต่างชาติ : - คน\nราคาเพิ่มเติมสำหรับชาวต่างชาติ : 0 บาท\nราคาสำหรับแก้ไข : 32,500 บาท\nหมายเหตุ : \n\n', 1, '::1', '2020-10-29 14:35:30'),
(323, 16, 1, 49, 'ไม่ระบุวันที่ : ไม่ใช่\nวันที่เที่ยว / วันที่เดินทาง : 29 October 2020\nผู้ใหญ่ : 3 คน\nเด็ก : 2 คน\nทารก : - คน\nFOC : - คน\nสถานที่รับ : เมือง\nสถานที่ส่ง : กะทู้\nโซน : กะทู้\nห้องพัก : -\nจำนวนคัน : 1 คัน\nจำนวนชั่วโมง : 5 ชั่วโมง\nเวลารับ : 14:55\nเวลาส่ง : 07:55 PM\nราคาสำหรับแก้ไข : 500 บาท\nหมายเหตุ : \n\n', 1, '::1', '2020-10-29 14:56:05'),
(324, 16, 5, 46, 'สถานะการยืนยัน : ยืนยันแล้ว </br>ยืนยันโดย : admin', 1, '::1', '2020-10-29 14:56:38'),
(325, 16, 5, 48, 'สถานะการยืนยัน : ยืนยันแล้ว </br>ยืนยันโดย : Admin', 1, '::1', '2020-10-29 14:56:44'),
(326, 16, 5, 49, 'สถานะการยืนยัน : ยืนยันแล้ว </br>ยืนยันโดย : Admin', 1, '::1', '2020-10-29 14:56:49'),
(327, 16, 5, 47, 'สถานะการยืนยัน : ยืนยันแล้ว </br>ยืนยันโดย : Admin', 1, '::1', '2020-10-29 14:56:53'),
(328, 16, 2, 46, 'หมายเลขรถ/ป้ายทะเบียนรถ : P05', 1, '::1', '2020-10-29 14:57:14'),
(329, 16, 2, 48, 'หมายเลขรถ/ป้ายทะเบียนรถ : O01', 1, '::1', '2020-10-29 14:57:19'),
(330, 16, 2, 48, 'หมายเลขรถ/ป้ายทะเบียนรถ : P01', 1, '::1', '2020-10-29 14:57:23'),
(331, 16, 2, 49, 'หมายเลขรถ/ป้ายทะเบียนรถ : P60', 1, '::1', '2020-10-29 14:57:29'),
(332, 16, 5, 46, 'สถานะการยืนยัน(OP) : ยืนยันแล้ว', 1, '::1', '2020-10-29 14:57:34'),
(333, 16, 5, 48, 'สถานะการยืนยัน(OP) : ยืนยันแล้ว', 1, '::1', '2020-10-29 14:57:37'),
(334, 16, 5, 49, 'สถานะการยืนยัน(OP) : ยืนยันแล้ว', 1, '::1', '2020-10-29 14:57:40'),
(335, 16, 5, 47, 'สถานะการยืนยัน(OP) : ยืนยันแล้ว', 1, '::1', '2020-10-29 14:58:11'),
(336, 14, 1, 50, 'ไม่ระบุวันที่ : ไม่ใช่\nวันที่เที่ยว / วันที่เดินทาง : 29 October 2020\nผู้ใหญ่ : 3 คน\nเด็ก : 2 คน\nทารก : - คน\nFOC : - คน\nเพิ่มรถรับส่ง : ไม่ใช่\nสถานที่รับ : N/A\nสถานที่ส่ง : N/A\nโซน : -\nห้องพัก : -\nชาวต่างชาติ : ไม่มี\nจำนวนชาวต่างชาติ : - คน\nราคาเพิ่มเติมสำหรับชาวต่างชาติ : 0 บาท\nราคาสำหรับแก้ไข : 7,000 บาท\nหมายเหตุ : \n\n', 1, '::1', '2020-10-29 14:59:04'),
(337, 14, 5, 41, 'สถานะการยืนยัน : ยืนยันแล้ว </br>ยืนยันโดย : Admin', 1, '::1', '2020-10-29 14:59:46'),
(338, 14, 5, 50, 'สถานะการยืนยัน : ยืนยันแล้ว </br>ยืนยันโดย : Admin', 1, '::1', '2020-10-29 14:59:50'),
(339, 14, 2, 50, 'หมายเลขรถ/ป้ายทะเบียนรถ : P5', 1, '::1', '2020-10-29 15:00:01'),
(340, 14, 2, 50, 'เวลารับ : 06:03 น.', 1, '::1', '2020-10-29 15:00:09'),
(341, 14, 5, 50, 'สถานะการยืนยัน(OP) : ยืนยันแล้ว', 1, '::1', '2020-10-29 15:00:12'),
(342, 14, 2, 41, 'หมายเลขรถ/ป้ายทะเบียนรถ : P10', 1, '::1', '2020-10-29 15:00:32'),
(343, 14, 5, 41, 'สถานะการยืนยัน(OP) : ยืนยันแล้ว', 1, '::1', '2020-10-29 15:00:38'),
(344, 16, 2, 46, 'สถานที่ส่ง : \nหมายเหตุ : \nตรงเวลา\n', 1, '::1', '2020-11-03 13:53:09'),
(345, 16, 2, 46, 'สถานที่ส่ง : \nหมายเหตุ : \nตรงเวลา\n', 1, '::1', '2020-11-03 13:53:33'),
(346, 8, 2, 35, 'สถานที่ส่ง : \nหมายเหตุ : \n\n', 1, '::1', '2020-11-03 15:39:46'),
(347, 10, 2, 37, 'สถานที่ส่ง : \nหมายเหตุ : \n\n', 1, '::1', '2020-11-09 14:57:08'),
(348, 9, 2, 32, 'สถานที่ส่ง : \nหมายเหตุ : \n\n', 1, '::1', '2020-11-09 15:02:24'),
(349, 9, 2, 38, 'สถานที่ส่ง : \nหมายเหตุ : \n\n', 1, '::1', '2020-11-09 15:02:30'),
(350, 8, 2, 33, 'สถานที่รับ : ป่าตอง\nสถานที่ส่ง : ท่าเรือมารีน\nโซน : ฉลอง\nหมายเหตุ : \n\n', 1, '::1', '2020-11-09 15:34:54');
INSERT INTO `booking_history` (`id`, `booking`, `history_type`, `booking_products`, `description_field`, `employee`, `ip_address`, `create_date`) VALUES
(351, 9, 1, 51, 'ไม่ระบุวันที่ : ไม่ใช่\nวันที่เที่ยว / วันที่เดินทาง : 01 November 2020\nผู้ใหญ่ : 3 คน\nเด็ก : 4 คน\nทารก : - คน\nFOC : - คน\nเพิ่มรถรับส่ง : ไม่ใช่\nสถานที่รับ : ป่าตอง\nสถานที่ส่ง : ท่าเรือมารีน\nโซน : ฉลอง\nห้องพัก : -\nชาวต่างชาติ : ไม่มี\nจำนวนชาวต่างชาติ : - คน\nราคาเพิ่มเติมสำหรับชาวต่างชาติ : 0 บาท\nราคาสำหรับแก้ไข : 7,000 บาท\nหมายเหตุ : \n\n', 1, '::1', '2020-11-09 15:37:07'),
(352, 2, 1, 52, 'ไม่ระบุวันที่ : ไม่ใช่\nวันที่เที่ยว / วันที่เดินทาง : 02 November 2020\nผู้ใหญ่ : 2 คน\nเด็ก : 1 คน\nทารก : - คน\nFOC : - คน\nเพิ่มรถรับส่ง : ไม่ใช่\nสถานที่รับ : ฉลอง\nสถานที่ส่ง : \nโซน : ป่าตอง\nห้องพัก : -\nชาวต่างชาติ : ไม่มี\nจำนวนชาวต่างชาติ : - คน\nราคาเพิ่มเติมสำหรับชาวต่างชาติ : 0 บาท\nราคาสำหรับแก้ไข : 7,000 บาท\nหมายเหตุ : \n\n', 1, '::1', '2020-11-09 15:37:50'),
(353, 3, 1, 53, 'ไม่ระบุวันที่ : ไม่ใช่\nวันที่เที่ยว / วันที่เดินทาง : 03 November 2020\nผู้ใหญ่ : 2 คน\nเด็ก : - คน\nทารก : - คน\nFOC : - คน\nเพิ่มรถรับส่ง : ไม่ใช่\nสถานที่รับ : เมือง\nสถานที่ส่ง : \nโซน : เมือง\nห้องพัก : -\nชาวต่างชาติ : ไม่มี\nจำนวนชาวต่างชาติ : - คน\nราคาเพิ่มเติมสำหรับชาวต่างชาติ : 0 บาท\nราคาสำหรับแก้ไข : 7,000 บาท\nหมายเหตุ : \n\n', 1, '::1', '2020-11-09 15:38:23'),
(354, 2, 5, 52, 'สถานะการยืนยัน : ยืนยันแล้ว </br>ยืนยันโดย : Admin', 1, '::1', '2020-11-09 15:38:44'),
(355, 3, 5, 53, 'สถานะการยืนยัน : ยืนยันแล้ว </br>ยืนยันโดย : Admin', 1, '::1', '2020-11-09 15:38:56'),
(356, 9, 5, 51, 'สถานะการยืนยัน : ยืนยันแล้ว </br>ยืนยันโดย : Admin', 1, '::1', '2020-11-09 15:39:11'),
(357, 9, 1, 54, 'ไม่ระบุวันที่ : ไม่ใช่\nวันที่เที่ยว / วันที่เดินทาง : 09 November 2020\nผู้ใหญ่ : 2 คน\nเด็ก : 1 คน\nทารก : - คน\nFOC : - คน\nเพิ่มรถรับส่ง : ไม่ใช่\nสถานที่รับ : เมือง\nสถานที่ส่ง : \nโซน : เมือง\nห้องพัก : -\nชาวต่างชาติ : ไม่มี\nจำนวนชาวต่างชาติ : - คน\nราคาเพิ่มเติมสำหรับชาวต่างชาติ : 0 บาท\nราคาสำหรับแก้ไข : 12,000 บาท\nหมายเหตุ : \n\n', 1, '::1', '2020-11-09 16:48:41'),
(358, 9, 5, 54, 'สถานะการยืนยัน : ยืนยันแล้ว </br>ยืนยันโดย : Admin', 1, '::1', '2020-11-09 16:48:54'),
(359, 9, 2, 51, 'หมายเลขรถ/ป้ายทะเบียนรถ : P50', 1, '::1', '2020-11-10 15:26:41'),
(360, 16, 1, 55, 'ไม่ระบุวันที่ : ไม่ใช่\nวันที่เที่ยว / วันที่เดินทาง : 10 November 2020\nผู้ใหญ่ : 2 คน\nเด็ก : - คน\nทารก : - คน\nFOC : - คน\nเพิ่มรถรับส่ง : ไม่ใช่\nสถานที่รับ : กะทู้\nสถานที่ส่ง : \nโซน : กะทู้\nห้องพัก : -\nชาวต่างชาติ : ไม่มี\nจำนวนชาวต่างชาติ : - คน\nราคาเพิ่มเติมสำหรับชาวต่างชาติ : 0 บาท\nราคาสำหรับแก้ไข : 12,000 บาท\nหมายเหตุ : \n\n', 1, '::1', '2020-11-10 15:34:56'),
(361, 16, 5, 55, 'สถานะการยืนยัน : ยืนยันแล้ว </br>ยืนยันโดย : Admin', 1, '::1', '2020-11-10 15:35:16'),
(362, 3, 6, 13, 'สถานะการยืนยัน(OP) : ยกเลิกการยืนยันแล้ว', 1, '::1', '2020-11-16 10:26:57'),
(363, 2, 6, 15, 'สถานะการยืนยัน(OP) : ยกเลิกการยืนยันแล้ว', 1, '::1', '2020-11-16 10:27:00'),
(364, 14, 6, 41, 'สถานะการยืนยัน(OP) : ยกเลิกการยืนยันแล้ว', 1, '::1', '2020-11-16 10:27:05'),
(365, 16, 6, 46, 'สถานะการยืนยัน(OP) : ยกเลิกการยืนยันแล้ว', 1, '::1', '2020-11-16 10:27:09'),
(366, 2, 5, 15, 'สถานะการยืนยัน(OP) : ยืนยันแล้ว', 1, '::1', '2020-11-16 10:27:22'),
(367, 3, 5, 13, 'สถานะการยืนยัน(OP) : ยืนยันแล้ว', 1, '::1', '2020-11-16 10:27:25'),
(368, 14, 5, 41, 'สถานะการยืนยัน(OP) : ยืนยันแล้ว', 1, '::1', '2020-11-16 10:27:28'),
(369, 16, 5, 46, 'สถานะการยืนยัน(OP) : ยืนยันแล้ว', 1, '::1', '2020-11-16 10:27:31'),
(370, 10, 6, 26, 'สถานะการยืนยัน(OP) : ยกเลิกการยืนยันแล้ว', 1, '::1', '2020-11-16 10:33:17'),
(371, 10, 6, 28, 'สถานะการยืนยัน(OP) : ยกเลิกการยืนยันแล้ว', 1, '::1', '2020-11-16 10:33:20'),
(372, 9, 6, 40, 'สถานะการยืนยัน(OP) : ยกเลิกการยืนยันแล้ว', 1, '::1', '2020-11-16 10:33:23'),
(373, 9, 5, 40, 'สถานะการยืนยัน(OP) : ยืนยันแล้ว', 1, '::1', '2020-11-16 10:33:27'),
(374, 10, 5, 28, 'สถานะการยืนยัน(OP) : ยืนยันแล้ว', 1, '::1', '2020-11-16 10:33:29'),
(375, 17, 1, 0, 'สถานะ : ออนไลน์\nประเภทลูกค้า : ลูกค้าทั่วไป\nVoucher No. : 180052\nวันที่จอง : 17 November 2020\nเอเย่นต์ : -\nVoucher No. (เอเย่นต์) : -\nชื่อเซลล์ : -\nชื่อ (ลูกค้า) : คุณ สาสินี\nนามสกุล (ลูกค้า) : มากแก้ว\nเบอร์โทรศัพท์ (ลูกค้า) : 089-569-5592\nอีเมล์ (ลูกค้า) : sasinee@gmail.com\nใบเสร็จรับเงิน : แบบเต็ม\nชื่อ : คุณ สาสินี มากแก้ว\nที่อยู่ : 22\nหมายเลขประจำตัวผู้เสียภาษี : -\nรายละเอียดใบเสร็จ : -\n', 1, '::1', '2020-11-17 16:09:39'),
(376, 17, 1, 56, 'ไม่ระบุวันที่ : ไม่ใช่\nวันที่เที่ยว / วันที่เดินทาง : 17 November 2020\nผู้ใหญ่ : 3 คน\nเด็ก : 2 คน\nทารก : - คน\nFOC : - คน\nเพิ่มรถรับส่ง : ใช่\nสถานที่รับ : เมือง\nสถานที่ส่ง : ท่าเรือมารีน\nโซน : ฉลอง\nห้องพัก : -\nชาวต่างชาติ : ไม่มี\nจำนวนชาวต่างชาติ : - คน\nราคาเพิ่มเติมสำหรับชาวต่างชาติ : 0 บาท\nราคาสำหรับแก้ไข : 7,000 บาท\nหมายเหตุ : \n\n', 1, '::1', '2020-11-17 16:10:40'),
(377, 17, 5, 56, 'สถานะการยืนยัน : ยืนยันแล้ว </br>ยืนยันโดย : Admin', 1, '::1', '2020-11-17 16:11:05'),
(378, 17, 1, 57, 'ไม่ระบุวันที่ : ไม่ใช่\nวันที่เที่ยว / วันที่เดินทาง : 19 November 2020\nผู้ใหญ่ : 2 คน\nเด็ก : - คน\nทารก : - คน\nFOC : - คน\nเพิ่มรถรับส่ง : ใช่\nสถานที่รับ : เมือง\nสถานที่ส่ง : ท่าเรือมารีน\nโซน : ฉลอง\nห้องพัก : -\nชาวต่างชาติ : ไม่มี\nจำนวนชาวต่างชาติ : - คน\nราคาเพิ่มเติมสำหรับชาวต่างชาติ : 0 บาท\nราคาสำหรับแก้ไข : 31,000 บาท\nหมายเหตุ : \n\n', 1, '::1', '2020-11-17 16:11:43'),
(379, 17, 5, 57, 'สถานะการยืนยัน : ยืนยันแล้ว </br>ยืนยันโดย : Gm', 1, '::1', '2020-11-17 16:11:56'),
(380, 17, 1, 58, 'ไม่ระบุวันที่ : ไม่ใช่\nวันที่เที่ยว / วันที่เดินทาง : 22 November 2020\nผู้ใหญ่ : 2 คน\nเด็ก : 1 คน\nทารก : - คน\nFOC : - คน\nสถานที่รับ : เมือง\nสถานที่ส่ง : ท่าเรือมารีน\nโซน : ฉลอง\nห้องพัก : -\nจำนวนคัน : 1 คัน\nจำนวนชั่วโมง : 1 ชั่วโมง\nเวลารับ : 16:13\nเวลาส่ง : 05:13 PM\nราคาสำหรับแก้ไข : 1,200 บาท\nหมายเหตุ : \n\n', 1, '::1', '2020-11-17 16:14:23'),
(381, 17, 1, 59, 'ไม่ระบุวันที่ : ไม่ใช่\nวันที่เช็คอิน : 21 November 2020\nวันที่เช็คเอาท์ : 24 November 2020\nผู้ใหญ่ : 3 คน\nเด็ก : 2 คน\nทารก : - คน\nFOC : - คน\nสถานที่รับ : เมือง\nสถานที่ส่ง : ท่าเรือมารีน\nโซน : ฉลอง\nห้องพัก : -\nจำนวนห้อง : 1 ห้อง\nจำนวนเตียงเสริม : - เตียง\nจำนวนแชร์เตียง : - เตียง\nราคาสำหรับแก้ไข : 4,500 บาท\nหมายเหตุ : \n\n', 1, '::1', '2020-11-17 16:15:08'),
(382, 17, 5, 58, 'สถานะการยืนยัน : ยืนยันแล้ว </br>ยืนยันโดย : Gm', 1, '::1', '2020-11-17 16:15:32'),
(383, 17, 5, 59, 'สถานะการยืนยัน : ยืนยันแล้ว </br>ยืนยันโดย : Gm', 1, '::1', '2020-11-17 16:15:37'),
(384, 17, 2, 56, 'หมายเลขรถ/ป้ายทะเบียนรถ : P5', 1, '::1', '2020-11-17 16:16:02'),
(385, 17, 2, 57, 'หมายเลขรถ/ป้ายทะเบียนรถ : P2', 1, '::1', '2020-11-17 16:16:06'),
(386, 17, 2, 58, 'หมายเลขรถ/ป้ายทะเบียนรถ : P11', 1, '::1', '2020-11-17 16:16:10'),
(387, 16, 2, 55, 'สถานที่ส่ง : \nหมายเหตุ : \n\n', 1, '::1', '2020-11-17 16:17:00'),
(388, 16, 2, 48, 'สถานที่ส่ง : \nหมายเหตุ : \n\n', 1, '::1', '2020-11-17 16:21:48'),
(389, 16, 2, 49, 'สถานที่ส่ง : \nหมายเหตุ : \n\n', 1, '::1', '2020-11-17 16:21:55'),
(390, 16, 2, 47, 'สถานที่ส่ง : \nหมายเหตุ : \nห้องสะอาด\n', 1, '::1', '2020-11-17 16:22:01'),
(391, 15, 2, 42, 'สถานที่ส่ง : \nหมายเหตุ : \ninsert\n', 1, '::1', '2020-11-17 16:22:29'),
(392, 15, 2, 43, 'สถานที่ส่ง : \nหมายเหตุ : \n\n', 1, '::1', '2020-11-17 16:22:35'),
(393, 15, 2, 44, 'สถานที่ส่ง : \nหมายเหตุ : \n\n', 1, '::1', '2020-11-17 16:22:40'),
(394, 15, 2, 45, 'สถานที่ส่ง : \nหมายเหตุ : \n\n', 1, '::1', '2020-11-17 16:22:44'),
(395, 17, 2, 56, 'สถานที่ส่ง : ท่าเรือมารีน\nหมายเหตุ : \n\n', 1, '::1', '2020-11-18 12:03:28'),
(396, 17, 2, 56, 'สถานที่ส่ง : ท่าเรือฉลอง\nหมายเหตุ : \n\n', 1, '::1', '2020-11-18 12:06:27'),
(397, 17, 8, 56, 'สถานะการส่งอีเมล์ : ส่งแล้ว </br>ส่งอีเมล์โดย : Programmer</br>Remark : Test', 1, '::1', '2020-11-24 14:32:52'),
(398, 17, 10, 56, 'สถานะการส่งอีเมล์ : ส่งใหม่ </br>ส่งอีเมล์โดย : Programmer</br>Remark : Test', 1, '::1', '2020-11-24 14:34:23'),
(399, 17, 10, 56, 'สถานะการส่งอีเมล์ : ส่งใหม่ </br>ส่งอีเมล์โดย : Programmer</br>Remark : Test', 1, '::1', '2020-11-24 14:35:20'),
(400, 17, 10, 56, 'สถานะการส่งอีเมล์ : ส่งใหม่ </br>ส่งอีเมล์โดย : Programmer</br>Remark : Test', 1, '::1', '2020-11-24 14:35:53'),
(401, 17, 10, 56, 'สถานะการส่งอีเมล์ : ส่งใหม่ </br>ส่งอีเมล์โดย : Programmer</br>Remark : Test', 1, '::1', '2020-11-24 14:36:20'),
(402, 17, 8, 57, 'สถานะการส่งอีเมล์ : ส่งแล้ว </br>ส่งอีเมล์โดย : Programmer</br>Remark : Test', 1, '::1', '2020-11-24 14:36:20'),
(403, 14, 8, 41, 'สถานะการส่งอีเมล์ : ส่งแล้ว </br>ส่งอีเมล์โดย : Programmer</br>Remark : Test Send', 1, '::1', '2020-11-24 15:40:42'),
(404, 14, 8, 50, 'สถานะการส่งอีเมล์ : ส่งแล้ว </br>ส่งอีเมล์โดย : Programmer</br>Remark : Test Send', 1, '::1', '2020-11-24 15:40:42'),
(405, 14, 10, 41, 'สถานะการส่งอีเมล์ : ส่งใหม่ </br>ส่งอีเมล์โดย : Programmer</br>Remark : Test', 1, '::1', '2020-11-24 15:40:59'),
(406, 14, 10, 50, 'สถานะการส่งอีเมล์ : ส่งใหม่ </br>ส่งอีเมล์โดย : Programmer</br>Remark : Test', 1, '::1', '2020-11-24 15:40:59'),
(407, 2, 3, 4, 'สถานะ : ยกเลิกข้อมูล', 1, '::1', '2020-11-24 18:16:12'),
(408, 17, 3, 56, 'สถานะ : ยกเลิกข้อมูล', 1, '::1', '2020-11-25 12:06:25'),
(409, 17, 3, 57, 'สถานะ : ยกเลิกข้อมูล', 1, '::1', '2020-11-25 12:08:36'),
(410, 17, 3, 58, 'สถานะ : ยกเลิกข้อมูล', 1, '::1', '2020-11-25 12:09:03'),
(411, 17, 3, 58, 'สถานะ : ยกเลิกข้อมูล', 1, '::1', '2020-11-25 12:19:43'),
(412, 17, 3, 58, 'สถานะ : ยกเลิกข้อมูล', 1, '::1', '2020-11-25 12:20:41'),
(413, 17, 3, 59, 'สถานะ : ยกเลิกข้อมูล', 1, '::1', '2020-11-25 12:21:57'),
(414, 17, 3, 59, 'สถานะ : ยกเลิกข้อมูล', 1, '::1', '2020-11-25 12:22:37'),
(415, 17, 3, 58, 'สถานะ : ยกเลิกข้อมูล', 1, '::1', '2020-11-25 12:22:53'),
(416, 17, 3, 57, 'สถานะ : ยกเลิกข้อมูล', 1, '::1', '2020-11-25 12:23:07'),
(417, 17, 3, 56, 'สถานะ : ยกเลิกข้อมูล', 1, '::1', '2020-11-25 12:23:20'),
(418, 17, 4, 59, 'สถานะ : คืนข้อมูล', 1, '::1', '2020-11-25 12:23:33'),
(419, 17, 4, 56, 'สถานะ : คืนข้อมูล', 1, '::1', '2020-11-25 12:23:37'),
(420, 17, 4, 57, 'สถานะ : คืนข้อมูล', 1, '::1', '2020-11-25 12:23:41'),
(421, 17, 4, 58, 'สถานะ : คืนข้อมูล', 1, '::1', '2020-11-25 12:23:44'),
(422, 17, 3, 56, 'สถานะ : ยกเลิกข้อมูล', 1, '::1', '2020-11-25 12:42:24'),
(423, 17, 4, 56, 'สถานะ : คืนข้อมูล', 1, '::1', '2020-11-25 12:42:39'),
(424, 17, 1, 60, 'ไม่ระบุวันที่ : ไม่ใช่\nวันที่เที่ยว / วันที่เดินทาง : 26 November 2020\nผู้ใหญ่ : 1 คน\nเด็ก : - คน\nทารก : - คน\nFOC : 1 คน\nเพิ่มรถรับส่ง : ไม่ใช่\nสถานที่รับ : N/A\nสถานที่ส่ง : N/A\nโซน : -\nห้องพัก : -\nชาวต่างชาติ : ไม่มี\nจำนวนชาวต่างชาติ : - คน\nราคาเพิ่มเติมสำหรับชาวต่างชาติ : 0 บาท\nราคาสำหรับแก้ไข : 12,000 บาท\nหมายเหตุ : \n\n', 1, '::1', '2020-11-26 10:24:39'),
(425, 17, 2, 60, 'ผู้ใหญ่ : - คน\nหมายเหตุ : \n\n', 1, '::1', '2020-11-26 10:25:30'),
(426, 17, 2, 60, 'หมายเหตุ : \n\n', 1, '::1', '2020-11-26 10:25:47'),
(427, 17, 2, 60, 'หมายเหตุ : \n\n', 1, '::1', '2020-11-27 09:45:36'),
(428, 17, 5, 60, 'สถานะการยืนยัน : ยืนยันแล้ว </br>ยืนยันโดย : Admin', 1, '::1', '2020-11-27 10:11:35'),
(429, 17, 5, 60, 'สถานะการยืนยัน(OP) : ยืนยันแล้ว', 1, '::1', '2020-11-27 10:12:53'),
(430, 17, 2, 60, 'ราคาสำหรับแก้ไข : 0 บาท\nหมายเหตุ : \n\n', 1, '::1', '2020-11-27 11:08:43'),
(431, 17, 2, 56, 'ผู้ใหญ่ : - คน\nเด็ก : - คน\nFOC : 1 คน\nราคาสำหรับแก้ไข : 0 บาท\nหมายเหตุ : \n\n', 1, '::1', '2020-11-27 12:03:55'),
(432, 17, 2, 57, 'ผู้ใหญ่ : - คน\nFOC : 1 คน\nราคาสำหรับแก้ไข : 0 บาท\nหมายเหตุ : \n\n', 1, '::1', '2020-11-27 12:04:15'),
(433, 17, 2, 58, 'ผู้ใหญ่ : - คน\nเด็ก : - คน\nFOC : 1 คน\nหมายเหตุ : \n\n', 1, '::1', '2020-11-27 12:04:41'),
(434, 17, 2, 59, 'ผู้ใหญ่ : - คน\nเด็ก : - คน\nFOC : 1 คน\nหมายเหตุ : \n\n', 1, '::1', '2020-11-27 12:05:07'),
(435, 17, 5, 56, 'สถานะการยืนยัน(OP) : ยืนยันแล้ว', 1, '::1', '2020-11-27 12:09:01'),
(436, 17, 5, 57, 'สถานะการยืนยัน(OP) : ยืนยันแล้ว', 1, '::1', '2020-11-27 12:09:06'),
(437, 17, 5, 58, 'สถานะการยืนยัน(OP) : ยืนยันแล้ว', 1, '::1', '2020-11-27 12:09:09'),
(438, 17, 5, 59, 'สถานะการยืนยัน(OP) : ยืนยันแล้ว', 1, '::1', '2020-11-27 12:09:13'),
(439, 17, 4, 59, 'สถานะ : คืนข้อมูล', 1, '::1', '2020-12-01 16:07:18'),
(440, 17, 4, 60, 'สถานะ : คืนข้อมูล', 1, '::1', '2020-12-01 16:07:21'),
(441, 17, 4, 56, 'สถานะ : คืนข้อมูล', 1, '::1', '2020-12-01 16:07:24'),
(442, 17, 4, 57, 'สถานะ : คืนข้อมูล', 1, '::1', '2020-12-01 16:07:28'),
(443, 17, 4, 58, 'สถานะ : คืนข้อมูล', 1, '::1', '2020-12-01 16:07:31'),
(444, 17, 3, 59, 'สถานะ : ยกเลิกข้อมูล', 1, '::1', '2020-12-01 16:07:46'),
(445, 17, 3, 58, 'สถานะ : ยกเลิกข้อมูล', 1, '::1', '2020-12-01 16:07:51'),
(446, 17, 3, 56, 'สถานะ : ยกเลิกข้อมูล', 1, '::1', '2020-12-01 16:07:55'),
(447, 17, 3, 60, 'สถานะ : ยกเลิกข้อมูล', 1, '::1', '2020-12-01 16:07:58'),
(448, 17, 4, 59, 'สถานะ : คืนข้อมูล', 1, '::1', '2020-12-02 11:05:19'),
(449, 17, 4, 60, 'สถานะ : คืนข้อมูล', 1, '::1', '2020-12-02 11:05:23'),
(450, 17, 4, 56, 'สถานะ : คืนข้อมูล', 1, '::1', '2020-12-02 11:05:26'),
(451, 17, 4, 58, 'สถานะ : คืนข้อมูล', 1, '::1', '2020-12-02 11:05:30'),
(452, 16, 5, 55, 'สถานะการยืนยัน(OP) : ยืนยันแล้ว', 1, '::1', '2020-12-03 10:45:40'),
(453, 18, 1, 0, 'สถานะ : ออนไลน์\nประเภทลูกค้า : เอเย่นต์\nVoucher No. : 11805\nวันที่จอง : 03 December 2020\nเอเย่นต์ : Adee\nVoucher No. (เอเย่นต์) : 11806\nชื่อเซลล์ : คุณสุ\nชื่อ (ลูกค้า) : ไวพจน์\nนามสกุล (ลูกค้า) : เพชรสุพรรณ\nเบอร์โทรศัพท์ (ลูกค้า) : 084-259-2256\nอีเมล์ (ลูกค้า) : -\nใบเสร็จรับเงิน : ไม่ใช่แบบเต็ม\nชื่อ : ไวพจน์ เพชรสุพรรณ\nที่อยู่ : 3/4\nหมายเลขประจำตัวผู้เสียภาษี : -\nรายละเอียดใบเสร็จ : -\n', 1, '::1', '2020-12-03 10:48:21'),
(454, 18, 1, 61, 'ไม่ระบุวันที่ : ไม่ใช่\nวันที่เที่ยว / วันที่เดินทาง : 01 December 2020\nผู้ใหญ่ : - คน\nเด็ก : - คน\nทารก : - คน\nFOC : 1 คน\nเพิ่มรถรับส่ง : ใช่\nสถานที่รับ : เมือง\nสถานที่ส่ง : ท่าเรือฉลอง\nโซน : ฉลอง\nห้องพัก : -\nชาวต่างชาติ : ไม่มี\nจำนวนชาวต่างชาติ : - คน\nราคาเพิ่มเติมสำหรับชาวต่างชาติ : 0 บาท\nราคาสำหรับแก้ไข : 0 บาท\nหมายเหตุ : \n\n', 1, '::1', '2020-12-03 10:49:27'),
(455, 18, 1, 62, 'ไม่ระบุวันที่ : ไม่ใช่\nวันที่เที่ยว / วันที่เดินทาง : 02 December 2020\nผู้ใหญ่ : - คน\nเด็ก : - คน\nทารก : - คน\nFOC : 1 คน\nเพิ่มรถรับส่ง : ใช่\nสถานที่รับ : ฉลอง\nสถานที่ส่ง : ท่าเรือรัษฏา\nโซน : เมือง\nห้องพัก : -\nชาวต่างชาติ : ไม่มี\nจำนวนชาวต่างชาติ : - คน\nราคาเพิ่มเติมสำหรับชาวต่างชาติ : 0 บาท\nราคาสำหรับแก้ไข : 0 บาท\nหมายเหตุ : \n\n', 1, '::1', '2020-12-03 10:50:31'),
(456, 18, 1, 63, 'ไม่ระบุวันที่ : ไม่ใช่\nวันที่เที่ยว / วันที่เดินทาง : 03 December 2020\nผู้ใหญ่ : - คน\nเด็ก : - คน\nทารก : - คน\nFOC : 1 คน\nสถานที่รับ : กะทู้\nสถานที่ส่ง : ท่าเรือป่าตอง\nโซน : ป่าตอง\nห้องพัก : -\nจำนวนคัน : 1 คัน\nจำนวนชั่วโมง : 1 ชั่วโมง\nเวลารับ : 10:50\nเวลาส่ง : 11:50 AM\nราคาสำหรับแก้ไข : 1,500 บาท\nหมายเหตุ : \n\n', 1, '::1', '2020-12-03 10:59:32'),
(457, 18, 1, 64, 'ไม่ระบุวันที่ : ไม่ใช่\nวันที่เช็คอิน : 03 December 2020\nวันที่เช็คเอาท์ : 05 December 2020\nผู้ใหญ่ : - คน\nเด็ก : - คน\nทารก : - คน\nFOC : 1 คน\nสถานที่รับ : เมือง\nสถานที่ส่ง : ท่าเรือป่าตอง\nโซน : ป่าตอง\nห้องพัก : -\nจำนวนห้อง : 1 ห้อง\nจำนวนเตียงเสริม : - เตียง\nจำนวนแชร์เตียง : - เตียง\nราคาสำหรับแก้ไข : 0 บาท\nหมายเหตุ : \n\n', 1, '::1', '2020-12-03 11:01:49'),
(458, 18, 2, 63, 'ราคาสำหรับแก้ไข : 0 บาท\nหมายเหตุ : \n\n', 1, '::1', '2020-12-03 11:02:00'),
(459, 18, 5, 61, 'สถานะการยืนยัน : ยืนยันแล้ว </br>ยืนยันโดย : Admin', 1, '::1', '2020-12-03 11:16:56'),
(460, 18, 5, 62, 'สถานะการยืนยัน : ยืนยันแล้ว </br>ยืนยันโดย : Admin', 1, '::1', '2020-12-03 11:17:02'),
(461, 18, 5, 63, 'สถานะการยืนยัน : ยืนยันแล้ว </br>ยืนยันโดย : Admin', 1, '::1', '2020-12-03 11:17:07'),
(462, 18, 5, 64, 'สถานะการยืนยัน : ยืนยันแล้ว </br>ยืนยันโดย : Admin', 1, '::1', '2020-12-03 11:17:12'),
(463, 18, 5, 61, 'สถานะการยืนยัน(OP) : ยืนยันแล้ว', 1, '::1', '2020-12-03 11:21:02'),
(464, 18, 5, 62, 'สถานะการยืนยัน(OP) : ยืนยันแล้ว', 1, '::1', '2020-12-03 11:21:05'),
(465, 18, 5, 63, 'สถานะการยืนยัน(OP) : ยืนยันแล้ว', 1, '::1', '2020-12-03 11:21:08'),
(466, 18, 5, 64, 'สถานะการยืนยัน(OP) : ยืนยันแล้ว', 1, '::1', '2020-12-03 11:21:11'),
(467, 17, 1, 65, 'ไม่ระบุวันที่ : ไม่ใช่\nวันที่เที่ยว / วันที่เดินทาง : 03 December 2020\nผู้ใหญ่ : - คน\nเด็ก : - คน\nทารก : - คน\nFOC : 1 คน\nเพิ่มรถรับส่ง : ไม่ใช่\nสถานที่รับ : N/A\nสถานที่ส่ง : N/A\nโซน : -\nห้องพัก : -\nชาวต่างชาติ : ไม่มี\nจำนวนชาวต่างชาติ : - คน\nราคาเพิ่มเติมสำหรับชาวต่างชาติ : 0 บาท\nราคาสำหรับแก้ไข : 0 บาท\nหมายเหตุ : \n\n', 1, '::1', '2020-12-03 12:41:32'),
(468, 17, 5, 65, 'สถานะการยืนยัน : ยืนยันแล้ว </br>ยืนยันโดย : Admin', 1, '::1', '2020-12-03 12:41:42'),
(469, 17, 5, 65, 'สถานะการยืนยัน(OP) : ยืนยันแล้ว', 1, '::1', '2020-12-03 12:42:14'),
(470, 17, 2, 58, 'ราคาสำหรับแก้ไข : 0 บาท\nหมายเหตุ : \n\n', 1, '::1', '2020-12-03 16:26:06'),
(471, 17, 2, 59, 'ราคาสำหรับแก้ไข : 0 บาท\nหมายเหตุ : \n\n', 1, '::1', '2020-12-03 16:26:31'),
(472, 17, 2, 60, 'หมายเหตุ : \n\n', 1, '::1', '2020-12-04 10:48:50'),
(473, 17, 2, 56, 'หมายเหตุ : \n\n', 1, '::1', '2020-12-04 10:48:57'),
(474, 17, 2, 57, 'หมายเหตุ : \n\n', 1, '::1', '2020-12-04 10:49:04'),
(475, 17, 2, 58, 'หมายเหตุ : \n\n', 1, '::1', '2020-12-04 10:49:11'),
(476, 17, 2, 59, 'หมายเหตุ : \n\n', 1, '::1', '2020-12-04 10:49:17'),
(477, 17, 2, 59, 'หมายเหตุ : \n\n', 1, '::1', '2020-12-04 10:49:33'),
(478, 17, 2, 58, 'หมายเหตุ : \n\n', 1, '::1', '2020-12-04 10:49:37'),
(479, 17, 2, 65, 'หมายเหตุ : \n\n', 1, '::1', '2020-12-04 10:49:41'),
(480, 17, 2, 57, 'หมายเหตุ : \n\n', 1, '::1', '2020-12-04 10:49:45'),
(481, 17, 2, 56, 'หมายเหตุ : \n\n', 1, '::1', '2020-12-04 10:49:49'),
(482, 17, 2, 60, 'หมายเหตุ : \n\n', 1, '::1', '2020-12-04 10:49:52'),
(483, 18, 2, 61, 'หมายเหตุ : \n\n', 1, '::1', '2020-12-04 12:27:12'),
(484, 18, 2, 62, 'หมายเหตุ : \n\n', 1, '::1', '2020-12-04 12:27:15'),
(485, 18, 2, 63, 'หมายเหตุ : \n\n', 1, '::1', '2020-12-04 12:27:18'),
(486, 18, 2, 64, 'หมายเหตุ : \n\n', 1, '::1', '2020-12-04 12:27:21'),
(487, 18, 2, 61, 'FOC : 2 คน\nหมายเหตุ : \n\n', 1, '::1', '2020-12-04 12:47:31'),
(488, 18, 2, 62, 'FOC : 3 คน\nหมายเหตุ : \n\n', 1, '::1', '2020-12-04 12:47:39'),
(489, 18, 2, 63, 'FOC : 4 คน\nจำนวนคัน : 2 คัน\nจำนวนชั่วโมง : 2 ชั่วโมง\nเวลาส่ง : 12:50 PM\nหมายเหตุ : \n\n', 1, '::1', '2020-12-04 12:47:55'),
(490, 18, 2, 64, 'FOC : 5 คน\nจำนวนห้อง : 2 ห้อง\nจำนวนเตียงเสริม : 1 เตียง\nจำนวนแชร์เตียง : 1 เตียง\nหมายเหตุ : \n\n', 1, '::1', '2020-12-04 12:48:09'),
(491, 17, 2, 59, 'FOC : 3 คน\nจำนวนห้อง : 2 ห้อง\nจำนวนเตียงเสริม : 1 เตียง\nจำนวนแชร์เตียง : 1 เตียง\nหมายเหตุ : \n\n', 1, '::1', '2020-12-04 12:58:27'),
(492, 17, 2, 58, 'FOC : 5 คน\nจำนวนคัน : 3 คัน\nหมายเหตุ : \n\n', 1, '::1', '2020-12-04 12:58:37'),
(493, 17, 2, 65, 'FOC : 3 คน\nหมายเหตุ : \n\n', 1, '::1', '2020-12-04 12:58:48'),
(494, 17, 2, 60, 'FOC : 2 คน\nหมายเหตุ : \n\n', 1, '::1', '2020-12-04 12:59:00'),
(495, 17, 2, 58, 'จำนวนชั่วโมง : 40 ชั่วโมง\nเวลาส่ง : 08:13 AM\nหมายเหตุ : \n\n', 1, '::1', '2020-12-04 13:01:57'),
(496, 18, 2, 61, 'สถานที่รับ : ท่าเรือทับละมุ\nสถานที่ส่ง : หาดกะตะ\nหมายเหตุ : \n\n', 1, '::1', '2020-12-18 11:07:14'),
(497, 18, 2, 61, 'สถานที่รับ : ท่าเรือทับละมุ\nสถานที่ส่ง : หาดกะตะ\nหมายเหตุ : \n\n', 1, '::1', '2020-12-18 11:09:27'),
(498, 18, 2, 63, 'สถานที่รับ : หาดในหาน\nสถานที่ส่ง : ท่าเรือทับละมุ\nเวลาส่ง : 12:50\nหมายเหตุ : \n\n', 1, '::1', '2020-12-18 11:38:12'),
(499, 14, 2, 41, 'สถานที่รับ : ท่าเรือทับละมุ\nหมายเหตุ : \n\n', 1, '::1', '2020-12-18 12:03:14'),
(500, 16, 2, 49, 'สถานที่รับ : ท่าเรือฉลอง\nสถานที่ส่ง : N/A\nเวลาส่ง : 19:55\nหมายเหตุ : \n\n', 1, '::1', '2020-12-18 12:14:52'),
(501, 15, 2, 42, 'สถานที่รับ : ท่าเรือรัษฏา\nสถานที่ส่ง : N/A\nหมายเหตุ : \ninsert\n', 1, '::1', '2020-12-18 12:15:20'),
(502, 16, 2, 46, 'สถานที่รับ : โบ๊ทลากูน\nสถานที่ส่ง : N/A\nหมายเหตุ : \nตรงเวลา\n', 1, '::1', '2020-12-18 12:39:00'),
(503, 16, 2, 0, 'รายละเอียดใบเสร็จ : นารี มิก้า\r\nมิย่า นารี\r\nสารินี มานา\n', 1, '::1', '2020-12-23 10:47:12'),
(504, 15, 2, 0, 'รายละเอียดใบเสร็จ : Test-Receipt-Detail\n', 1, '::1', '2020-12-23 10:47:45'),
(505, 18, 8, 61, 'สถานะการส่งอีเมล์ : ส่งแล้ว </br>ส่งอีเมล์โดย : Programmer</br>Remark : Test', 1, '::1', '2020-12-23 11:24:43'),
(506, 18, 10, 61, 'สถานะการส่งอีเมล์ : ส่งใหม่ </br>ส่งอีเมล์โดย : Programmer</br>Remark : Test', 1, '::1', '2020-12-23 11:25:28'),
(507, 16, 8, 46, 'สถานะการส่งอีเมล์ : ส่งแล้ว </br>ส่งอีเมล์โดย : Programmer</br>Remark : Test', 1, '::1', '2020-12-23 11:28:14'),
(508, 16, 8, 55, 'สถานะการส่งอีเมล์ : ส่งแล้ว </br>ส่งอีเมล์โดย : Programmer</br>Remark : Test', 1, '::1', '2020-12-23 11:28:14'),
(509, 16, 8, 48, 'สถานะการส่งอีเมล์ : ส่งแล้ว </br>ส่งอีเมล์โดย : Programmer</br>Remark : Test', 1, '::1', '2020-12-23 11:28:14'),
(510, 16, 10, 46, 'สถานะการส่งอีเมล์ : ส่งใหม่ </br>ส่งอีเมล์โดย : Programmer</br>Remark : Test', 1, '::1', '2020-12-23 11:30:28'),
(511, 16, 3, 46, 'สถานะ : ยกเลิกข้อมูล', 1, '::1', '2020-12-23 11:36:35'),
(512, 16, 4, 46, 'สถานะ : คืนข้อมูล', 1, '::1', '2020-12-23 11:36:57'),
(513, 9, 2, 0, 'รายละเอียดใบเสร็จ : -\n', 1, '::1', '2020-12-23 12:19:25'),
(514, 18, 10, 61, 'สถานะการส่งอีเมล์ : ส่งใหม่ </br>ส่งอีเมล์โดย : Programmer</br>Remark : Test', 1, '::1', '2020-12-24 11:32:14'),
(515, 18, 8, 62, 'สถานะการส่งอีเมล์ : ส่งแล้ว </br>ส่งอีเมล์โดย : Programmer</br>Remark : Test', 1, '::1', '2020-12-24 11:32:14'),
(516, 12, 2, 0, 'สถานะ : ยกเลิก\nบริษัท : -\n', 1, '::1', '2020-12-25 11:42:25'),
(517, 13, 2, 0, 'สถานะ : ยกเลิก\n', 1, '::1', '2020-12-25 11:42:35'),
(518, 19, 1, 0, 'สถานะ : ออนไลน์\nประเภทลูกค้า : ลูกค้าทั่วไป\nVoucher No. : 1103\nวันที่จอง : 29 December 2020\nเอเย่นต์ : -\nVoucher No. (เอเย่นต์) : -\nชื่อเซลล์ : -\nชื่อ (ลูกค้า) : Test\nนามสกุล (ลูกค้า) : delete\nเบอร์โทรศัพท์ (ลูกค้า) : 084695535\nอีเมล์ (ลูกค้า) : delete@gmail.com\nใบเสร็จรับเงิน : ไม่ใช่แบบเต็ม\nชื่อ : test delete\nที่อยู่ : 22/8\nหมายเลขประจำตัวผู้เสียภาษี : 0830005902529\nรายละเอียดใบเสร็จ : ไป 2 คน\nบริษัท : -\n', 1, '::1', '2020-12-29 11:22:48'),
(519, 19, 1, 66, 'ไม่ระบุวันที่ : ไม่ใช่\nวันที่เที่ยว / วันที่เดินทาง : 29 December 2020\nผู้ใหญ่ : 2 คน\nเด็ก : - คน\nทารก : - คน\nFOC : - คน\nเพิ่มรถรับส่ง : ไม่ใช่\nสถานที่รับ : ท่าเรือทับละมุ\nสถานที่ส่ง : หาดกะตะ\nโซน : กะตะ\nห้องพัก : -\nชาวต่างชาติ : ไม่มี\nจำนวนชาวต่างชาติ : - คน\nราคาเพิ่มเติมสำหรับชาวต่างชาติ : 0 บาท\nราคาสำหรับแก้ไข : 7,000 บาท\nหมายเหตุ : \n\n', 1, '::1', '2020-12-29 11:23:21'),
(520, 19, 1, 67, 'ไม่ระบุวันที่ : ไม่ใช่\nวันที่เที่ยว / วันที่เดินทาง : 29 December 2020\nผู้ใหญ่ : 2 คน\nเด็ก : - คน\nทารก : - คน\nFOC : - คน\nเพิ่มรถรับส่ง : ใช่\nสถานที่รับ : ท่าเรือทับละมุ\nสถานที่ส่ง : โบ๊ทลากูน\nโซน : กะหลิม\nห้องพัก : -\nชาวต่างชาติ : ไม่มี\nจำนวนชาวต่างชาติ : - คน\nราคาเพิ่มเติมสำหรับชาวต่างชาติ : 0 บาท\nราคาสำหรับแก้ไข : 2,000 บาท\nหมายเหตุ : \n\n', 1, '::1', '2020-12-29 11:23:48'),
(521, 19, 1, 68, 'ไม่ระบุวันที่ : ไม่ใช่\nวันที่เที่ยว / วันที่เดินทาง : 29 December 2020\nผู้ใหญ่ : 3 คน\nเด็ก : - คน\nทารก : - คน\nFOC : 1 คน\nสถานที่รับ : ท่าเรือทับละมุ\nสถานที่ส่ง : หาดในหาน\nโซน : -\nห้องพัก : -\nจำนวนคัน : 1 คัน\nจำนวนชั่วโมง : 1 ชั่วโมง\nเวลารับ : 11:23\nเวลาส่ง : 12:23\nราคาสำหรับแก้ไข : 1,200 บาท\nหมายเหตุ : \n\n', 1, '::1', '2020-12-29 11:24:12'),
(522, 19, 1, 69, 'ไม่ระบุวันที่ : ไม่ใช่\nวันที่เช็คอิน : 27 December 2020\nวันที่เช็คเอาท์ : 29 December 2020\nผู้ใหญ่ : 3 คน\nเด็ก : - คน\nทารก : - คน\nFOC : - คน\nสถานที่รับ : N/A\nสถานที่ส่ง : N/A\nโซน : -\nห้องพัก : -\nจำนวนห้อง : 1 ห้อง\nจำนวนเตียงเสริม : - เตียง\nจำนวนแชร์เตียง : - เตียง\nราคาสำหรับแก้ไข : 2,400 บาท\nหมายเหตุ : \n\n', 1, '::1', '2020-12-29 11:24:35'),
(523, 19, 2, 69, 'สถานที่รับ : ท่าเรือรัษฏา\nสถานที่ส่ง : หาดป่าตอง\nหมายเหตุ : \n\n', 1, '::1', '2020-12-29 11:24:41'),
(524, 19, 3, 69, 'สถานะ : ยกเลิกข้อมูล', 1, '::1', '2020-12-29 11:48:38'),
(525, 19, 2, 0, 'สถานะ : ยกเลิก\n', 1, '::1', '2020-12-29 13:08:29'),
(526, 19, 2, 0, 'สถานะ : ออนไลน์\n', 1, '::1', '2020-12-29 13:08:38'),
(527, 19, 2, 0, 'สถานะ : ยกเลิก\n', 1, '::1', '2020-12-29 13:08:49'),
(528, 19, 2, 0, 'สถานะ : ออนไลน์\n', 1, '::1', '2020-12-29 13:22:54'),
(529, 19, 3, 69, 'สถานะ : ยกเลิกข้อมูล', 1, '::1', '2020-12-29 13:23:02'),
(530, 19, 4, 69, 'สถานะ : คืนข้อมูล', 1, '::1', '2020-12-29 13:23:10'),
(531, 19, 5, 69, 'สถานะการยืนยัน : ยืนยันแล้ว </br>ยืนยันโดย : Admin', 1, '::1', '2020-12-29 13:23:46'),
(532, 19, 5, 68, 'สถานะการยืนยัน : ยืนยันแล้ว </br>ยืนยันโดย : Admin', 1, '::1', '2020-12-29 13:23:53'),
(533, 19, 5, 66, 'สถานะการยืนยัน : ยืนยันแล้ว </br>ยืนยันโดย : Admin', 1, '::1', '2020-12-29 13:23:57'),
(534, 19, 5, 67, 'สถานะการยืนยัน : ยืนยันแล้ว </br>ยืนยันโดย : Admin', 1, '::1', '2020-12-29 13:24:02'),
(535, 19, 6, 68, 'สถานะการยืนยัน : ยังไม่ยืนยัน', 1, '::1', '2020-12-29 13:25:20'),
(536, 19, 3, 69, 'สถานะ : ยกเลิกข้อมูล', 1, '::1', '2020-12-29 13:25:25'),
(537, 19, 5, 66, 'สถานะการยืนยัน(OP) : ยืนยันแล้ว', 1, '::1', '2020-12-29 13:25:52'),
(538, 19, 5, 67, 'สถานะการยืนยัน(OP) : ยืนยันแล้ว', 1, '::1', '2020-12-29 13:25:55'),
(539, 19, 6, 66, 'สถานะการยืนยัน(OP) : ยกเลิกการยืนยันแล้ว', 1, '::1', '2020-12-29 13:27:42'),
(540, 19, 6, 67, 'สถานะการยืนยัน(OP) : ยกเลิกการยืนยันแล้ว', 1, '::1', '2020-12-29 13:27:47'),
(541, 19, 2, 0, 'สถานะ : ยกเลิก\n', 1, '::1', '2020-12-29 13:28:04'),
(542, 19, 2, 0, 'สถานะ : ออนไลน์\n', 1, '::1', '2020-12-29 13:28:16'),
(543, 14, 1, 70, 'ไม่ระบุวันที่ : ไม่ใช่\nวันที่เที่ยว / วันที่เดินทาง : 01 December 2020\nผู้ใหญ่ : 2 คน\nเด็ก : - คน\nทารก : - คน\nFOC : - คน\nเพิ่มรถรับส่ง : ไม่ใช่\nสถานที่รับ : N/A\nสถานที่ส่ง : N/A\nโซน : -\nห้องพัก : -\nชาวต่างชาติ : ไม่มี\nจำนวนชาวต่างชาติ : - คน\nราคาเพิ่มเติมสำหรับชาวต่างชาติ : 0 บาท\nราคาสำหรับแก้ไข : 12,000 บาท\nหมายเหตุ : \n\n', 1, '::1', '2021-01-06 15:22:47'),
(544, 14, 1, 71, 'ไม่ระบุวันที่ : ไม่ใช่\nวันที่เที่ยว / วันที่เดินทาง : 01 December 2020\nผู้ใหญ่ : 2 คน\nเด็ก : - คน\nทารก : - คน\nFOC : - คน\nเพิ่มรถรับส่ง : ไม่ใช่\nสถานที่รับ : N/A\nสถานที่ส่ง : N/A\nโซน : -\nห้องพัก : -\nชาวต่างชาติ : ไม่มี\nจำนวนชาวต่างชาติ : - คน\nราคาเพิ่มเติมสำหรับชาวต่างชาติ : 0 บาท\nราคาสำหรับแก้ไข : 7,000 บาท\nหมายเหตุ : \n\n', 1, '::1', '2021-01-06 15:47:44'),
(545, 14, 1, 72, 'ไม่ระบุวันที่ : ไม่ใช่\nวันที่เที่ยว / วันที่เดินทาง : 04 December 2020\nผู้ใหญ่ : 2 คน\nเด็ก : - คน\nทารก : - คน\nFOC : - คน\nเพิ่มรถรับส่ง : ใช่\nสถานที่รับ : ท่าเรือทับละมุ\nสถานที่ส่ง : ท่าเรือรัษฏา\nโซน : -\nห้องพัก : -\nชาวต่างชาติ : มี\nจำนวนชาวต่างชาติ : 2 คน\nราคาเพิ่มเติมสำหรับชาวต่างชาติ : 500 บาท\nราคาสำหรับแก้ไข : 2,500 บาท\nหมายเหตุ : \n\n', 1, '::1', '2021-01-06 15:48:39'),
(546, 14, 1, 73, 'ไม่ระบุวันที่ : ไม่ใช่\nวันที่เที่ยว / วันที่เดินทาง : 04 December 2020\nผู้ใหญ่ : 1 คน\nเด็ก : 2 คน\nทารก : - คน\nFOC : - คน\nเพิ่มรถรับส่ง : ไม่ใช่\nสถานที่รับ : ท่าเรือทับละมุ\nสถานที่ส่ง : ท่าเรือรัษฏา\nโซน : กะทู้\nห้องพัก : -\nชาวต่างชาติ : ไม่มี\nจำนวนชาวต่างชาติ : - คน\nราคาเพิ่มเติมสำหรับชาวต่างชาติ : 0 บาท\nราคาสำหรับแก้ไข : 1,400 บาท\nหมายเหตุ : \n\n', 1, '::1', '2021-01-06 15:49:20'),
(547, 14, 1, 74, 'ไม่ระบุวันที่ : ไม่ใช่\nวันที่เที่ยว / วันที่เดินทาง : 05 December 2020\nผู้ใหญ่ : 2 คน\nเด็ก : - คน\nทารก : - คน\nFOC : - คน\nสถานที่รับ : ท่าเรือทับละมุ\nสถานที่ส่ง : หาดกะตะ\nโซน : กะตะ\nห้องพัก : -\nจำนวนคัน : 2 คัน\nจำนวนชั่วโมง : 3 ชั่วโมง\nเวลารับ : 15:55\nเวลาส่ง : 18:55\nราคาสำหรับแก้ไข : 2,400 บาท\nหมายเหตุ : \n\n', 1, '::1', '2021-01-06 15:55:51'),
(548, 14, 1, 75, 'ไม่ระบุวันที่ : ไม่ใช่\nวันที่เที่ยว / วันที่เดินทาง : 05 December 2020\nผู้ใหญ่ : 1 คน\nเด็ก : 2 คน\nทารก : - คน\nFOC : - คน\nสถานที่รับ : ท่าเรือรัษฏา\nสถานที่ส่ง : ท่าเรือทับละมุ\nโซน : กมลา\nห้องพัก : -\nจำนวนคัน : 1 คัน\nจำนวนชั่วโมง : 2 ชั่วโมง\nเวลารับ : 15:55\nเวลาส่ง : 17:55\nราคาสำหรับแก้ไข : 1,200 บาท\nหมายเหตุ : \n\n', 1, '::1', '2021-01-06 15:56:27'),
(549, 14, 1, 76, 'ไม่ระบุวันที่ : ไม่ใช่\nวันที่เช็คอิน : 01 December 2020\nวันที่เช็คเอาท์ : 03 December 2020\nผู้ใหญ่ : 2 คน\nเด็ก : - คน\nทารก : - คน\nFOC : - คน\nสถานที่รับ : หาดกะตะ\nสถานที่ส่ง : ท่าเรือทับละมุ\nโซน : กะตะ\nห้องพัก : -\nจำนวนห้อง : 1 ห้อง\nจำนวนเตียงเสริม : - เตียง\nจำนวนแชร์เตียง : - เตียง\nราคาสำหรับแก้ไข : 2,400 บาท\nหมายเหตุ : \n\n', 1, '::1', '2021-01-06 15:57:19'),
(550, 14, 1, 77, 'ไม่ระบุวันที่ : ไม่ใช่\nวันที่เช็คอิน : 01 December 2020\nวันที่เช็คเอาท์ : 03 December 2020\nผู้ใหญ่ : 1 คน\nเด็ก : 2 คน\nทารก : - คน\nFOC : - คน\nสถานที่รับ : หาดป่าตอง\nสถานที่ส่ง : ท่าเรือรัษฏา\nโซน : นาคาเลย์\nห้องพัก : -\nจำนวนห้อง : 1 ห้อง\nจำนวนเตียงเสริม : - เตียง\nจำนวนแชร์เตียง : - เตียง\nราคาสำหรับแก้ไข : 2,400 บาท\nหมายเหตุ : \n\n', 1, '::1', '2021-01-06 15:58:03'),
(551, 14, 1, 78, 'ไม่ระบุวันที่ : ไม่ใช่\nวันที่เที่ยว / วันที่เดินทาง : 05 October 2020\nผู้ใหญ่ : 2 คน\nเด็ก : - คน\nทารก : - คน\nFOC : - คน\nเพิ่มรถรับส่ง : ไม่ใช่\nสถานที่รับ : N/A\nสถานที่ส่ง : N/A\nโซน : -\nห้องพัก : -\nชาวต่างชาติ : ไม่มี\nจำนวนชาวต่างชาติ : - คน\nราคาเพิ่มเติมสำหรับชาวต่างชาติ : 0 บาท\nราคาสำหรับแก้ไข : 7,000 บาท\nหมายเหตุ : \n\n', 1, '::1', '2021-01-06 17:02:09'),
(552, 14, 5, 70, 'สถานะการยืนยัน : ยืนยันแล้ว </br>ยืนยันโดย : Admin', 1, '::1', '2021-01-07 10:10:45'),
(553, 14, 5, 78, 'สถานะการยืนยัน : ยืนยันแล้ว </br>ยืนยันโดย : Admin', 1, '::1', '2021-01-07 10:10:53'),
(554, 14, 5, 71, 'สถานะการยืนยัน : ยืนยันแล้ว </br>ยืนยันโดย : Admin', 1, '::1', '2021-01-07 10:10:58'),
(555, 14, 5, 72, 'สถานะการยืนยัน : ยืนยันแล้ว </br>ยืนยันโดย : Admin', 1, '::1', '2021-01-07 10:11:04'),
(556, 14, 5, 73, 'สถานะการยืนยัน : ยืนยันแล้ว </br>ยืนยันโดย : Admin', 1, '::1', '2021-01-07 10:11:10'),
(557, 14, 5, 74, 'สถานะการยืนยัน : ยืนยันแล้ว </br>ยืนยันโดย : Admin', 1, '::1', '2021-01-07 10:11:17'),
(558, 14, 5, 75, 'สถานะการยืนยัน : ยืนยันแล้ว </br>ยืนยันโดย : Admin', 1, '::1', '2021-01-07 10:11:23'),
(559, 14, 5, 76, 'สถานะการยืนยัน : ยืนยันแล้ว </br>ยืนยันโดย : Admin', 1, '::1', '2021-01-07 10:11:28'),
(560, 14, 5, 77, 'สถานะการยืนยัน : ยืนยันแล้ว </br>ยืนยันโดย : Admin', 1, '::1', '2021-01-07 10:11:34'),
(561, 14, 2, 70, 'ผู้ใหญ่ : 3 คน\nหมายเหตุ : \n\n', 1, '::1', '2021-01-07 12:03:46'),
(562, 14, 2, 78, 'หมายเหตุ : \n\n', 1, '::1', '2021-01-07 12:12:26'),
(563, 14, 2, 70, 'หมายเหตุ : \n\n', 1, '::1', '2021-01-07 12:12:52'),
(564, 14, 2, 70, 'หมายเหตุ : \n\n', 1, '::1', '2021-01-07 12:16:00'),
(565, 14, 2, 78, 'ราคาสำหรับแก้ไข : 8,000 บาท\nหมายเหตุ : \n\n', 1, '::1', '2021-01-07 12:16:24'),
(566, 14, 2, 78, 'ราคาสำหรับแก้ไข : 12,000 บาท\nหมายเหตุ : \n\n', 1, '::1', '2021-01-07 12:17:07'),
(567, 14, 2, 78, 'หมายเหตุ : \n\n', 1, '::1', '2021-01-07 12:17:15'),
(568, 14, 2, 78, 'หมายเหตุ : \n\n', 1, '::1', '2021-01-07 12:17:40'),
(569, 14, 2, 78, 'หมายเหตุ : \n\n', 1, '::1', '2021-01-07 12:17:44'),
(570, 14, 2, 78, 'หมายเหตุ : \n\n', 1, '::1', '2021-01-07 12:18:28'),
(571, 14, 2, 78, 'หมายเหตุ : \n\n', 1, '::1', '2021-01-07 12:20:06'),
(572, 14, 2, 71, 'ราคาสำหรับแก้ไข : 12,000 บาท\nหมายเหตุ : \n\n', 1, '::1', '2021-01-07 12:21:02'),
(573, 14, 2, 71, 'หมายเหตุ : \n\n', 1, '::1', '2021-01-07 12:21:17'),
(574, 14, 2, 71, 'หมายเหตุ : \n\n', 1, '::1', '2021-01-07 12:23:07'),
(575, 14, 2, 71, 'ราคาสำหรับแก้ไข : 7,000 บาท\nหมายเหตุ : \n\n', 1, '::1', '2021-01-07 12:24:14'),
(576, 14, 2, 71, 'หมายเหตุ : \n\n', 1, '::1', '2021-01-07 12:24:49'),
(577, 14, 2, 71, 'หมายเหตุ : \n\n', 1, '::1', '2021-01-07 12:27:11'),
(578, 14, 2, 71, 'ราคาสำหรับแก้ไข : 100,000 บาท\nหมายเหตุ : \n\n', 1, '::1', '2021-01-07 12:27:49'),
(579, 14, 2, 71, 'หมายเหตุ : \n\n', 1, '::1', '2021-01-07 12:31:24'),
(580, 14, 2, 71, 'หมายเหตุ : \n\n', 1, '::1', '2021-01-07 12:34:20'),
(581, 14, 2, 71, 'ราคาสำหรับแก้ไข : 12,000 บาท\nหมายเหตุ : \n\n', 1, '::1', '2021-01-07 12:34:58'),
(582, 14, 1, 79, 'ไม่ระบุวันที่ : ไม่ใช่\nวันที่เที่ยว / วันที่เดินทาง : 10 January 2021\nผู้ใหญ่ : 2 คน\nเด็ก : - คน\nทารก : - คน\nFOC : 2 คน\nเพิ่มรถรับส่ง : ใช่\nสถานที่รับ : ท่าเรือฉลอง\nสถานที่ส่ง : หาดกะตะ\nโซน : -\nห้องพัก : -\nชาวต่างชาติ : ไม่มี\nจำนวนชาวต่างชาติ : - คน\nราคาเพิ่มเติมสำหรับชาวต่างชาติ : 0 บาท\nราคาสำหรับแก้ไข : 13,400 บาท\nหมายเหตุ : \n\n', 1, '::1', '2021-01-07 12:35:47'),
(583, 14, 2, 71, 'สถานที่รับ : ท่าเรือรัษฏา\nสถานที่ส่ง : ท่าเรือทับละมุ\nหมายเหตุ : \n\n', 1, '::1', '2021-01-07 12:36:09'),
(584, 14, 2, 70, 'สถานที่รับ : หาดป่าตอง\nสถานที่ส่ง : ท่าเรือรัษฏา\nหมายเหตุ : \n\n', 1, '::1', '2021-01-07 12:36:21'),
(585, 14, 2, 78, 'สถานที่รับ : หาดกะตะ\nสถานที่ส่ง : หาดป่าตอง\nราคาสำหรับแก้ไข : 7,000 บาท\nหมายเหตุ : \n\n', 1, '::1', '2021-01-07 12:36:45'),
(586, 14, 5, 79, 'สถานะการยืนยัน : ยืนยันแล้ว </br>ยืนยันโดย : Admin', 1, '::1', '2021-01-07 12:41:21'),
(587, 14, 2, 79, 'วันที่เที่ยว / วันที่เดินทาง : 09 January 2021\nหมายเหตุ : \n\n', 1, '::1', '2021-01-07 12:41:32'),
(588, 14, 2, 72, 'วันที่เที่ยว / วันที่เดินทาง : 17 January 2021\nหมายเหตุ : \n\n', 1, '::1', '2021-01-07 14:10:38'),
(589, 14, 2, 73, 'วันที่เที่ยว / วันที่เดินทาง : 16 January 2021\nหมายเหตุ : \n\n', 1, '::1', '2021-01-07 14:11:04'),
(590, 14, 2, 74, 'วันที่เที่ยว / วันที่เดินทาง : 13 January 2021\nราคาสำหรับแก้ไข : 1,000 บาท\nหมายเหตุ : \n\n', 1, '::1', '2021-01-07 14:58:54'),
(591, 14, 2, 75, 'วันที่เที่ยว / วันที่เดินทาง : 21 January 2021\nราคาสำหรับแก้ไข : 500 บาท\nหมายเหตุ : \n\n', 1, '::1', '2021-01-07 15:25:42'),
(592, 14, 2, 76, 'วันที่เช็คอิน : 04 January 2021\nวันที่เช็คเอาท์ : 07 January 2021\nราคาสำหรับแก้ไข : 3,600 บาท\nหมายเหตุ : \n\n', 1, '::1', '2021-01-07 15:28:00'),
(593, 14, 2, 77, 'วันที่เช็คอิน : 24 January 2021\nวันที่เช็คเอาท์ : 26 January 2021\nราคาสำหรับแก้ไข : 8,000 บาท\nหมายเหตุ : \n\n', 1, '::1', '2021-01-07 15:28:25'),
(594, 14, 2, 76, 'วันที่เช็คอิน : 18 January 2021\nวันที่เช็คเอาท์ : 20 January 2021\nราคาสำหรับแก้ไข : 2,400 บาท\nหมายเหตุ : \n\n', 1, '::1', '2021-01-07 15:34:01'),
(595, 14, 2, 71, 'วันที่เที่ยว / วันที่เดินทาง : 10 January 2021\nสถานที่ส่ง : หาดกะตะ\nหมายเหตุ : \n\n', 1, '::1', '2021-01-07 15:38:16'),
(596, 14, 2, 70, 'วันที่เที่ยว / วันที่เดินทาง : 12 January 2021\nสถานที่ส่ง : หาดกะตะ\nหมายเหตุ : \n\n', 1, '::1', '2021-01-07 15:38:28'),
(597, 14, 5, 78, 'สถานะการยืนยัน(OP) : ยืนยันแล้ว', 1, '::1', '2021-01-07 15:39:44'),
(598, 14, 5, 70, 'สถานะการยืนยัน(OP) : ยืนยันแล้ว', 1, '::1', '2021-01-07 15:39:47'),
(599, 14, 5, 71, 'สถานะการยืนยัน(OP) : ยืนยันแล้ว', 1, '::1', '2021-01-07 15:39:49'),
(600, 14, 5, 79, 'สถานะการยืนยัน(OP) : ยืนยันแล้ว', 1, '::1', '2021-01-07 15:39:52'),
(601, 14, 5, 72, 'สถานะการยืนยัน(OP) : ยืนยันแล้ว', 1, '::1', '2021-01-07 15:39:55'),
(602, 14, 5, 73, 'สถานะการยืนยัน(OP) : ยืนยันแล้ว', 1, '::1', '2021-01-07 15:39:58'),
(603, 14, 5, 75, 'สถานะการยืนยัน(OP) : ยืนยันแล้ว', 1, '::1', '2021-01-07 15:40:01'),
(604, 14, 5, 74, 'สถานะการยืนยัน(OP) : ยืนยันแล้ว', 1, '::1', '2021-01-07 15:40:04'),
(605, 14, 5, 77, 'สถานะการยืนยัน(OP) : ยืนยันแล้ว', 1, '::1', '2021-01-07 15:40:07'),
(606, 14, 5, 76, 'สถานะการยืนยัน(OP) : ยืนยันแล้ว', 1, '::1', '2021-01-07 15:40:10'),
(607, 14, 6, 70, 'สถานะการยืนยัน(OP) : ยกเลิกการยืนยันแล้ว', 1, '::1', '2021-01-07 17:26:19'),
(608, 14, 6, 71, 'สถานะการยืนยัน(OP) : ยกเลิกการยืนยันแล้ว', 1, '::1', '2021-01-07 17:26:22'),
(609, 14, 6, 79, 'สถานะการยืนยัน(OP) : ยกเลิกการยืนยันแล้ว', 1, '::1', '2021-01-07 17:26:24'),
(610, 14, 2, 79, 'วันที่เที่ยว / วันที่เดินทาง : 08 January 2021\nหมายเหตุ : \n\n', 1, '::1', '2021-01-07 17:26:36'),
(611, 14, 1, 80, 'ไม่ระบุวันที่ : ไม่ใช่\nวันที่เที่ยว / วันที่เดินทาง : 17 January 2021\nผู้ใหญ่ : 2 คน\nเด็ก : - คน\nทารก : - คน\nFOC : - คน\nสถานที่รับ : ท่าเรือรัษฏา\nสถานที่ส่ง : หาดกะตะ\nโซน : -\nห้องพัก : -\nจำนวนคัน : 3 คัน\nจำนวนชั่วโมง : 1 ชั่วโมง\nเวลารับ : 17:27\nเวลาส่ง : 18:27\nราคาสำหรับแก้ไข : 1,500 บาท\nหมายเหตุ : \n\n', 1, '::1', '2021-01-07 17:27:37'),
(612, 14, 2, 80, 'วันที่เที่ยว / วันที่เดินทาง : 17 January 2021\nราคาสำหรับแก้ไข : 8,000 บาท\nหมายเหตุ : \n\n', 1, '::1', '2021-01-07 17:36:02'),
(613, 14, 2, 80, 'วันที่เที่ยว / วันที่เดินทาง : 17 January 2021\nหมายเหตุ : \n\n', 1, '::1', '2021-01-07 17:36:40'),
(614, 14, 2, 80, 'วันที่เที่ยว / วันที่เดินทาง : 17 January 2021\nหมายเหตุ : \n\n', 1, '::1', '2021-01-07 17:38:04'),
(615, 14, 2, 80, 'วันที่เที่ยว / วันที่เดินทาง : 17 January 2021\nหมายเหตุ : \n\n', 1, '::1', '2021-01-07 17:39:15'),
(616, 14, 2, 80, 'วันที่เที่ยว / วันที่เดินทาง : 17 January 2021\nหมายเหตุ : \n\n', 1, '::1', '2021-01-07 17:42:44'),
(617, 14, 2, 80, 'วันที่เที่ยว / วันที่เดินทาง : 17 January 2021\nหมายเหตุ : \n\n', 1, '::1', '2021-01-07 17:42:58'),
(618, 14, 2, 80, 'วันที่เที่ยว / วันที่เดินทาง : 17 January 2021\nหมายเหตุ : \n\n', 1, '::1', '2021-01-07 17:43:46'),
(619, 14, 2, 80, 'หมายเหตุ : \n\n', 1, '::1', '2021-01-07 17:44:48'),
(620, 14, 2, 80, 'หมายเหตุ : \n\n', 1, '::1', '2021-01-07 17:45:30'),
(621, 14, 2, 80, 'วันที่เที่ยว / วันที่เดินทาง : 18 January 2021\nหมายเหตุ : \n\n', 1, '::1', '2021-01-07 17:46:06'),
(622, 14, 2, 80, 'หมายเหตุ : \n\n', 1, '::1', '2021-01-07 17:46:14'),
(623, 14, 2, 80, 'วันที่เที่ยว / วันที่เดินทาง : 17 January 2021\nหมายเหตุ : \n\n', 1, '::1', '2021-01-07 17:46:23'),
(624, 14, 2, 80, 'หมายเหตุ : \n\n', 1, '::1', '2021-01-07 17:49:45'),
(625, 14, 6, 78, 'สถานะการยืนยัน(OP) : ยกเลิกการยืนยันแล้ว', 1, '::1', '2021-01-07 17:53:54'),
(626, 14, 6, 72, 'สถานะการยืนยัน(OP) : ยกเลิกการยืนยันแล้ว', 1, '::1', '2021-01-07 17:53:56'),
(627, 14, 6, 73, 'สถานะการยืนยัน(OP) : ยกเลิกการยืนยันแล้ว', 1, '::1', '2021-01-07 17:53:58'),
(628, 14, 6, 77, 'สถานะการยืนยัน(OP) : ยกเลิกการยืนยันแล้ว', 1, '::1', '2021-01-07 17:54:01'),
(629, 14, 6, 76, 'สถานะการยืนยัน(OP) : ยกเลิกการยืนยันแล้ว', 1, '::1', '2021-01-07 17:54:04'),
(630, 14, 2, 71, 'วันที่เที่ยว / วันที่เดินทาง : 14 January 2021\nหมายเหตุ : \n\n', 1, '::1', '2021-01-07 17:54:25'),
(631, 14, 2, 73, 'วันที่เที่ยว / วันที่เดินทาง : 15 January 2021\nหมายเหตุ : \n\n', 1, '::1', '2021-01-07 17:54:47'),
(632, 14, 2, 77, 'วันที่เช็คอิน : 25 January 2021\nวันที่เช็คเอาท์ : 26 January 2021\nราคาสำหรับแก้ไข : 4,000 บาท\nหมายเหตุ : \n\n', 1, '::1', '2021-01-07 17:55:17'),
(633, 14, 2, 76, 'วันที่เช็คอิน : 18 January 2021\nวันที่เช็คเอาท์ : 21 January 2021\nหมายเหตุ : \n\n', 1, '::1', '2021-01-07 17:55:26'),
(634, 14, 1, 81, 'ไม่ระบุวันที่ : ไม่ใช่\nวันที่เที่ยว / วันที่เดินทาง : 27 January 2021\nผู้ใหญ่ : 2 คน\nเด็ก : - คน\nทารก : - คน\nFOC : - คน\nสถานที่รับ : N/A\nสถานที่ส่ง : N/A\nโซน : -\nห้องพัก : -\nจำนวนคัน : 1 คัน\nจำนวนชั่วโมง : 11 ชั่วโมง\nเวลารับ : 17:55\nเวลาส่ง : 04:55\nราคาสำหรับแก้ไข : 8,400 บาท\nหมายเหตุ : \n\n', 1, '::1', '2021-01-07 17:56:17'),
(635, 14, 5, 80, 'สถานะการยืนยัน : ยืนยันแล้ว </br>ยืนยันโดย : Admin', 1, '::1', '2021-01-07 17:56:32'),
(636, 14, 5, 81, 'สถานะการยืนยัน : ยืนยันแล้ว </br>ยืนยันโดย : Admin', 1, '::1', '2021-01-07 17:56:37'),
(637, 14, 5, 76, 'สถานะการยืนยัน(OP) : ยืนยันแล้ว', 1, '::1', '2021-01-11 13:01:49'),
(638, 14, 5, 77, 'สถานะการยืนยัน(OP) : ยืนยันแล้ว', 1, '::1', '2021-01-11 13:01:52'),
(639, 14, 5, 72, 'สถานะการยืนยัน(OP) : ยืนยันแล้ว', 1, '::1', '2021-01-11 13:01:57'),
(640, 14, 5, 73, 'สถานะการยืนยัน(OP) : ยืนยันแล้ว', 1, '::1', '2021-01-11 13:01:59'),
(641, 14, 5, 71, 'สถานะการยืนยัน(OP) : ยืนยันแล้ว', 1, '::1', '2021-01-11 13:02:03'),
(642, 14, 5, 70, 'สถานะการยืนยัน(OP) : ยืนยันแล้ว', 1, '::1', '2021-01-11 13:02:05'),
(643, 19, 1, 82, 'ไม่ระบุวันที่ : ไม่ใช่\nวันที่เที่ยว / วันที่เดินทาง : 16 April 2021\nผู้ใหญ่ : 1 คน\nเด็ก : - คน\nทารก : - คน\nFOC : - คน\nเพิ่มรถรับส่ง : ไม่ใช่\nสถานที่รับ : N/A\nสถานที่ส่ง : N/A\nโซน : -\nห้องพัก : -\nชาวต่างชาติ : ไม่มี\nจำนวนชาวต่างชาติ : - คน\nราคาเพิ่มเติมสำหรับชาวต่างชาติ : 0 บาท\nราคาสำหรับแก้ไข : 4,700 บาท\nหมายเหตุ : \n\n', 1, '::1', '2021-04-16 14:58:13'),
(644, 19, 1, 83, 'ไม่ระบุวันที่ : ไม่ใช่\nวันที่เที่ยว / วันที่เดินทาง : 17 April 2021\nผู้ใหญ่ : 1 คน\nเด็ก : - คน\nทารก : - คน\nFOC : - คน\nเพิ่มรถรับส่ง : ไม่ใช่\nสถานที่รับ : N/A\nสถานที่ส่ง : N/A\nโซน : -\nห้องพัก : -\nชาวต่างชาติ : ไม่มี\nจำนวนชาวต่างชาติ : - คน\nราคาเพิ่มเติมสำหรับชาวต่างชาติ : 0 บาท\nราคาสำหรับแก้ไข : 4,700 บาท\nหมายเหตุ : \n\n', 1, '::1', '2021-04-16 14:58:31'),
(645, 19, 5, 82, 'สถานะการยืนยัน : ยืนยันแล้ว </br>ยืนยันโดย : 55', 1, '::1', '2021-04-16 15:15:17'),
(646, 19, 6, 82, 'สถานะการยืนยัน : ยังไม่ยืนยัน', 1, '::1', '2021-04-16 15:15:23'),
(647, 19, 5, 82, 'สถานะการยืนยัน : ยืนยันแล้ว </br>ยืนยันโดย : 555', 1, '::1', '2021-04-16 15:30:07'),
(648, 19, 5, 82, 'สถานะการยืนยัน(OP) : ยืนยันแล้ว', 1, '::1', '2021-04-16 15:30:12'),
(649, 19, 6, 82, 'สถานะการยืนยัน(OP) : ยกเลิกการยืนยันแล้ว', 1, '::1', '2021-04-16 15:30:23'),
(650, 19, 5, 83, 'สถานะการยืนยัน : ยืนยันแล้ว </br>ยืนยันโดย : admin', 1, '::1', '2021-04-16 16:26:03'),
(651, 19, 2, 82, 'สถานที่รับ : ท่าเรือฉลอง\nสถานที่ส่ง : ท่าเรือทับละมุ\nหมายเหตุ : \n\n', 1, '::1', '2021-04-16 16:26:33'),
(652, 19, 2, 83, 'สถานที่รับ : ท่าเรือฉลอง\nสถานที่ส่ง : ท่าเรือทับละมุ\nหมายเหตุ : \n\n', 1, '::1', '2021-04-16 16:26:39'),
(653, 19, 2, 83, 'สถานที่ส่ง : หาดในหาน\nหมายเหตุ : \n\n', 1, '::1', '2021-04-16 16:27:42'),
(654, 18, 1, 84, 'ไม่ระบุวันที่ : ไม่ใช่\nวันที่เที่ยว / วันที่เดินทาง : 01 December 2020\nผู้ใหญ่ : 2 คน\nเด็ก : - คน\nทารก : - คน\nFOC : - คน\nเพิ่มรถรับส่ง : ไม่ใช่\nสถานที่รับ : N/A\nสถานที่ส่ง : N/A\nโซน : -\nห้องพัก : -\nชาวต่างชาติ : ไม่มี\nจำนวนชาวต่างชาติ : - คน\nราคาเพิ่มเติมสำหรับชาวต่างชาติ : 0 บาท\nราคาสำหรับแก้ไข : 7,000 บาท\nหมายเหตุ : \n\n', 1, '::1', '2021-04-19 12:56:57'),
(655, 18, 5, 84, 'สถานะการยืนยัน : ยืนยันแล้ว </br>ยืนยันโดย : Admin', 1, '::1', '2021-04-19 12:57:09'),
(656, 18, 2, 84, 'สถานที่รับ : ท่าเรือฉลอง\nสถานที่ส่ง : หาดกะตะ\nหมายเหตุ : \n\n', 1, '::1', '2021-04-19 15:19:14'),
(657, 17, 1, 85, 'ไม่ระบุวันที่ : ไม่ใช่\nวันที่เที่ยว / วันที่เดินทาง : 01 December 2020\nผู้ใหญ่ : 3 คน\nเด็ก : 2 คน\nทารก : - คน\nFOC : - คน\nเพิ่มรถรับส่ง : ไม่ใช่\nสถานที่รับ : ท่าเรือฉลอง\nสถานที่ส่ง : หาดกะตะ\nโซน : -\nห้องพัก : -\nชาวต่างชาติ : ไม่มี\nจำนวนชาวต่างชาติ : - คน\nราคาเพิ่มเติมสำหรับชาวต่างชาติ : 0 บาท\nราคาสำหรับแก้ไข : 21,700 บาท\nหมายเหตุ : \n\n', 1, '::1', '2021-04-19 15:49:36'),
(658, 17, 1, 86, 'ไม่ระบุวันที่ : ไม่ใช่\nวันที่เที่ยว / วันที่เดินทาง : 01 December 2020\nผู้ใหญ่ : 2 คน\nเด็ก : - คน\nทารก : - คน\nFOC : - คน\nเพิ่มรถรับส่ง : ไม่ใช่\nสถานที่รับ : หาดป่าตอง\nสถานที่ส่ง : หาดกะตะ\nโซน : -\nห้องพัก : -\nชาวต่างชาติ : ไม่มี\nจำนวนชาวต่างชาติ : - คน\nราคาเพิ่มเติมสำหรับชาวต่างชาติ : 0 บาท\nราคาสำหรับแก้ไข : 8,000 บาท\nหมายเหตุ : \n\n', 1, '::1', '2021-04-19 16:01:59'),
(659, 17, 2, 86, 'สถานที่ส่ง : โบ๊ทลากูน\nหมายเหตุ : \n\n', 1, '::1', '2021-04-19 16:02:16'),
(660, 17, 2, 86, 'สถานที่ส่ง : หาดกะตะ\nหมายเหตุ : \n\n', 1, '::1', '2021-04-19 16:08:58'),
(661, 17, 2, 86, 'สถานที่ส่ง : โบ๊ทลากูน\nหมายเหตุ : \n\n', 1, '::1', '2021-04-19 16:09:06'),
(662, 18, 2, 84, 'สถานที่รับ : โลตัสถลาง\nหมายเหตุ : \n\n', 1, '::1', '2021-04-19 16:38:22'),
(663, 18, 2, 63, 'หมายเลขรถ/ป้ายทะเบียนรถ : P9', 1, '::1', '2021-04-19 16:43:37'),
(664, 9, 1, 87, 'ไม่ระบุวันที่ : ไม่ใช่\nวันที่เที่ยว / วันที่เดินทาง : 02 December 2020\nผู้ใหญ่ : 2 คน\nเด็ก : 1 คน\nทารก : - คน\nFOC : - คน\nเพิ่มรถรับส่ง : ไม่ใช่\nสถานที่รับ : ท่าเรือฉลอง\nสถานที่ส่ง : โลตัสถลาง\nโซน : กู้กู\nห้องพัก : -\nชาวต่างชาติ : ไม่มี\nจำนวนชาวต่างชาติ : - คน\nราคาเพิ่มเติมสำหรับชาวต่างชาติ : 0 บาท\nราคาสำหรับแก้ไข : 12,000 บาท\nหมายเหตุ : \n\n', 1, '::1', '2021-04-20 16:42:21'),
(665, 9, 1, 88, 'ไม่ระบุวันที่ : ไม่ใช่\nวันที่เที่ยว / วันที่เดินทาง : 02 December 2020\nผู้ใหญ่ : 3 คน\nเด็ก : - คน\nทารก : - คน\nFOC : - คน\nเพิ่มรถรับส่ง : ไม่ใช่\nสถานที่รับ : ท่าเรือฉลอง\nสถานที่ส่ง : ท่าเรือทับละมุ\nโซน : กะตะ\nห้องพัก : -\nชาวต่างชาติ : ไม่มี\nจำนวนชาวต่างชาติ : - คน\nราคาเพิ่มเติมสำหรับชาวต่างชาติ : 0 บาท\nราคาสำหรับแก้ไข : 14,100 บาท\nหมายเหตุ : \n\n', 1, '::1', '2021-04-20 16:43:07'),
(666, 10, 1, 89, 'ไม่ระบุวันที่ : ไม่ใช่\nวันที่เที่ยว / วันที่เดินทาง : 02 December 2020\nผู้ใหญ่ : 2 คน\nเด็ก : 1 คน\nทารก : - คน\nFOC : - คน\nเพิ่มรถรับส่ง : ไม่ใช่\nสถานที่รับ : ท่าเรือรัษฏา\nสถานที่ส่ง : ท่าเรือทับละมุ\nโซน : ฉลอง\nห้องพัก : -\nชาวต่างชาติ : ไม่มี\nจำนวนชาวต่างชาติ : - คน\nราคาเพิ่มเติมสำหรับชาวต่างชาติ : 0 บาท\nราคาสำหรับแก้ไข : 13,200 บาท\nหมายเหตุ : \n\n', 1, '::1', '2021-04-20 16:43:56'),
(667, 7, 1, 90, 'ไม่ระบุวันที่ : ไม่ใช่\nวันที่เที่ยว / วันที่เดินทาง : 02 December 2020\nผู้ใหญ่ : 4 คน\nเด็ก : - คน\nทารก : - คน\nFOC : - คน\nเพิ่มรถรับส่ง : ไม่ใช่\nสถานที่รับ : หาดป่าตอง\nสถานที่ส่ง : ท่าเรือทับละมุ\nโซน : เมือง\nห้องพัก : -\nชาวต่างชาติ : ไม่มี\nจำนวนชาวต่างชาติ : - คน\nราคาเพิ่มเติมสำหรับชาวต่างชาติ : 0 บาท\nราคาสำหรับแก้ไข : 400 บาท\nหมายเหตุ : \n\n', 1, '::1', '2021-04-20 16:44:38'),
(668, 2, 1, 91, 'ไม่ระบุวันที่ : ไม่ใช่\nวันที่เที่ยว / วันที่เดินทาง : 02 December 2020\nผู้ใหญ่ : 5 คน\nเด็ก : 2 คน\nทารก : - คน\nFOC : - คน\nเพิ่มรถรับส่ง : ไม่ใช่\nสถานที่รับ : ท่าเรือรัษฏา\nสถานที่ส่ง : ท่าเรือทับละมุ\nโซน : ป่าคลอก\nห้องพัก : -\nชาวต่างชาติ : ไม่มี\nจำนวนชาวต่างชาติ : - คน\nราคาเพิ่มเติมสำหรับชาวต่างชาติ : 0 บาท\nราคาสำหรับแก้ไข : 31,100 บาท\nหมายเหตุ : \n\n', 1, '::1', '2021-04-20 16:45:32'),
(669, 7, 5, 90, 'สถานะการยืนยัน : ยืนยันแล้ว </br>ยืนยันโดย : Admin', 1, '::1', '2021-04-20 17:46:13'),
(670, 2, 5, 91, 'สถานะการยืนยัน : ยืนยันแล้ว </br>ยืนยันโดย : Admin', 1, '::1', '2021-04-20 17:46:27'),
(671, 17, 5, 85, 'สถานะการยืนยัน : ยืนยันแล้ว </br>ยืนยันโดย : Admin', 1, '::1', '2021-04-20 17:46:50'),
(672, 17, 5, 86, 'สถานะการยืนยัน : ยืนยันแล้ว </br>ยืนยันโดย : Admin', 1, '::1', '2021-04-20 17:46:57'),
(673, 9, 5, 88, 'สถานะการยืนยัน : ยืนยันแล้ว </br>ยืนยันโดย : Admin', 1, '::1', '2021-04-20 17:47:05'),
(674, 9, 5, 87, 'สถานะการยืนยัน : ยืนยันแล้ว </br>ยืนยันโดย : Admin', 1, '::1', '2021-04-20 17:47:10'),
(675, 10, 5, 89, 'สถานะการยืนยัน : ยืนยันแล้ว </br>ยืนยันโดย : Admin', 1, '::1', '2021-04-20 17:47:16'),
(676, 9, 5, 88, 'สถานะการยืนยัน(OP) : ยืนยันแล้ว', 1, '::1', '2021-04-20 17:49:25'),
(677, 18, 1, 92, 'ไม่ระบุวันที่ : ไม่ใช่\nวันที่เที่ยว / วันที่เดินทาง : 27 April 2021\nผู้ใหญ่ : 2 คน\nเด็ก : - คน\nทารก : - คน\nFOC : - คน\nเพิ่มรถรับส่ง : ไม่ใช่\nสถานที่รับ : N/A\nสถานที่ส่ง : N/A\nโซน : -\nห้องพัก : -\nชาวต่างชาติ : ไม่มี\nจำนวนชาวต่างชาติ : - คน\nราคาเพิ่มเติมสำหรับชาวต่างชาติ : 0 บาท\nราคาสำหรับแก้ไข : 7,000 บาท\nหมายเหตุ : \n\n', 1, '::1', '2021-04-27 11:42:47'),
(678, 17, 1, 93, 'ไม่ระบุวันที่ : ไม่ใช่\nวันที่เที่ยว / วันที่เดินทาง : 04 May 2021\nผู้ใหญ่ : 4 คน\nเด็ก : 4 คน\nทารก : - คน\nFOC : - คน\nเพิ่มรถรับส่ง : ไม่ใช่\nสถานที่รับ : N/A\nสถานที่ส่ง : N/A\nโซน : -\nห้องพัก : -\nชาวต่างชาติ : ไม่มี\nจำนวนชาวต่างชาติ : - คน\nราคาเพิ่มเติมสำหรับชาวต่างชาติ : 0 บาท\nราคาสำหรับแก้ไข : 7,000 บาท\nหมายเหตุ : \n\n', 1, '::1', '2021-05-04 18:00:28'),
(679, 17, 1, 94, 'ไม่ระบุวันที่ : ไม่ใช่\nวันที่เที่ยว / วันที่เดินทาง : 04 May 2021\nผู้ใหญ่ : 2 คน\nเด็ก : - คน\nทารก : - คน\nFOC : - คน\nเพิ่มรถรับส่ง : ไม่ใช่\nสถานที่รับ : N/A\nสถานที่ส่ง : N/A\nโซน : -\nห้องพัก : -\nชาวต่างชาติ : ไม่มี\nจำนวนชาวต่างชาติ : - คน\nราคาเพิ่มเติมสำหรับชาวต่างชาติ : 0 บาท\nราคาสำหรับแก้ไข : 2,000 บาท\nหมายเหตุ : \n\n', 1, '::1', '2021-05-04 18:00:41'),
(680, 17, 1, 95, 'ไม่ระบุวันที่ : ไม่ใช่\nวันที่เที่ยว / วันที่เดินทาง : 04 May 2021\nผู้ใหญ่ : 2 คน\nเด็ก : - คน\nทารก : - คน\nFOC : - คน\nสถานที่รับ : N/A\nสถานที่ส่ง : N/A\nโซน : -\nห้องพัก : -\nจำนวนคัน : 1 คัน\nจำนวนชั่วโมง : 1 ชั่วโมง\nเวลารับ : 18:00\nเวลาส่ง : 19:00\nราคาสำหรับแก้ไข : 500 บาท\nหมายเหตุ : \n\n', 1, '::1', '2021-05-04 18:00:53'),
(681, 17, 1, 96, 'ไม่ระบุวันที่ : ไม่ใช่\nวันที่เช็คอิน : 04 May 2021\nวันที่เช็คเอาท์ : 05 May 2021\nผู้ใหญ่ : 5 คน\nเด็ก : 3 คน\nทารก : - คน\nFOC : - คน\nสถานที่รับ : N/A\nสถานที่ส่ง : N/A\nโซน : -\nห้องพัก : -\nจำนวนห้อง : 1 ห้อง\nจำนวนเตียงเสริม : - เตียง\nจำนวนแชร์เตียง : - เตียง\nราคาสำหรับแก้ไข : 1,500 บาท\nหมายเหตุ : \n\n', 1, '::1', '2021-05-04 18:01:11'),
(682, 17, 1, 97, 'ไม่ระบุวันที่ : ไม่ใช่\nวันที่เที่ยว / วันที่เดินทาง : 04 May 2021\nผู้ใหญ่ : 2 คน\nเด็ก : - คน\nทารก : - คน\nFOC : - คน\nเพิ่มรถรับส่ง : ไม่ใช่\nสถานที่รับ : N/A\nสถานที่ส่ง : N/A\nโซน : -\nห้องพัก : -\nชาวต่างชาติ : ไม่มี\nจำนวนชาวต่างชาติ : - คน\nราคาเพิ่มเติมสำหรับชาวต่างชาติ : 0 บาท\nราคาสำหรับแก้ไข : 7,000 บาท\nหมายเหตุ : \n\n', 1, '::1', '2021-05-04 18:01:41'),
(683, 17, 1, 98, 'ไม่ระบุวันที่ : ไม่ใช่\nวันที่เที่ยว / วันที่เดินทาง : 21 May 2021\nผู้ใหญ่ : 1 คน\nเด็ก : - คน\nทารก : - คน\nFOC : - คน\nสถานที่รับ : N/A\nสถานที่ส่ง : N/A\nโซน : -\nห้องพัก : -\nจำนวนคัน : 2 คัน\nจำนวนชั่วโมง : 1 ชั่วโมง\nเวลารับ : 14:49\nเวลาส่ง : 15:49\nราคาสำหรับแก้ไข : 4,000 บาท\nหมายเหตุ : \n\n', 1, '::1', '2021-05-21 14:52:44');

-- --------------------------------------------------------

--
-- Table structure for table `booking_products`
--

CREATE TABLE `booking_products` (
  `id` int(11) NOT NULL,
  `products_type` int(11) NOT NULL,
  `booking` int(11) NOT NULL,
  `date_not_specified` int(11) NOT NULL,
  `travel_date` date NOT NULL COMMENT 'Tour / Activities / Transfer',
  `checkin_date` date NOT NULL COMMENT 'Hotel',
  `checkout_date` date NOT NULL COMMENT 'Hotel',
  `products_category_first` int(11) NOT NULL,
  `products_category_second` int(11) NOT NULL,
  `products_category_third` int(11) NOT NULL,
  `products_category_third_combine` int(11) NOT NULL,
  `adults` int(11) NOT NULL,
  `children` int(11) NOT NULL,
  `infant` int(11) NOT NULL,
  `foc` int(11) NOT NULL,
  `transfer` int(11) NOT NULL COMMENT 'Tour / Activities',
  `no_cars` int(11) NOT NULL COMMENT 'Transfer',
  `no_hours` int(11) NOT NULL COMMENT 'Transfer',
  `no_rooms` int(11) NOT NULL COMMENT 'Hotel',
  `extra_beds` int(11) NOT NULL COMMENT 'Hotel',
  `share_bed` int(11) NOT NULL COMMENT 'Hotel',
  `pickup` int(11) NOT NULL COMMENT 'Tour / Activities / Transfer',
  `pickup_time` varchar(100) CHARACTER SET utf8 COLLATE utf8_unicode_ci NOT NULL COMMENT 'Transfer',
  `dropoff` int(11) NOT NULL COMMENT 'Tour / Activities / Transfer',
  `dropoff_time` varchar(100) CHARACTER SET utf8 COLLATE utf8_unicode_ci NOT NULL COMMENT 'Transfer',
  `vans` varchar(100) CHARACTER SET utf8 COLLATE utf8_unicode_ci NOT NULL COMMENT 'Tour / Activities / Transfer',
  `zones` int(11) NOT NULL COMMENT 'Tour / Activities / Transfer',
  `roomno` varchar(100) CHARACTER SET utf8 COLLATE utf8_unicode_ci NOT NULL COMMENT 'Tour / Activities / Transfer',
  `foreigner` int(11) NOT NULL COMMENT 'Tour / Activities',
  `foreigner_no` int(11) NOT NULL COMMENT 'Tour / Activities',
  `foreigner_price` double(15,2) NOT NULL COMMENT 'Tour / Activities',
  `rate_2` double(15,2) NOT NULL COMMENT '(Sale) Price for adult / car / room',
  `rate_4` double(15,2) NOT NULL COMMENT '(Sale) Price for child / Tour / Activities',
  `charter_2` double(15,2) NOT NULL COMMENT '(Sale) Price for charter / Tour',
  `group_2` double(15,2) NOT NULL COMMENT '(Sale) Price for group / Activities',
  `transfer_2` double(15,2) NOT NULL COMMENT '(Sale) Price for transfer / Tour / Activities',
  `extra_hour_2` double(15,2) NOT NULL COMMENT '(Sale) Price for extra hour / Transfer',
  `extrabeds_2` double(15,2) NOT NULL COMMENT '(Sale) Price for extra beds / Hotel',
  `sharingbed_2` double(15,2) NOT NULL COMMENT 'Sale) Price for sharing bed / Hotel',
  `price_default` double(15,2) NOT NULL,
  `price_latest` double(15,2) NOT NULL,
  `pax` int(11) NOT NULL,
  `hours_no` int(11) NOT NULL,
  `notes` text CHARACTER SET utf8 COLLATE utf8_unicode_ci NOT NULL,
  `edit_date` int(11) NOT NULL DEFAULT 2,
  `payments_invoice` int(11) NOT NULL,
  `status_email` int(11) NOT NULL,
  `status_confirm` int(11) NOT NULL,
  `status_confirm_by` varchar(200) CHARACTER SET utf8 COLLATE utf8_unicode_ci NOT NULL,
  `status_confirm_op` int(11) NOT NULL,
  `invoice` int(11) NOT NULL,
  `trash_deleted` int(11) NOT NULL,
  `create_date` datetime NOT NULL,
  `last_edit_time` datetime NOT NULL
) ENGINE=InnoDB DEFAULT CHARSET=utf8mb4 COLLATE=utf8mb4_unicode_ci;

--
-- Dumping data for table `booking_products`
--

INSERT INTO `booking_products` (`id`, `products_type`, `booking`, `date_not_specified`, `travel_date`, `checkin_date`, `checkout_date`, `products_category_first`, `products_category_second`, `products_category_third`, `products_category_third_combine`, `adults`, `children`, `infant`, `foc`, `transfer`, `no_cars`, `no_hours`, `no_rooms`, `extra_beds`, `share_bed`, `pickup`, `pickup_time`, `dropoff`, `dropoff_time`, `vans`, `zones`, `roomno`, `foreigner`, `foreigner_no`, `foreigner_price`, `rate_2`, `rate_4`, `charter_2`, `group_2`, `transfer_2`, `extra_hour_2`, `extrabeds_2`, `sharingbed_2`, `price_default`, `price_latest`, `pax`, `hours_no`, `notes`, `edit_date`, `payments_invoice`, `status_email`, `status_confirm`, `status_confirm_by`, `status_confirm_op`, `invoice`, `trash_deleted`, `create_date`, `last_edit_time`) VALUES
(1, 1, 1, 2, '2020-06-01', '2000-01-01', '2000-01-01', 11, 32, 0, 10, 4, 2, 0, 0, 1, 0, 0, 0, 0, 0, 0, '15:21', 0, '04:21 PM', '', 27, '', 2, 0, 0.00, 0.00, 0.00, 12000.00, 0.00, 600.00, 0.00, 0.00, 0.00, 15600.00, 15600.00, 12, 0, '', 2, 0, 2, 1, 'Admin', 1, 1, 0, '2020-06-11 15:22:35', '2020-08-17 17:29:41'),
(2, 4, 1, 2, '2000-01-01', '2020-02-05', '2020-02-08', 7, 9, 10, 0, 6, 4, 0, 0, 2, 0, 0, 2, 2, 0, 0, '15:22', 0, '04:22 PM', '', 0, '', 2, 0, 0.00, 1500.00, 0.00, 0.00, 0.00, 0.00, 0.00, 800.00, 0.00, 13800.00, 13800.00, 0, 0, '', 2, 0, 2, 1, 'Admin', 1, 1, 0, '2020-06-11 15:23:39', '2020-08-17 17:30:00'),
(3, 2, 1, 1, '2020-06-11', '2000-01-01', '2000-01-01', 10, 31, 24, 0, 3, 2, 0, 0, 1, 0, 0, 0, 0, 0, 0, '15:24', 0, '04:24 PM', '', 13, '', 2, 0, 0.00, 0.00, 0.00, 0.00, 0.00, 0.00, 0.00, 0.00, 0.00, 4000.00, 4000.00, 0, 0, '', 2, 0, 2, 2, '', 0, 0, 0, '2020-06-11 15:25:35', '2020-06-11 15:25:45'),
(4, 4, 2, 2, '2000-01-01', '2020-06-10', '2020-06-13', 8, 28, 21, 0, 4, 1, 0, 0, 2, 0, 0, 4, 1, 2, 0, '15:53', 0, '04:53 PM', '', 0, '', 2, 0, 0.00, 1200.00, 0.00, 0.00, 0.00, 0.00, 0.00, 250.00, 150.00, 16050.00, 12000.00, 0, 0, '', 2, 0, 1, 1, 'admin', 1, 1, 1, '2020-06-11 15:54:40', '2020-08-17 15:21:39'),
(5, 1, 3, 2, '2020-02-04', '2000-01-01', '2000-01-01', 1, 1, 1, 0, 2, 1, 0, 0, 1, 0, 0, 0, 0, 0, 0, '15:54', 0, '04:54 PM', '', 0, '', 2, 0, 0.00, 4700.00, 3800.00, 0.00, 0.00, 300.00, 0.00, 0.00, 0.00, 14100.00, 12000.00, 0, 0, '', 2, 0, 2, 1, 'Admin', 1, 1, 0, '2020-06-11 15:56:07', '2020-08-17 16:13:21'),
(6, 3, 3, 2, '2020-06-18', '2000-01-01', '2000-01-01', 9, 29, 23, 0, 2, 2, 0, 0, 2, 1, 4, 0, 0, 0, 0, '12:00', 0, '04:00 PM', '', 0, '', 2, 0, 0.00, 0.00, 0.00, 0.00, 0.00, 0.00, 0.00, 0.00, 0.00, 1550.00, 1550.00, 0, 0, '', 2, 0, 2, 2, '', 0, 0, 1, '2020-06-11 15:58:32', '2020-06-11 15:58:32'),
(7, 1, 5, 2, '2020-06-11', '2000-01-01', '2000-01-01', 12, 33, 0, 7, 3, 2, 0, 0, 2, 0, 0, 0, 0, 0, 0, '17:40', 0, '06:40 PM', 'P10', 0, '', 1, 2, 400.00, 700.00, 0.00, 0.00, 0.00, 0.00, 0.00, 0.00, 0.00, 2500.00, 2100.00, 0, 0, '', 2, 0, 1, 1, 'Admin', 1, 1, 0, '2020-06-11 15:59:26', '2020-08-17 17:30:16'),
(8, 4, 5, 2, '2000-01-01', '2020-06-11', '2020-06-15', 8, 28, 21, 0, 2, 2, 0, 0, 2, 0, 0, 1, 1, 0, 0, '15:59', 0, '04:59 PM', '', 0, '', 2, 0, 0.00, 1200.00, 0.00, 0.00, 0.00, 0.00, 0.00, 250.00, 0.00, 5800.00, 5800.00, 0, 0, '', 2, 0, 2, 1, 'Admin', 1, 1, 0, '2020-06-11 16:00:02', '2020-07-22 14:24:21'),
(9, 1, 4, 2, '2020-06-24', '2000-01-01', '2000-01-01', 12, 33, 0, 8, 3, 2, 0, 0, 2, 0, 0, 0, 0, 0, 0, '', 0, '05:00 PM', '', 0, '', 2, 0, 0.00, 0.00, 0.00, 0.00, 0.00, 0.00, 0.00, 0.00, 0.00, 12000.00, 10000.00, 0, 0, '', 2, 0, 2, 2, '', 0, 0, 0, '2020-06-11 16:01:19', '2020-06-11 16:01:19'),
(10, 3, 3, 2, '2020-06-15', '2000-01-01', '2000-01-01', 9, 29, 23, 0, 4, 0, 0, 0, 2, 2, 5, 0, 0, 0, 0, '12:00', 0, '05:00 PM', 'P5', 8, 'A102', 2, 0, 0.00, 1200.00, 0.00, 0.00, 0.00, 0.00, 350.00, 0.00, 0.00, 3800.00, 2400.00, 0, 3, '- Test (system)', 2, 0, 3, 1, 'Admin-3', 1, 1, 0, '2020-06-15 11:01:44', '2020-08-17 15:06:21'),
(11, 4, 3, 2, '2000-01-01', '2020-06-17', '2020-06-20', 8, 28, 21, 0, 2, 0, 0, 0, 2, 0, 0, 1, 0, 0, 0, '16:11', 0, '05:11 PM', '', 0, '', 2, 0, 0.00, 1200.00, 0.00, 0.00, 0.00, 0.00, 0.00, 0.00, 0.00, 3600.00, 3600.00, 0, 0, 'Test System\r\nTest System\r\nTest System', 2, 0, 3, 1, 'admin', 1, 1, 0, '2020-06-17 16:11:51', '2020-08-17 16:28:58'),
(12, 1, 3, 2, '2020-06-20', '2000-01-01', '2000-01-01', 1, 3, 3, 0, 60, 2, 0, 1, 1, 0, 0, 0, 0, 0, 0, '11:22', 0, '12:22 PM', '', 0, '', 1, 3, 500.00, 2000.00, 0.00, 235000.00, 0.00, 0.00, 0.00, 0.00, 0.00, 239500.00, 2000.00, 60, 0, '', 2, 0, 1, 1, 'Admin-1', 1, 1, 0, '2020-06-19 11:22:35', '2020-10-19 15:36:50'),
(13, 2, 3, 2, '2020-06-15', '2000-01-01', '2000-01-01', 10, 31, 24, 0, 3, 2, 0, 1, 2, 0, 0, 0, 0, 0, 0, '10:00', 0, '11:00 AM', 'P1', 0, '', 1, 2, 3000.00, 0.00, 0.00, 0.00, 2000.00, 0.00, 0.00, 0.00, 0.00, 5000.00, 2000.00, 5, 0, '', 2, 0, 3, 1, 'Admin-5', 1, 1, 0, '2020-06-19 11:28:01', '2020-08-14 16:19:19'),
(14, 1, 3, 2, '2019-11-12', '2000-01-01', '2000-01-01', 1, 2, 2, 0, 4, 0, 0, 0, 2, 0, 0, 0, 0, 0, 0, '16:12', 0, '05:12 PM', '', 0, '', 2, 0, 0.00, 2999.00, 0.00, 0.00, 0.00, 0.00, 0.00, 0.00, 0.00, 11996.00, 11996.00, 0, 0, '', 2, 0, 3, 1, 'Admin', 2, 0, 0, '2020-07-02 16:12:19', '2020-07-22 14:21:59'),
(15, 2, 2, 2, '2020-06-09', '2000-01-01', '2000-01-01', 10, 31, 24, 0, 3, 2, 1, 1, 2, 0, 0, 0, 0, 0, 0, '12:46', 0, '01:46 PM', '', 0, '', 2, 0, 0.00, 0.00, 0.00, 0.00, 2000.00, 0.00, 0.00, 0.00, 0.00, 2000.00, 2000.00, 5, 0, '', 2, 0, 2, 1, 'Admin', 1, 1, 0, '2020-07-10 12:49:56', '2020-10-21 15:20:50'),
(16, 3, 2, 2, '2020-05-10', '2000-01-01', '2000-01-01', 6, 27, 20, 0, 2, 2, 0, 2, 2, 1, 1, 0, 0, 0, 0, '01:30', 0, '02:30 AM', '', 0, '', 2, 0, 0.00, 2800.00, 0.00, 0.00, 0.00, 0.00, 0.00, 0.00, 0.00, 2800.00, 2800.00, 0, 4, '', 2, 0, 2, 1, 'admin', 1, 1, 0, '2020-07-10 12:56:54', '2020-08-17 16:31:45'),
(17, 1, 2, 2, '2020-06-02', '2000-01-01', '2000-01-01', 11, 32, 25, 0, 10, 5, 1, 1, 1, 0, 0, 0, 0, 0, 0, '17:02', 0, '06:02 PM', 'P12', 27, '', 1, 2, 1000.00, 1300.00, 0.00, 12000.00, 0.00, 700.00, 0.00, 0.00, 0.00, 27400.00, 12500.00, 12, 0, 'Test', 2, 0, 1, 1, 'Admin', 1, 1, 0, '2020-07-16 17:02:33', '2020-09-17 15:56:06'),
(18, 2, 5, 2, '2020-07-23', '2000-01-01', '2000-01-01', 4, 7, 7, 0, 2, 1, 0, 0, 1, 0, 0, 0, 0, 0, 0, '17:25', 0, '06:25 PM', 'P6', 8, '', 2, 0, 0.00, 0.00, 0.00, 0.00, 30000.00, 500.00, 0.00, 0.00, 0.00, 31500.00, 31500.00, 10, 0, 'Test', 2, 0, 2, 1, 'Admin', 1, 1, 0, '2020-07-23 17:26:20', '2020-08-17 17:30:25'),
(19, 4, 1, 2, '2000-01-01', '2020-07-22', '2020-07-23', 7, 25, 17, 0, 4, 1, 0, 0, 2, 0, 0, 2, 0, 0, 0, '17:31', 0, '06:31 PM', '', 0, '', 2, 0, 0.00, 1500.00, 0.00, 0.00, 0.00, 0.00, 0.00, 0.00, 0.00, 3000.00, 3000.00, 0, 0, '', 2, 0, 2, 1, 'Admin', 1, 1, 0, '2020-07-23 17:31:32', '2020-08-17 17:29:52'),
(20, 1, 7, 2, '2020-08-16', '2000-01-01', '2000-01-01', 1, 1, 0, 3, 4, 2, 0, 0, 1, 0, 0, 0, 0, 0, 0, '20:00', 0, '06:48 PM', 'P11', 11, 'B115', 1, 2, 1000.00, 100.00, 200.00, 0.00, 0.00, 400.00, 0.00, 0.00, 0.00, 4200.00, 4200.00, 0, 0, '', 2, 0, 1, 1, 'admin', 1, 1, 0, '2020-08-17 17:49:19', '2020-08-17 17:49:19'),
(21, 1, 9, 2, '2020-08-01', '2000-01-01', '2000-01-01', 14, 36, 31, 0, 8, 4, 0, 0, 1, 0, 0, 0, 0, 0, 0, '06:30', 0, '05:21 PM', 'P13', 24, '', 2, 0, 0.00, 700.00, 0.00, 7000.00, 0.00, 350.00, 0.00, 0.00, 0.00, 12600.00, 12600.00, 10, 0, '', 2, 0, 1, 1, 'Admin', 1, 1, 0, '2020-08-20 16:49:47', '2020-08-20 16:49:47'),
(22, 3, 9, 2, '2020-08-18', '2000-01-01', '2000-01-01', 18, 42, 38, 0, 4, 0, 0, 0, 2, 1, 5, 0, 0, 0, 0, '16:49', 0, '09:49 PM', 'P8', 8, '', 2, 0, 0.00, 1500.00, 0.00, 0.00, 0.00, 0.00, 500.00, 0.00, 0.00, 2000.00, 1500.00, 0, 4, '', 2, 0, 3, 1, 'admin', 1, 1, 0, '2020-08-20 16:50:51', '2020-08-20 16:50:51'),
(23, 2, 9, 2, '2020-08-20', '2000-01-01', '2000-01-01', 15, 38, 34, 0, 6, 2, 0, 1, 2, 0, 0, 0, 0, 0, 0, '05:32', 0, '06:32 AM', 'P1', 0, '', 1, 2, 400.00, 0.00, 0.00, 0.00, 5000.00, 0.00, 0.00, 0.00, 0.00, 5400.00, 5400.00, 10, 0, '', 2, 0, 3, 1, 'admin', 1, 1, 0, '2020-08-20 16:52:04', '2020-09-24 14:13:14'),
(24, 1, 8, 2, '2020-08-22', '2000-01-01', '2000-01-01', 1, 1, 0, 14, 2, 1, 0, 2, 2, 0, 0, 0, 0, 0, 0, '12:00', 0, '06:31 PM', 'P3', 0, '', 1, 1, 200.00, 3500.00, 3000.00, 0.00, 0.00, 0.00, 0.00, 0.00, 0.00, 10200.00, 10000.00, 0, 0, '', 2, 0, 1, 1, 'Admin', 1, 1, 0, '2020-08-20 17:37:11', '2020-08-20 17:37:11'),
(25, 4, 8, 2, '2000-01-01', '2020-08-28', '2020-08-30', 17, 43, 40, 0, 2, 0, 0, 0, 2, 0, 0, 1, 0, 0, 0, '17:37', 0, '06:37 PM', '', 0, '', 2, 0, 0.00, 600.00, 0.00, 0.00, 0.00, 0.00, 0.00, 0.00, 0.00, 1200.00, 1200.00, 0, 0, '', 2, 0, 1, 1, 'Admin', 1, 1, 0, '2020-08-20 18:20:53', '2020-08-20 18:20:53'),
(26, 4, 10, 2, '2000-01-01', '2020-08-12', '2020-08-15', 7, 9, 10, 0, 3, 2, 0, 0, 2, 0, 0, 1, 1, 1, 0, '18:23', 0, '07:23 PM', '', 0, '', 2, 0, 0.00, 1500.00, 0.00, 0.00, 0.00, 0.00, 0.00, 800.00, 700.00, 9000.00, 9000.00, 0, 0, '', 2, 0, 1, 1, 'Admin', 2, 0, 0, '2020-08-20 18:24:11', '2020-08-20 18:24:11'),
(27, 3, 10, 2, '2020-08-21', '2000-01-01', '2000-01-01', 18, 42, 38, 0, 4, 2, 0, 0, 2, 2, 5, 0, 0, 0, 0, '10:44', 0, '03:44 PM', '', 11, '', 2, 0, 0.00, 1500.00, 0.00, 0.00, 0.00, 0.00, 500.00, 0.00, 0.00, 4000.00, 4000.00, 0, 4, '', 2, 0, 2, 1, 'Admin', 1, 0, 0, '2020-08-21 11:09:06', '2020-09-16 10:51:49'),
(28, 4, 10, 2, '2000-01-01', '2020-08-26', '2020-08-29', 17, 43, 40, 0, 4, 2, 0, 0, 2, 0, 0, 2, 0, 0, 0, '11:09', 0, '12:09 PM', '', 0, '', 2, 0, 0.00, 600.00, 0.00, 0.00, 0.00, 0.00, 0.00, 0.00, 0.00, 3600.00, 3600.00, 0, 0, '', 2, 0, 1, 1, 'Admin', 1, 0, 0, '2020-08-21 11:10:17', '2020-08-21 11:10:17'),
(29, 2, 11, 1, '2020-08-21', '2000-01-01', '2000-01-01', 15, 38, 34, 0, 6, 3, 0, 0, 2, 0, 0, 0, 0, 0, 0, '11:14', 0, '12:14 PM', '', 0, '', 2, 0, 0.00, 0.00, 0.00, 0.00, 5000.00, 0.00, 0.00, 0.00, 0.00, 5000.00, 5000.00, 10, 0, '', 2, 0, 1, 2, '', 2, 0, 0, '2020-08-21 11:14:58', '2020-08-21 11:14:58'),
(30, 1, 11, 2, '2020-06-10', '2000-01-01', '2000-01-01', 12, 33, 0, 7, 4, 0, 0, 0, 2, 0, 0, 0, 0, 0, 0, '22:20', 0, '12:15 PM', 'P5', 0, '', 2, 0, 0.00, 700.00, 0.00, 0.00, 0.00, 0.00, 0.00, 0.00, 0.00, 2800.00, 2600.00, 0, 0, '', 2, 0, 1, 1, 'Admin', 1, 1, 0, '2020-08-21 11:16:04', '2020-08-21 11:16:04'),
(31, 4, 7, 2, '2000-01-01', '2020-08-28', '2020-08-29', 17, 43, 40, 0, 3, 2, 0, 0, 2, 0, 0, 1, 0, 0, 0, '11:18', 0, '12:18 PM', '', 0, '', 2, 0, 0.00, 600.00, 0.00, 0.00, 0.00, 0.00, 0.00, 0.00, 0.00, 600.00, 600.00, 0, 0, '', 2, 0, 2, 1, 'Admin', 1, 1, 0, '2020-08-27 11:18:28', '2020-08-27 11:18:28'),
(32, 1, 9, 2, '2020-08-27', '2000-01-01', '2000-01-01', 1, 3, 3, 0, 1, 0, 0, 0, 2, 0, 0, 0, 0, 0, 0, '19:35', 6, '08:35 PM', 'P15', 0, '', 2, 0, 0.00, 0.00, 0.00, 235000.00, 0.00, 0.00, 0.00, 0.00, 0.00, 235000.00, 235000.00, 60, 0, '', 2, 0, 2, 1, 'Admin', 1, 1, 0, '2020-08-27 11:19:17', '2020-11-09 15:02:24'),
(33, 1, 8, 2, '2020-09-16', '2000-01-01', '2000-01-01', 20, 45, 0, 18, 2, 1, 0, 0, 2, 0, 0, 0, 0, 0, 0, '16:11', 2, '05:11 PM', '', 5, '', 2, 0, 0.00, 0.00, 0.00, 6500.00, 0.00, 0.00, 0.00, 0.00, 0.00, 6500.00, 6500.00, 12, 0, '', 2, 0, 2, 1, 'Admin', 1, 1, 0, '2020-09-15 16:13:49', '2020-11-09 15:34:54'),
(34, 2, 8, 2, '2020-09-15', '2000-01-01', '2000-01-01', 4, 7, 7, 0, 11, 0, 0, 0, 2, 0, 0, 0, 0, 0, 0, '16:38', 0, '05:38 PM', '', 0, '', 2, 0, 0.00, 1500.00, 0.00, 0.00, 30000.00, 0.00, 0.00, 0.00, 0.00, 31500.00, 30000.00, 10, 0, '', 2, 0, 2, 1, 'Admin', 1, 1, 0, '2020-09-15 17:01:21', '2020-09-15 18:12:08'),
(35, 3, 8, 2, '2020-09-15', '2000-01-01', '2000-01-01', 9, 46, 0, 20, 2, 2, 1, 1, 2, 1, 2, 0, 0, 0, 0, '12:00', 4, '02:00 PM', '', 0, '', 2, 0, 0.00, 500.00, 0.00, 0.00, 0.00, 0.00, 0.00, 0.00, 0.00, 500.00, 500.00, 0, 6, '', 2, 0, 2, 1, 'Admin', 1, 1, 0, '2020-09-15 18:04:31', '2020-11-03 15:39:46'),
(36, 4, 8, 2, '2000-01-01', '2020-09-15', '2020-09-16', 21, 47, 46, 0, 5, 4, 0, 0, 2, 0, 0, 2, 1, 1, 0, '18:09', 0, '07:09 PM', '', 0, '', 2, 0, 0.00, 5000.00, 0.00, 0.00, 0.00, 0.00, 0.00, 350.00, 320.00, 10670.00, 10670.00, 0, 0, '', 2, 0, 2, 1, 'Admin', 1, 1, 0, '2020-09-15 18:10:12', '2020-09-15 18:10:12'),
(37, 1, 10, 2, '2020-09-16', '2000-01-01', '2000-01-01', 20, 45, 44, 0, 2, 1, 0, 0, 2, 0, 0, 0, 0, 0, 0, '18:13', 2, '07:13 PM', 'P52', 0, '', 2, 0, 0.00, 0.00, 0.00, 7000.00, 0.00, 0.00, 0.00, 0.00, 0.00, 7000.00, 7000.00, 12, 0, '', 2, 0, 2, 1, 'Admin', 1, 0, 0, '2020-09-15 18:14:21', '2020-11-09 14:57:08'),
(38, 2, 9, 2, '2020-09-15', '2000-01-01', '2000-01-01', 4, 7, 7, 0, 10, 1, 0, 0, 1, 0, 0, 0, 0, 0, 0, '18:15', 3, '07:15 PM', 'P10', 0, '', 2, 0, 0.00, 1500.00, 0.00, 0.00, 30000.00, 500.00, 0.00, 0.00, 0.00, 37000.00, 37000.00, 10, 0, '', 2, 0, 2, 1, 'Admin', 1, 1, 0, '2020-09-15 18:16:20', '2020-11-09 15:02:30'),
(39, 3, 9, 2, '2020-09-15', '2000-01-01', '2000-01-01', 9, 46, 45, 0, 2, 1, 0, 0, 2, 2, 2, 0, 0, 0, 0, '18:16', 0, '08:16 PM', '', 0, '', 2, 0, 0.00, 500.00, 0.00, 0.00, 0.00, 0.00, 0.00, 0.00, 0.00, 1000.00, 1000.00, 0, 6, '', 2, 0, 2, 1, 'Admin', 1, 1, 0, '2020-09-15 18:17:14', '2020-09-15 18:17:14'),
(40, 4, 9, 2, '2000-01-01', '2020-09-13', '2020-09-15', 21, 47, 46, 0, 6, 2, 0, 0, 2, 0, 0, 2, 1, 1, 0, '18:17', 0, '07:17 PM', '', 0, '', 2, 0, 0.00, 5000.00, 0.00, 0.00, 0.00, 0.00, 0.00, 350.00, 320.00, 21340.00, 21340.00, 0, 0, '', 2, 0, 2, 1, 'Admin', 1, 1, 0, '2020-09-15 18:18:57', '2020-09-15 18:18:57'),
(41, 1, 14, 2, '2020-10-26', '2000-01-01', '2000-01-01', 1, 1, 1, 0, 2, 0, 0, 0, 1, 0, 0, 0, 0, 0, 1, '16:54', 0, '17:54', 'P10', 0, '', 1, 2, 500.00, 4700.00, 0.00, 0.00, 0.00, 300.00, 0.00, 0.00, 0.00, 10500.00, 10500.00, 0, 0, '', 2, 0, 3, 1, 'Admin', 1, 1, 0, '2020-10-26 16:55:13', '2020-12-18 12:03:14'),
(42, 1, 15, 2, '2020-10-30', '2000-01-01', '2000-01-01', 1, 1, 1, 0, 3, 1, 0, 0, 1, 0, 0, 0, 0, 0, 2, '14:00', 0, '15:00', 'P10', 0, '', 2, 0, 0.00, 4700.00, 3800.00, 0.00, 0.00, 300.00, 0.00, 0.00, 0.00, 19100.00, 19100.00, 0, 0, 'insert', 2, 0, 3, 1, 'System-test', 1, 0, 0, '2020-10-27 17:37:37', '2020-12-18 12:15:20'),
(43, 2, 15, 2, '2020-10-29', '2000-01-01', '2000-01-01', 4, 7, 7, 0, 3, 0, 0, 0, 2, 0, 0, 0, 0, 0, 0, '12:00', 2, '01:00 PM', 'P03', 0, '', 2, 0, 0.00, 0.00, 0.00, 0.00, 30000.00, 0.00, 0.00, 0.00, 0.00, 30000.00, 30000.00, 10, 0, '', 2, 0, 2, 1, 'admin', 1, 0, 0, '2020-10-28 12:33:57', '2020-11-17 16:22:35'),
(44, 3, 15, 2, '2020-10-31', '2000-01-01', '2000-01-01', 6, 8, 9, 0, 1, 0, 0, 0, 2, 1, 1, 0, 0, 0, 0, '12:34', 2, '01:34 PM', 'P07', 0, '', 2, 0, 0.00, 2800.00, 0.00, 0.00, 0.00, 0.00, 0.00, 0.00, 0.00, 2800.00, 2800.00, 0, 4, '', 2, 0, 2, 1, 'admin', 1, 0, 0, '2020-10-28 12:34:23', '2020-11-17 16:22:40'),
(45, 4, 15, 2, '2000-01-01', '2020-10-27', '2020-10-28', 7, 25, 17, 0, 3, 0, 0, 0, 2, 0, 0, 1, 0, 0, 0, '12:34', 2, '01:34 PM', '', 0, '', 2, 0, 0.00, 1500.00, 0.00, 0.00, 0.00, 0.00, 0.00, 0.00, 0.00, 1500.00, 1500.00, 0, 0, '', 2, 0, 2, 1, 'admin', 1, 0, 0, '2020-10-28 12:34:52', '2020-11-17 16:22:44'),
(46, 1, 16, 2, '2020-10-28', '2000-01-01', '2000-01-01', 1, 1, 0, 14, 3, 2, 0, 0, 1, 0, 0, 0, 0, 0, 7, '14:33', 0, '15:33', 'P05', 32, '', 2, 0, 0.00, 3500.00, 3000.00, 0.00, 0.00, 400.00, 0.00, 0.00, 0.00, 18500.00, 18500.00, 0, 0, 'ตรงเวลา', 2, 0, 2, 1, 'admin', 1, 1, 0, '2020-10-29 14:33:59', '2020-12-18 12:39:00'),
(47, 4, 16, 2, '2000-01-01', '2020-10-27', '2020-10-28', 7, 9, 10, 0, 3, 2, 0, 0, 2, 0, 0, 1, 1, 0, 0, '14:34', 2, '03:34 PM', '', 0, '', 2, 0, 0.00, 1500.00, 0.00, 0.00, 0.00, 0.00, 0.00, 800.00, 0.00, 2300.00, 2300.00, 0, 0, 'ห้องสะอาด', 2, 0, 2, 1, 'Admin', 1, 1, 0, '2020-10-29 14:35:03', '2020-11-17 16:22:01'),
(48, 2, 16, 2, '2020-10-28', '2000-01-01', '2000-01-01', 4, 7, 7, 0, 3, 2, 0, 0, 1, 0, 0, 0, 0, 0, 0, '14:35', 2, '03:35 PM', 'P01', 8, '', 2, 0, 0.00, 0.00, 0.00, 0.00, 30000.00, 500.00, 0.00, 0.00, 0.00, 32500.00, 32500.00, 10, 0, '', 2, 0, 1, 1, 'Admin', 1, 1, 0, '2020-10-29 14:35:30', '2020-11-17 16:21:48'),
(49, 3, 16, 2, '2020-10-28', '2000-01-01', '2000-01-01', 9, 46, 0, 20, 3, 2, 0, 0, 2, 1, 5, 0, 0, 0, 4, '14:55', 0, '19:55', 'P60', 32, '', 2, 0, 0.00, 500.00, 0.00, 0.00, 0.00, 0.00, 0.00, 0.00, 0.00, 500.00, 500.00, 0, 6, '', 2, 0, 2, 1, 'Admin', 1, 1, 0, '2020-10-29 14:56:05', '2020-12-18 12:14:52'),
(50, 1, 14, 2, '2020-10-28', '2000-01-01', '2000-01-01', 20, 45, 44, 0, 3, 2, 0, 0, 2, 0, 0, 0, 0, 0, 0, '06:03', 0, '03:58 PM', 'P5', 0, '', 2, 0, 0.00, 0.00, 0.00, 7000.00, 0.00, 0.00, 0.00, 0.00, 0.00, 7000.00, 7000.00, 12, 0, '', 2, 0, 3, 1, 'Admin', 1, 1, 0, '2020-10-29 14:59:04', '2020-10-29 14:59:04'),
(51, 1, 9, 2, '2020-11-01', '2000-01-01', '2000-01-01', 20, 45, 44, 0, 3, 4, 0, 0, 2, 0, 0, 0, 0, 0, 0, '15:36', 2, '04:36 PM', 'P50', 5, '', 2, 0, 0.00, 0.00, 0.00, 7000.00, 0.00, 0.00, 0.00, 0.00, 0.00, 7000.00, 7000.00, 12, 0, '', 2, 0, 2, 1, 'Admin', 2, 0, 0, '2020-11-09 15:37:07', '2020-11-09 15:37:07'),
(52, 1, 2, 2, '2020-11-02', '2000-01-01', '2000-01-01', 20, 45, 44, 0, 2, 1, 0, 0, 2, 0, 0, 0, 0, 0, 0, '15:37', 6, '04:37 PM', '', 11, '', 2, 0, 0.00, 0.00, 0.00, 7000.00, 0.00, 0.00, 0.00, 0.00, 0.00, 7000.00, 7000.00, 12, 0, '', 2, 0, 2, 1, 'Admin', 2, 0, 0, '2020-11-09 15:37:50', '2020-11-09 15:37:50'),
(53, 1, 3, 2, '2020-11-03', '2000-01-01', '2000-01-01', 20, 45, 44, 0, 2, 0, 0, 0, 2, 0, 0, 0, 0, 0, 0, '15:37', 3, '04:37 PM', '', 24, '', 2, 0, 0.00, 0.00, 0.00, 7000.00, 0.00, 0.00, 0.00, 0.00, 0.00, 7000.00, 7000.00, 12, 0, '', 2, 0, 2, 1, 'Admin', 2, 0, 0, '2020-11-09 15:38:23', '2020-11-09 15:38:23'),
(54, 1, 9, 2, '2020-11-09', '2000-01-01', '2000-01-01', 11, 32, 25, 0, 2, 1, 0, 0, 2, 0, 0, 0, 0, 0, 0, '16:48', 4, '05:48 PM', '', 24, '', 2, 0, 0.00, 0.00, 0.00, 12000.00, 0.00, 0.00, 0.00, 0.00, 0.00, 12000.00, 12000.00, 12, 0, '', 2, 0, 2, 1, 'Admin', 2, 0, 0, '2020-11-09 16:48:41', '2020-11-09 16:48:41'),
(55, 1, 16, 2, '2020-11-10', '2000-01-01', '2000-01-01', 11, 32, 0, 13, 2, 0, 0, 0, 2, 0, 0, 0, 0, 0, 0, '15:34', 2, '04:34 PM', '', 32, '', 2, 0, 0.00, 0.00, 0.00, 12000.00, 0.00, 0.00, 0.00, 0.00, 0.00, 12000.00, 12000.00, 12, 0, '', 2, 0, 1, 1, 'Admin', 1, 1, 0, '2020-11-10 15:34:56', '2020-11-17 16:17:00'),
(56, 1, 17, 2, '2020-11-17', '2000-01-01', '2000-01-01', 20, 45, 44, 0, 0, 0, 0, 1, 1, 0, 0, 0, 0, 0, 0, '16:09', 2, '05:09 PM', 'P5', 5, '', 2, 0, 0.00, 0.00, 0.00, 0.00, 0.00, 0.00, 0.00, 0.00, 0.00, 0.00, 0.00, 0, 0, '', 2, 0, 2, 1, 'Admin', 1, 1, 0, '2020-11-17 16:10:40', '2020-12-04 10:49:49'),
(57, 2, 17, 2, '2020-11-19', '2000-01-01', '2000-01-01', 4, 7, 7, 0, 0, 0, 0, 1, 1, 0, 0, 0, 0, 0, 0, '16:11', 2, '05:11 PM', 'P2', 5, '', 2, 0, 0.00, 0.00, 0.00, 0.00, 0.00, 0.00, 0.00, 0.00, 0.00, 0.00, 0.00, 0, 0, '', 2, 0, 2, 1, 'Gm', 1, 1, 0, '2020-11-17 16:11:43', '2020-12-04 10:49:45'),
(58, 3, 17, 2, '2020-11-22', '2000-01-01', '2000-01-01', 9, 29, 23, 0, 0, 0, 0, 5, 2, 3, 40, 0, 0, 0, 0, '16:13', 2, '08:13 AM', 'P11', 5, '', 2, 0, 0.00, 0.00, 0.00, 0.00, 0.00, 0.00, 0.00, 0.00, 0.00, 0.00, 0.00, 0, 0, '', 2, 0, 2, 1, 'Gm', 1, 1, 0, '2020-11-17 16:14:23', '2020-12-04 13:01:57'),
(59, 4, 17, 2, '2000-01-01', '2020-11-21', '2020-11-24', 7, 9, 10, 0, 0, 0, 0, 3, 2, 0, 0, 2, 1, 1, 0, '16:14', 2, '05:14 PM', '', 5, '', 2, 0, 0.00, 0.00, 0.00, 0.00, 0.00, 0.00, 0.00, 0.00, 0.00, 0.00, 0.00, 0, 0, '', 2, 0, 2, 1, 'Gm', 1, 1, 0, '2020-11-17 16:15:08', '2020-12-04 12:58:27'),
(60, 1, 17, 2, '2020-11-26', '2000-01-01', '2000-01-01', 11, 32, 25, 0, 0, 0, 0, 2, 2, 0, 0, 0, 0, 0, 0, '10:23', 0, '11:23 AM', '', 0, '', 2, 0, 0.00, 0.00, 0.00, 0.00, 0.00, 0.00, 0.00, 0.00, 0.00, 0.00, 0.00, 0, 0, '', 2, 0, 2, 1, 'Admin', 1, 1, 0, '2020-11-26 10:24:39', '2020-12-04 12:59:00'),
(61, 1, 18, 2, '2020-12-01', '2000-01-01', '2000-01-01', 20, 45, 0, 18, 0, 0, 0, 2, 1, 0, 0, 0, 0, 0, 1, '10:48', 5, '11:48', '', 5, '', 2, 0, 0.00, 0.00, 0.00, 0.00, 0.00, 0.00, 0.00, 0.00, 0.00, 0.00, 0.00, 0, 0, '', 2, 0, 3, 1, 'Admin', 1, 1, 0, '2020-12-03 10:49:27', '2020-12-18 11:09:27'),
(62, 2, 18, 2, '2020-12-02', '2000-01-01', '2000-01-01', 10, 51, 52, 0, 0, 0, 0, 3, 1, 0, 0, 0, 0, 0, 0, '10:49', 3, '11:49 AM', '', 24, '', 2, 0, 0.00, 0.00, 0.00, 0.00, 0.00, 0.00, 0.00, 0.00, 0.00, 0.00, 0.00, 0, 0, '', 2, 0, 1, 1, 'Admin', 1, 1, 0, '2020-12-03 10:50:31', '2020-12-04 12:47:39'),
(63, 3, 18, 2, '2020-12-02', '2000-01-01', '2000-01-01', 9, 29, 0, 22, 0, 0, 0, 4, 2, 2, 2, 0, 0, 0, 6, '10:50', 1, '12:50', 'P9', 11, '', 2, 0, 0.00, 0.00, 0.00, 0.00, 0.00, 0.00, 0.00, 0.00, 0.00, 0.00, 0.00, 0, 0, '', 2, 0, 2, 1, 'Admin', 1, 1, 0, '2020-12-03 10:59:32', '2020-12-18 11:38:12'),
(64, 4, 18, 2, '2000-01-01', '2020-12-01', '2020-12-02', 8, 28, 21, 0, 0, 0, 0, 5, 2, 0, 0, 2, 1, 1, 0, '11:00', 6, '12:00 PM', '', 11, '', 2, 0, 0.00, 0.00, 0.00, 0.00, 0.00, 0.00, 0.00, 0.00, 0.00, 0.00, 0.00, 0, 0, '', 2, 0, 2, 1, 'Admin', 1, 1, 0, '2020-12-03 11:01:49', '2020-12-04 12:48:09'),
(65, 2, 17, 2, '2020-12-03', '2000-01-01', '2000-01-01', 10, 51, 52, 0, 0, 0, 0, 3, 2, 0, 0, 0, 0, 0, 0, '12:41', 0, '01:41 PM', '', 0, '', 2, 0, 0.00, 0.00, 0.00, 0.00, 0.00, 0.00, 0.00, 0.00, 0.00, 0.00, 0.00, 0, 0, '', 2, 0, 2, 1, 'Admin', 1, 1, 0, '2020-12-03 12:41:32', '2020-12-04 12:58:48'),
(66, 1, 19, 2, '2020-12-29', '2000-01-01', '2000-01-01', 20, 45, 44, 0, 2, 0, 0, 0, 2, 0, 0, 0, 0, 0, 1, '11:22', 5, '12:22', '', 8, '', 2, 0, 0.00, 0.00, 0.00, 7000.00, 0.00, 0.00, 0.00, 0.00, 0.00, 7000.00, 7000.00, 12, 0, '', 2, 0, 2, 2, '', 2, 0, 0, '2020-12-29 11:23:21', '2020-12-29 11:23:21'),
(67, 2, 19, 2, '2020-12-29', '2000-01-01', '2000-01-01', 10, 51, 52, 0, 2, 0, 0, 0, 1, 0, 0, 0, 0, 0, 1, '11:23', 7, '12:23', '', 12, '', 2, 0, 0.00, 600.00, 0.00, 0.00, 0.00, 400.00, 0.00, 0.00, 0.00, 2000.00, 2000.00, 0, 0, '', 2, 0, 2, 2, '', 2, 0, 0, '2020-12-29 11:23:48', '2020-12-29 11:23:48'),
(68, 3, 19, 2, '2020-12-29', '2000-01-01', '2000-01-01', 9, 29, 23, 0, 3, 0, 0, 1, 2, 1, 1, 0, 0, 0, 1, '11:23', 6, '12:23', '', 0, '', 2, 0, 0.00, 1200.00, 0.00, 0.00, 0.00, 0.00, 0.00, 0.00, 0.00, 1200.00, 1200.00, 0, 3, '', 2, 0, 2, 2, '', 2, 0, 0, '2020-12-29 11:24:12', '2020-12-29 11:24:12'),
(69, 4, 19, 2, '2000-01-01', '2020-12-27', '2020-12-29', 8, 28, 21, 0, 3, 0, 0, 0, 2, 0, 0, 1, 0, 0, 2, '11:24', 3, '12:24', '', 0, '', 2, 0, 0.00, 1200.00, 0.00, 0.00, 0.00, 0.00, 0.00, 0.00, 0.00, 2400.00, 2400.00, 0, 0, '', 2, 0, 2, 2, '', 2, 0, 0, '2020-12-29 11:24:35', '2020-12-29 11:24:41'),
(70, 1, 14, 2, '2021-01-12', '2000-01-01', '2000-01-01', 11, 32, 25, 0, 3, 0, 0, 0, 2, 0, 0, 0, 0, 0, 3, '15:21', 5, '16:21', '', 0, '', 2, 0, 0.00, 0.00, 0.00, 12000.00, 0.00, 0.00, 0.00, 0.00, 0.00, 12000.00, 12000.00, 12, 0, '', 2, 0, 2, 1, 'Admin', 1, 1, 0, '2021-01-06 15:22:47', '2021-01-07 15:38:28'),
(71, 1, 14, 2, '2021-01-14', '2000-01-01', '2000-01-01', 11, 32, 25, 0, 2, 0, 0, 0, 2, 0, 0, 0, 0, 0, 2, '15:47', 5, '16:47', '', 0, '', 2, 0, 0.00, 0.00, 0.00, 12000.00, 0.00, 0.00, 0.00, 0.00, 0.00, 12000.00, 12000.00, 12, 0, '', 2, 0, 2, 1, 'Admin', 1, 1, 0, '2021-01-06 15:47:44', '2021-01-07 17:54:25'),
(72, 2, 14, 2, '2021-01-17', '2000-01-01', '2000-01-01', 10, 31, 24, 0, 2, 0, 0, 0, 1, 0, 0, 0, 0, 0, 1, '15:48', 2, '16:48', '', 0, '', 1, 2, 500.00, 0.00, 0.00, 0.00, 2000.00, 400.00, 0.00, 0.00, 0.00, 3300.00, 2500.00, 5, 0, '', 2, 0, 2, 1, 'Admin', 1, 1, 0, '2021-01-06 15:48:39', '2021-01-07 14:10:38'),
(73, 2, 14, 2, '2021-01-15', '2000-01-01', '2000-01-01', 10, 31, 24, 0, 1, 2, 0, 0, 2, 0, 0, 0, 0, 0, 1, '15:48', 2, '16:48', '', 32, '', 2, 0, 0.00, 0.00, 0.00, 0.00, 2000.00, 0.00, 0.00, 0.00, 0.00, 2000.00, 1400.00, 5, 0, '', 1, 0, 2, 1, 'Admin', 1, 1, 0, '2021-01-06 15:49:20', '2021-01-07 17:54:47'),
(74, 3, 14, 2, '2021-01-13', '2000-01-01', '2000-01-01', 9, 46, 45, 0, 2, 0, 0, 0, 2, 2, 3, 0, 0, 0, 1, '15:55', 5, '18:55', '', 8, '', 2, 0, 0.00, 500.00, 0.00, 0.00, 0.00, 0.00, 0.00, 0.00, 0.00, 1000.00, 1000.00, 0, 6, '', 2, 0, 2, 1, 'Admin', 1, 1, 0, '2021-01-06 15:55:51', '2021-01-07 14:58:54'),
(75, 3, 14, 2, '2021-01-21', '2000-01-01', '2000-01-01', 9, 46, 45, 0, 1, 2, 0, 0, 2, 1, 2, 0, 0, 0, 2, '15:55', 1, '17:55', '', 13, '', 2, 0, 0.00, 500.00, 0.00, 0.00, 0.00, 0.00, 0.00, 0.00, 0.00, 500.00, 500.00, 0, 6, '', 2, 0, 2, 1, 'Admin', 1, 1, 0, '2021-01-06 15:56:27', '2021-01-07 15:25:42'),
(76, 4, 14, 2, '2000-01-01', '2021-01-18', '2021-01-21', 8, 28, 21, 0, 2, 0, 0, 0, 2, 0, 0, 1, 0, 0, 5, '15:56', 1, '16:56', '', 8, '', 2, 0, 0.00, 1200.00, 0.00, 0.00, 0.00, 0.00, 0.00, 0.00, 0.00, 3600.00, 2400.00, 0, 0, '', 1, 0, 2, 1, 'Admin', 1, 1, 0, '2021-01-06 15:57:19', '2021-01-07 17:55:26'),
(77, 4, 14, 2, '2000-01-01', '2021-01-25', '2021-01-26', 21, 47, 47, 0, 1, 2, 0, 0, 2, 0, 0, 1, 0, 0, 3, '15:57', 2, '16:57', '', 33, '', 2, 0, 0.00, 4000.00, 0.00, 0.00, 0.00, 0.00, 0.00, 0.00, 0.00, 4000.00, 4000.00, 0, 0, '', 1, 0, 2, 1, 'Admin', 1, 1, 0, '2021-01-06 15:58:03', '2021-01-07 17:55:17'),
(78, 1, 14, 2, '2021-01-14', '2000-01-01', '2000-01-01', 20, 45, 44, 0, 2, 0, 0, 0, 2, 0, 0, 0, 0, 0, 5, '17:01', 3, '18:01', '', 0, '', 2, 0, 0.00, 0.00, 0.00, 7000.00, 0.00, 0.00, 0.00, 0.00, 0.00, 7000.00, 7000.00, 12, 0, '', 2, 0, 2, 1, 'Admin', 2, 0, 0, '2021-01-06 17:02:09', '2021-01-07 12:36:45'),
(79, 1, 14, 2, '2021-01-08', '2000-01-01', '2000-01-01', 11, 32, 25, 0, 2, 0, 0, 2, 1, 0, 0, 0, 0, 0, 4, '12:35', 5, '13:35', '', 0, '', 2, 0, 0.00, 0.00, 0.00, 12000.00, 0.00, 700.00, 0.00, 0.00, 0.00, 13400.00, 13400.00, 12, 0, '', 2, 0, 2, 1, 'Admin', 2, 0, 0, '2021-01-07 12:35:47', '2021-01-07 17:26:36'),
(80, 3, 14, 2, '2021-01-17', '2000-01-01', '2000-01-01', 6, 27, 20, 0, 2, 0, 0, 0, 2, 3, 1, 0, 0, 0, 2, '17:27', 5, '18:27', '', 0, '', 2, 0, 0.00, 2800.00, 0.00, 0.00, 0.00, 0.00, 0.00, 0.00, 0.00, 8400.00, 8000.00, 0, 4, '', 1, 0, 2, 1, 'Admin', 2, 0, 0, '2021-01-07 17:27:37', '2021-01-07 17:49:45'),
(81, 3, 14, 2, '2021-01-27', '2000-01-01', '2000-01-01', 6, 27, 20, 0, 2, 0, 0, 0, 2, 1, 11, 0, 0, 0, 0, '17:55', 0, '04:55', '', 0, '', 2, 0, 0.00, 2800.00, 0.00, 0.00, 0.00, 0.00, 800.00, 0.00, 0.00, 8400.00, 8400.00, 0, 4, '', 2, 0, 2, 1, 'Admin', 2, 0, 0, '2021-01-07 17:56:17', '2021-01-07 17:56:17'),
(82, 1, 19, 2, '2021-04-16', '2000-01-01', '2000-01-01', 1, 1, 1, 0, 1, 0, 0, 0, 2, 0, 0, 0, 0, 0, 4, '14:58', 1, '15:58', '', 0, '', 2, 0, 0.00, 4700.00, 0.00, 0.00, 0.00, 0.00, 0.00, 0.00, 0.00, 4700.00, 4700.00, 0, 0, '', 2, 0, 2, 1, '555', 2, 0, 0, '2021-04-16 14:58:13', '2021-04-16 16:26:32'),
(83, 1, 19, 2, '2021-04-17', '2000-01-01', '2000-01-01', 1, 1, 1, 0, 1, 0, 0, 0, 2, 0, 0, 0, 0, 0, 4, '14:58', 6, '15:58', '', 0, '', 2, 0, 0.00, 4700.00, 0.00, 0.00, 0.00, 0.00, 0.00, 0.00, 0.00, 4700.00, 4700.00, 0, 0, '', 2, 0, 2, 1, 'admin', 2, 0, 0, '2021-04-16 14:58:31', '2021-04-16 16:27:42'),
(84, 1, 18, 2, '2020-12-01', '2000-01-01', '2000-01-01', 1, 1, 0, 14, 2, 0, 0, 0, 2, 0, 0, 0, 0, 0, 8, '12:56', 5, '13:56', '', 0, '', 2, 0, 0.00, 3500.00, 0.00, 0.00, 0.00, 0.00, 0.00, 0.00, 0.00, 7000.00, 7000.00, 0, 0, '', 2, 0, 2, 1, 'Admin', 2, 0, 0, '2021-04-19 12:56:57', '2021-04-19 16:38:22'),
(85, 1, 17, 2, '2020-12-01', '2000-01-01', '2000-01-01', 1, 1, 1, 0, 3, 2, 0, 0, 2, 0, 0, 0, 0, 0, 4, '15:49', 5, '16:49', '', 0, '', 2, 0, 0.00, 4700.00, 3800.00, 0.00, 0.00, 0.00, 0.00, 0.00, 0.00, 21700.00, 21700.00, 0, 0, '', 2, 0, 2, 1, 'Admin', 2, 0, 0, '2021-04-19 15:49:36', '2021-04-19 15:49:36'),
(86, 1, 17, 2, '2020-12-01', '2000-01-01', '2000-01-01', 20, 45, 43, 0, 2, 0, 0, 0, 2, 0, 0, 0, 0, 0, 3, '16:01', 7, '17:01', '', 0, '', 2, 0, 0.00, 0.00, 0.00, 8000.00, 0.00, 0.00, 0.00, 0.00, 0.00, 8000.00, 8000.00, 12, 0, '', 2, 0, 2, 1, 'Admin', 2, 0, 0, '2021-04-19 16:01:59', '2021-04-19 16:09:06'),
(87, 1, 9, 2, '2020-12-02', '2000-01-01', '2000-01-01', 11, 32, 25, 0, 2, 1, 0, 0, 2, 0, 0, 0, 0, 0, 4, '16:41', 8, '17:41', '', 27, '', 2, 0, 0.00, 0.00, 0.00, 12000.00, 0.00, 0.00, 0.00, 0.00, 0.00, 12000.00, 12000.00, 12, 0, '', 2, 0, 2, 1, 'Admin', 2, 0, 0, '2021-04-20 16:42:21', '2021-04-20 16:42:21'),
(88, 1, 9, 2, '2020-12-02', '2000-01-01', '2000-01-01', 1, 1, 1, 0, 3, 0, 0, 0, 2, 0, 0, 0, 0, 0, 4, '16:42', 1, '17:42', '', 8, '', 2, 0, 0.00, 4700.00, 0.00, 0.00, 0.00, 0.00, 0.00, 0.00, 0.00, 14100.00, 14100.00, 0, 0, '', 2, 0, 2, 1, 'Admin', 1, 0, 0, '2021-04-20 16:43:07', '2021-04-20 16:43:07'),
(89, 1, 10, 2, '2020-12-02', '2000-01-01', '2000-01-01', 1, 1, 1, 0, 2, 1, 0, 0, 2, 0, 0, 0, 0, 0, 2, '16:43', 1, '17:43', '', 5, '', 2, 0, 0.00, 4700.00, 3800.00, 0.00, 0.00, 0.00, 0.00, 0.00, 0.00, 13200.00, 13200.00, 0, 0, '', 2, 0, 2, 1, 'Admin', 2, 0, 0, '2021-04-20 16:43:56', '2021-04-20 16:43:56'),
(90, 1, 7, 2, '2020-12-02', '2000-01-01', '2000-01-01', 1, 1, 0, 3, 4, 0, 0, 0, 2, 0, 0, 0, 0, 0, 3, '16:44', 1, '17:44', '', 24, '', 2, 0, 0.00, 100.00, 0.00, 0.00, 0.00, 0.00, 0.00, 0.00, 0.00, 400.00, 400.00, 0, 0, '', 2, 0, 2, 1, 'Admin', 2, 0, 0, '2021-04-20 16:44:38', '2021-04-20 16:44:38'),
(91, 1, 2, 2, '2020-12-02', '2000-01-01', '2000-01-01', 1, 1, 1, 0, 5, 2, 0, 0, 2, 0, 0, 0, 0, 0, 2, '16:45', 1, '17:45', '', 31, '', 2, 0, 0.00, 4700.00, 3800.00, 0.00, 0.00, 0.00, 0.00, 0.00, 0.00, 31100.00, 31100.00, 0, 0, '', 2, 0, 2, 1, 'Admin', 2, 0, 0, '2021-04-20 16:45:32', '2021-04-20 16:45:32'),
(92, 1, 18, 2, '2021-04-27', '2000-01-01', '2000-01-01', 1, 1, 0, 14, 2, 0, 0, 0, 2, 0, 0, 0, 0, 0, 0, '11:42', 0, '12:42', '', 0, '', 2, 0, 0.00, 3500.00, 0.00, 0.00, 0.00, 0.00, 0.00, 0.00, 0.00, 7000.00, 7000.00, 0, 0, '', 2, 0, 2, 2, '', 2, 0, 0, '2021-04-27 11:42:47', '2021-04-27 11:42:47'),
(93, 1, 17, 2, '2021-05-04', '2000-01-01', '2000-01-01', 20, 45, 44, 0, 4, 4, 0, 0, 2, 0, 0, 0, 0, 0, 0, '18:00', 0, '19:00', '', 0, '', 2, 0, 0.00, 0.00, 0.00, 7000.00, 0.00, 0.00, 0.00, 0.00, 0.00, 7000.00, 7000.00, 12, 0, '', 2, 0, 2, 2, '', 2, 0, 0, '2021-05-04 18:00:28', '2021-05-04 18:00:28'),
(94, 2, 17, 2, '2021-05-04', '2000-01-01', '2000-01-01', 10, 31, 24, 0, 2, 0, 0, 0, 2, 0, 0, 0, 0, 0, 0, '18:00', 0, '19:00', '', 0, '', 2, 0, 0.00, 0.00, 0.00, 0.00, 2000.00, 0.00, 0.00, 0.00, 0.00, 2000.00, 2000.00, 5, 0, '', 2, 0, 2, 2, '', 2, 0, 0, '2021-05-04 18:00:41', '2021-05-04 18:00:41'),
(95, 3, 17, 2, '2021-05-04', '2000-01-01', '2000-01-01', 9, 46, 45, 0, 2, 0, 0, 0, 2, 1, 1, 0, 0, 0, 0, '18:00', 0, '19:00', '', 0, '', 2, 0, 0.00, 500.00, 0.00, 0.00, 0.00, 0.00, 0.00, 0.00, 0.00, 500.00, 500.00, 0, 6, '', 2, 0, 2, 2, '', 2, 0, 0, '2021-05-04 18:00:53', '2021-05-04 18:00:53'),
(96, 4, 17, 2, '2000-01-01', '2021-05-04', '2021-05-05', 7, 9, 10, 0, 5, 3, 0, 0, 2, 0, 0, 1, 0, 0, 0, '18:01', 0, '19:01', '', 0, '', 2, 0, 0.00, 1500.00, 0.00, 0.00, 0.00, 0.00, 0.00, 0.00, 0.00, 1500.00, 1500.00, 0, 0, '', 2, 0, 2, 2, '', 2, 0, 0, '2021-05-04 18:01:11', '2021-05-04 18:01:11'),
(97, 1, 17, 2, '2021-05-04', '2000-01-01', '2000-01-01', 20, 45, 44, 0, 2, 0, 0, 0, 2, 0, 0, 0, 0, 0, 0, '18:01', 0, '19:01', '', 0, '', 2, 0, 0.00, 0.00, 0.00, 7000.00, 0.00, 0.00, 0.00, 0.00, 0.00, 7000.00, 7000.00, 12, 0, '', 2, 0, 2, 2, '', 2, 0, 0, '2021-05-04 18:01:41', '2021-05-04 18:01:41'),
(98, 3, 17, 2, '2021-05-21', '2000-01-01', '2000-01-01', 6, 53, 55, 0, 1, 0, 0, 0, 2, 2, 1, 0, 0, 0, 0, '14:49', 0, '15:49', '', 0, '', 2, 0, 0.00, 2000.00, 0.00, 0.00, 0.00, 0.00, 0.00, 0.00, 0.00, 4000.00, 4000.00, 0, 0, '', 2, 0, 2, 2, '', 2, 0, 0, '2021-05-21 14:52:44', '2021-05-21 14:52:44');

-- --------------------------------------------------------

--
-- Table structure for table `booking_status_confirm`
--

CREATE TABLE `booking_status_confirm` (
  `id` int(11) NOT NULL,
  `name` varchar(100) CHARACTER SET utf8 COLLATE utf8_unicode_ci NOT NULL,
  `name_thai` varchar(100) CHARACTER SET utf8 COLLATE utf8_unicode_ci NOT NULL,
  `last_edit_time` datetime NOT NULL
) ENGINE=InnoDB DEFAULT CHARSET=utf8mb4 COLLATE=utf8mb4_unicode_ci;

--
-- Dumping data for table `booking_status_confirm`
--

INSERT INTO `booking_status_confirm` (`id`, `name`, `name_thai`, `last_edit_time`) VALUES
(1, 'Yes', 'ยืนยันแล้ว', '2019-12-16 00:00:00'),
(2, 'No', 'ยังไม่ยืนยัน', '2019-12-16 00:00:00'),
(3, 'Cancel', 'ยกเลิก', '2019-12-16 00:00:00');

-- --------------------------------------------------------

--
-- Table structure for table `booking_status_email`
--

CREATE TABLE `booking_status_email` (
  `id` int(11) NOT NULL,
  `name` varchar(100) CHARACTER SET utf8 COLLATE utf8_unicode_ci NOT NULL,
  `name_thai` varchar(100) CHARACTER SET utf8 COLLATE utf8_unicode_ci NOT NULL,
  `last_edit_time` datetime NOT NULL
) ENGINE=InnoDB DEFAULT CHARSET=utf8mb4 COLLATE=utf8mb4_unicode_ci;

--
-- Dumping data for table `booking_status_email`
--

INSERT INTO `booking_status_email` (`id`, `name`, `name_thai`, `last_edit_time`) VALUES
(1, 'Send', 'ส่งแล้ว', '2019-12-16 00:00:00'),
(2, 'Never', 'ยังไม่ส่ง', '2019-12-16 00:00:00'),
(3, 'Revise', 'ส่งใหม่', '2019-12-16 00:00:00'),
(4, 'Cancel', 'ยกเลิก', '2019-12-16 00:00:00');

-- --------------------------------------------------------

--
-- Table structure for table `combine_agentxsupplier`
--

CREATE TABLE `combine_agentxsupplier` (
  `id` int(11) NOT NULL,
  `status` int(11) NOT NULL,
  `products_type` int(11) NOT NULL,
  `agent` int(11) NOT NULL,
  `supplier` int(11) NOT NULL,
  `trash_deleted` int(11) NOT NULL,
  `last_edit_time` datetime NOT NULL
) ENGINE=InnoDB DEFAULT CHARSET=utf8mb4 COLLATE=utf8mb4_unicode_ci;

--
-- Dumping data for table `combine_agentxsupplier`
--

INSERT INTO `combine_agentxsupplier` (`id`, `status`, `products_type`, `agent`, `supplier`, `trash_deleted`, `last_edit_time`) VALUES
(1, 1, 1, 38, 5, 0, '2019-12-10 17:59:33'),
(2, 1, 1, 38, 1, 0, '2019-12-11 11:20:22'),
(3, 1, 3, 38, 5, 0, '2019-12-11 11:24:40'),
(4, 1, 1, 22, 5, 0, '2019-12-12 15:13:26'),
(5, 1, 1, 56, 5, 0, '2020-05-28 15:17:42'),
(6, 1, 1, 56, 1, 0, '2020-05-28 15:19:15'),
(7, 1, 3, 56, 1, 0, '2020-05-29 15:53:42'),
(8, 1, 1, 56, 10, 0, '2020-06-02 17:43:45'),
(9, 2, 1, 57, 12, 1, '2020-08-20 15:45:45'),
(10, 1, 1, 57, 1, 0, '2020-08-20 15:45:52'),
(11, 1, 1, 57, 5, 0, '2020-08-20 15:46:14'),
(12, 1, 3, 57, 5, 0, '2020-08-20 15:50:36'),
(13, 1, 3, 57, 12, 0, '2020-08-20 16:00:03'),
(14, 1, 1, 56, 12, 0, '2020-09-09 15:52:31'),
(15, 1, 3, 57, 1, 0, '2020-09-15 18:01:55'),
(16, 1, 1, 58, 1, 0, '2020-10-27 15:26:36');

-- --------------------------------------------------------

--
-- Table structure for table `company`
--

CREATE TABLE `company` (
  `id` int(11) NOT NULL,
  `status` int(11) NOT NULL DEFAULT 1,
  `name` varchar(100) COLLATE utf8_unicode_ci NOT NULL,
  `address` text COLLATE utf8_unicode_ci NOT NULL,
  `photo1` text COLLATE utf8_unicode_ci NOT NULL,
  `last_edit_time` timestamp NOT NULL DEFAULT current_timestamp() ON UPDATE current_timestamp()
) ENGINE=InnoDB DEFAULT CHARSET=utf8 COLLATE=utf8_unicode_ci;

--
-- Dumping data for table `company`
--

INSERT INTO `company` (`id`, `status`, `name`, `address`, `photo1`, `last_edit_time`) VALUES
(1, 1, 'บริษัท แพสชั่น วาเคชั่น จำกัด', '176 หมูที่ 2 ตำบลไม้ขาว อำเภอถลาง จังหวัดภูเก็ต\r\nTel.092-2239078 Fax.076-355988\r\nเลขประจำตัวผู้เสียภาษี/Tax ID 0835562017311 สำนักงานใหญ่', 'https://ams.andamanpassion.com/assets/images/logo/passion-vacation.png', '2020-12-23 04:29:57'),
(2, 1, 'บริษัท เอเชีย วาเคชั่น จำกัด', 'เลขที่ 59/81 หมู่ที่ 4 ถนนพระภูเก็ตแก้ว ตำบลกะทู้ อำเภอกะทู้ จังหวัดภูเก็ต\r\nTel.076-390577 Fax.076-390578', 'https://ams.andamanpassion.com/assets/images/logo/asia-vacation.png', '2020-12-22 06:24:26'),
(3, 1, 'บริษัท อันดามัน แพชชั่น จำกัด', '59/75 หมู่บ้านภูเก็ตวิลล่ากะทู้ หมู่ที่ 4 ถนนพระภูเก็ตแก้ว\r\nอำเภอกะทู้ จังหวัดภูเก็ต 83120\r\nTel.092-2239078 Fax.076-355988', 'https://ams.andamanpassion.com/assets/images/logo/andaman-passion.png', '2020-12-23 04:30:00');

-- --------------------------------------------------------

--
-- Table structure for table `employee`
--

CREATE TABLE `employee` (
  `id` int(11) NOT NULL,
  `status` int(11) NOT NULL,
  `em_username` varchar(100) CHARACTER SET utf8 COLLATE utf8_unicode_ci NOT NULL,
  `em_password` varchar(100) CHARACTER SET utf8 COLLATE utf8_unicode_ci NOT NULL,
  `permission` int(11) NOT NULL,
  `name` varchar(200) CHARACTER SET utf8 COLLATE utf8_unicode_ci NOT NULL,
  `em_email` varchar(200) CHARACTER SET utf8 COLLATE utf8_unicode_ci NOT NULL,
  `em_phone` varchar(100) CHARACTER SET utf8 COLLATE utf8_unicode_ci NOT NULL,
  `trash_deleted` int(11) NOT NULL,
  `create_date` datetime NOT NULL,
  `last_edit_time` datetime NOT NULL
) ENGINE=InnoDB DEFAULT CHARSET=utf8mb4 COLLATE=utf8mb4_unicode_ci;

--
-- Dumping data for table `employee`
--

INSERT INTO `employee` (`id`, `status`, `em_username`, `em_password`, `permission`, `name`, `em_email`, `em_phone`, `trash_deleted`, `create_date`, `last_edit_time`) VALUES
(1, 1, 'solution', 'F:]^=yjo', 1, 'Programmer', 'boss@phuketsolution.com', '+66(0) 81 569 4107 (Tan)', 0, '2019-10-23 14:52:37', '2019-10-23 14:52:39'),
(2, 1, 'administrator', 'andamanpassion19', 1, 'Andaman Passion (Admin)', 'bird@andamanpassion.com', '+66 (0) 76-390-577', 0, '2019-10-23 14:55:56', '2019-11-14 17:47:30'),
(6, 1, 'test01', 'test01', 2, 'Test01', 'test01@gmail.com', '', 0, '2019-11-15 11:58:51', '2019-11-15 11:58:51');

-- --------------------------------------------------------

--
-- Table structure for table `employee_permission`
--

CREATE TABLE `employee_permission` (
  `id` int(11) NOT NULL,
  `status` int(11) NOT NULL,
  `name` varchar(200) CHARACTER SET utf8 COLLATE utf8_unicode_ci NOT NULL,
  `last_edit_time` datetime NOT NULL
) ENGINE=InnoDB DEFAULT CHARSET=utf8mb4 COLLATE=utf8mb4_unicode_ci;

--
-- Dumping data for table `employee_permission`
--

INSERT INTO `employee_permission` (`id`, `status`, `name`, `last_edit_time`) VALUES
(1, 1, 'Administrator', '2019-10-22 12:53:12'),
(2, 1, 'Member', '2019-10-22 12:53:21');

-- --------------------------------------------------------

--
-- Table structure for table `history_type`
--

CREATE TABLE `history_type` (
  `id` int(11) NOT NULL,
  `name` varchar(100) CHARACTER SET utf8 COLLATE utf8_unicode_ci NOT NULL,
  `name_thai` varchar(100) CHARACTER SET utf8 COLLATE utf8_unicode_ci NOT NULL,
  `last_edit_time` datetime NOT NULL
) ENGINE=InnoDB DEFAULT CHARSET=utf8mb4 COLLATE=utf8mb4_unicode_ci;

--
-- Dumping data for table `history_type`
--

INSERT INTO `history_type` (`id`, `name`, `name_thai`, `last_edit_time`) VALUES
(1, 'Create', 'เพิ่มข้อมูล', '2019-12-23 00:00:00'),
(2, 'Update', 'แก้ไขข้อมูล', '2019-12-23 00:00:00'),
(3, 'Delete', 'ลบข้อมูล', '2019-12-23 00:00:00'),
(4, 'Restore', 'คืนข้อมูล', '2019-12-23 00:00:00'),
(5, 'Yes', 'ยืนยันแล้ว', '2020-06-19 00:00:00'),
(6, 'No', 'ยังไม่ยืนยัน', '2020-06-19 00:00:00'),
(7, 'Cancel', 'ยกเลิก', '2020-06-19 00:00:00'),
(8, 'Send', 'ส่งแล้ว', '2020-06-19 00:00:00'),
(9, 'Never', 'ยังไม่ส่ง', '2020-06-19 00:00:00'),
(10, 'Revise', 'ส่งใหม่', '2020-06-19 00:00:00');

-- --------------------------------------------------------

--
-- Table structure for table `invoice`
--

CREATE TABLE `invoice` (
  `id` int(11) NOT NULL,
  `payments_vat` int(11) NOT NULL,
  `inv_title` varchar(2) CHARACTER SET utf8 COLLATE utf8_unicode_ci NOT NULL,
  `inv_date` date NOT NULL,
  `inv_year` int(11) NOT NULL,
  `inv_year_thai` int(11) NOT NULL,
  `inv_month` int(11) NOT NULL,
  `inv_no` int(11) NOT NULL,
  `inv_full` varchar(100) CHARACTER SET utf8 COLLATE utf8_unicode_ci NOT NULL,
  `inv_by` int(11) NOT NULL,
  `agent` int(11) NOT NULL,
  `transfer` int(11) NOT NULL,
  `bill` int(11) NOT NULL,
  `create_date` datetime NOT NULL
) ENGINE=InnoDB DEFAULT CHARSET=utf8mb4 COLLATE=utf8mb4_unicode_ci;

--
-- Dumping data for table `invoice`
--

INSERT INTO `invoice` (`id`, `payments_vat`, `inv_title`, `inv_date`, `inv_year`, `inv_year_thai`, `inv_month`, `inv_no`, `inv_full`, `inv_by`, `agent`, `transfer`, `bill`, `create_date`) VALUES
(1, 1, 'IV', '2020-12-24', 2020, 63, 12, 1, 'IV63120001', 1, 0, 0, 1, '2020-12-24 17:55:03'),
(2, 1, 'IV', '2020-12-24', 2020, 63, 12, 2, 'IV63120002', 1, 0, 0, 1, '2020-12-24 17:55:03'),
(3, 1, 'IV', '2020-12-24', 2020, 63, 12, 3, 'IV63120003', 1, 0, 0, 0, '2020-12-24 17:55:03'),
(4, 1, 'IV', '2020-12-24', 2020, 63, 12, 4, 'IV63120004', 1, 0, 0, 0, '2020-12-24 17:55:03'),
(5, 1, 'IV', '2020-12-24', 2020, 63, 12, 5, 'IV63120005', 1, 0, 1, 0, '2020-12-24 17:55:03'),
(6, 1, 'IV', '2020-12-24', 2020, 63, 12, 6, 'IV63120006', 1, 38, 0, 0, '2020-12-24 17:55:25'),
(7, 1, 'IV', '2020-12-24', 2020, 63, 12, 7, 'IV63120007', 1, 38, 1, 0, '2020-12-24 17:55:26'),
(8, 1, 'IV', '2020-12-24', 2020, 63, 12, 8, 'IV63120008', 1, 38, 0, 0, '2020-12-24 17:55:26'),
(9, 2, 'ST', '2020-12-24', 2020, 63, 12, 1, 'ST63120001', 1, 56, 0, 0, '2020-12-24 17:55:26'),
(10, 2, 'ST', '2020-12-24', 2020, 63, 12, 2, 'ST63120002', 1, 56, 0, 0, '2020-12-24 17:55:26'),
(11, 2, 'ST', '2020-12-24', 2020, 63, 12, 3, 'ST63120003', 1, 56, 0, 0, '2020-12-24 17:55:26'),
(12, 2, 'ST', '2020-12-24', 2020, 63, 12, 4, 'ST63120004', 1, 56, 1, 0, '2020-12-24 17:55:26'),
(13, 1, 'IV', '2020-12-24', 2020, 63, 12, 9, 'IV63120009', 1, 38, 0, 0, '2020-12-24 17:55:27'),
(14, 3, 'ST', '2020-12-24', 2020, 63, 12, 5, 'ST63120005', 1, 22, 0, 0, '2020-12-24 17:55:27'),
(15, 3, 'ST', '2020-12-24', 2020, 63, 12, 6, 'ST63120006', 1, 22, 1, 0, '2020-12-24 17:55:27'),
(16, 1, 'IV', '2020-12-24', 2020, 63, 12, 10, 'IV63120010', 1, 57, 0, 0, '2020-12-24 17:55:27'),
(17, 1, 'IV', '2020-12-24', 2020, 63, 12, 11, 'IV63120011', 1, 57, 0, 0, '2020-12-24 17:55:27'),
(18, 2, 'ST', '2020-12-24', 2020, 63, 12, 7, 'ST63120007', 1, 56, 0, 0, '2020-12-24 17:55:27'),
(19, 3, 'ST', '2020-12-24', 2020, 63, 12, 8, 'ST63120008', 1, 22, 0, 0, '2020-12-24 17:55:27'),
(20, 1, 'IV', '2020-12-24', 2020, 63, 12, 12, 'IV63120012', 1, 57, 0, 0, '2020-12-24 17:55:27'),
(21, 1, 'IV', '2020-12-24', 2020, 63, 12, 13, 'IV63120013', 1, 57, 0, 0, '2020-12-24 17:55:27'),
(22, 1, 'IV', '2020-12-24', 2020, 63, 12, 14, 'IV63120014', 1, 57, 0, 0, '2020-12-24 17:55:27'),
(23, 1, 'IV', '2020-12-24', 2020, 63, 12, 15, 'IV63120015', 1, 57, 0, 0, '2020-12-24 17:55:27'),
(24, 1, 'IV', '2020-12-24', 2020, 63, 12, 16, 'IV63120016', 1, 57, 0, 0, '2020-12-24 17:55:27'),
(25, 1, 'IV', '2020-12-24', 2020, 63, 12, 17, 'IV63120017', 1, 57, 1, 0, '2020-12-24 17:55:28'),
(26, 1, 'IV', '2020-12-24', 2020, 63, 12, 18, 'IV63120018', 1, 57, 0, 0, '2020-12-24 17:55:28'),
(27, 1, 'IV', '2020-12-24', 2020, 63, 12, 19, 'IV63120019', 1, 57, 0, 0, '2020-12-24 17:55:28'),
(28, 1, 'IV', '2020-12-24', 2020, 63, 12, 20, 'IV63120020', 1, 57, 1, 0, '2020-12-24 17:55:28'),
(29, 1, 'IV', '2020-12-24', 2020, 63, 12, 21, 'IV63120021', 1, 57, 0, 0, '2020-12-24 17:55:28'),
(30, 1, 'IV', '2020-12-24', 2020, 63, 12, 22, 'IV63120022', 1, 57, 0, 0, '2020-12-24 17:55:28'),
(31, 1, 'IV', '2020-12-24', 2020, 63, 12, 23, 'IV63120023', 1, 57, 0, 0, '2020-12-24 17:55:28'),
(32, 1, 'IV', '2020-12-24', 2020, 63, 12, 24, 'IV63120024', 1, 57, 1, 0, '2020-12-24 17:55:28'),
(33, 1, 'IV', '2020-12-24', 2020, 63, 12, 25, 'IV63120025', 1, 57, 0, 0, '2020-12-24 17:55:28'),
(34, 1, 'IV', '2020-12-24', 2020, 63, 12, 26, 'IV63120026', 1, 57, 1, 0, '2020-12-24 17:55:28'),
(35, 1, 'IV', '2020-12-24', 2020, 63, 12, 27, 'IV63120027', 1, 57, 0, 0, '2020-12-24 17:55:28'),
(36, 1, 'IV', '2020-12-24', 2020, 63, 12, 28, 'IV63120028', 1, 57, 0, 0, '2020-12-24 17:55:28'),
(37, 1, 'IV', '2020-12-24', 2020, 63, 12, 29, 'IV63120029', 1, 0, 0, 0, '2020-12-24 17:55:43'),
(38, 1, 'IV', '2020-12-24', 2020, 63, 12, 30, 'IV63120030', 1, 0, 1, 0, '2020-12-24 17:55:44'),
(39, 1, 'IV', '2020-12-24', 2020, 63, 12, 31, 'IV63120031', 1, 0, 0, 0, '2020-12-24 17:55:44'),
(40, 1, 'IV', '2020-12-24', 2020, 63, 12, 32, 'IV63120032', 1, 0, 0, 0, '2020-12-24 17:55:44'),
(41, 1, 'IV', '2020-12-24', 2020, 63, 12, 33, 'IV63120033', 1, 0, 0, 0, '2020-12-24 17:55:44'),
(42, 1, 'IV', '2020-12-24', 2020, 63, 12, 34, 'IV63120034', 1, 0, 1, 0, '2020-12-24 17:55:44'),
(43, 1, 'IV', '2020-12-24', 2020, 63, 12, 35, 'IV63120035', 1, 0, 0, 0, '2020-12-24 17:55:44'),
(44, 1, 'IV', '2020-12-24', 2020, 63, 12, 36, 'IV63120036', 1, 0, 0, 0, '2020-12-24 17:55:59'),
(45, 1, 'IV', '2020-12-24', 2020, 63, 12, 37, 'IV63120037', 1, 0, 1, 0, '2020-12-24 17:55:59'),
(46, 1, 'IV', '2020-12-24', 2020, 63, 12, 38, 'IV63120038', 1, 0, 0, 0, '2020-12-24 17:55:59'),
(47, 1, 'IV', '2020-12-24', 2020, 63, 12, 39, 'IV63120039', 1, 0, 1, 0, '2020-12-24 17:55:59'),
(48, 1, 'IV', '2020-12-24', 2020, 63, 12, 40, 'IV63120040', 1, 0, 0, 0, '2020-12-24 17:55:59'),
(49, 1, 'IV', '2020-12-24', 2020, 63, 12, 41, 'IV63120041', 1, 0, 0, 0, '2020-12-24 17:55:59'),
(50, 1, 'IV', '2020-12-24', 2020, 63, 12, 42, 'IV63120042', 1, 0, 0, 0, '2020-12-24 17:55:59'),
(51, 1, 'IV', '2020-12-24', 2020, 63, 12, 43, 'IV63120043', 1, 0, 0, 0, '2020-12-24 17:55:59'),
(52, 2, 'ST', '2020-12-24', 2020, 63, 12, 9, 'ST63120009', 1, 0, 0, 0, '2020-12-24 17:56:16'),
(53, 2, 'ST', '2020-12-24', 2020, 63, 12, 10, 'ST63120010', 1, 0, 1, 0, '2020-12-24 17:56:16'),
(54, 2, 'ST', '2020-12-24', 2020, 63, 12, 11, 'ST63120011', 1, 0, 0, 0, '2020-12-24 17:56:16'),
(55, 2, 'ST', '2020-12-24', 2020, 63, 12, 12, 'ST63120012', 1, 0, 0, 0, '2020-12-24 17:56:17'),
(56, 2, 'ST', '2020-12-24', 2020, 63, 12, 13, 'ST63120013', 1, 0, 0, 0, '2020-12-24 17:56:17'),
(57, 2, 'ST', '2020-12-24', 2020, 63, 12, 14, 'ST63120014', 1, 0, 0, 0, '2020-12-24 17:56:17'),
(58, 2, 'ST', '2020-12-24', 2020, 63, 12, 15, 'ST63120015', 1, 0, 1, 0, '2020-12-24 17:56:17'),
(59, 2, 'ST', '2020-12-24', 2020, 63, 12, 16, 'ST63120016', 1, 0, 0, 0, '2020-12-24 17:56:17'),
(60, 2, 'ST', '2020-12-24', 2020, 63, 12, 17, 'ST63120017', 1, 0, 0, 0, '2020-12-24 17:56:17'),
(61, 1, 'IV', '2021-01-07', 2021, 64, 1, 1, 'IV64010001', 1, 0, 0, 0, '2021-01-07 16:52:06'),
(62, 1, 'IV', '2021-01-07', 2021, 64, 1, 2, 'IV64010002', 1, 0, 0, 0, '2021-01-07 16:52:06'),
(63, 3, 'ST', '2021-01-11', 2021, 64, 1, 1, 'ST64010001', 1, 0, 0, 0, '2021-01-11 13:02:39'),
(64, 3, 'ST', '2021-01-11', 2021, 64, 1, 2, 'ST64010002', 1, 0, 0, 0, '2021-01-11 13:02:40'),
(65, 2, 'ST', '2021-01-11', 2021, 64, 1, 3, 'ST64010003', 1, 0, 0, 0, '2021-01-11 13:57:53'),
(66, 3, 'ST', '2021-01-11', 2021, 64, 1, 4, 'ST64010004', 1, 0, 0, 0, '2021-01-11 13:58:03'),
(67, 3, 'ST', '2021-01-11', 2021, 64, 1, 5, 'ST64010005', 1, 0, 1, 0, '2021-01-11 13:58:03'),
(68, 3, 'ST', '2021-01-11', 2021, 64, 1, 6, 'ST64010006', 1, 0, 0, 0, '2021-01-11 13:58:03'),
(69, 3, 'ST', '2021-01-11', 2021, 64, 1, 7, 'ST64010007', 1, 0, 0, 0, '2021-01-11 13:58:16'),
(70, 3, 'ST', '2021-01-11', 2021, 64, 1, 8, 'ST64010008', 1, 0, 1, 0, '2021-01-11 13:58:16'),
(71, 3, 'ST', '2021-01-11', 2021, 64, 1, 9, 'ST64010009', 1, 0, 0, 0, '2021-01-11 13:58:16'),
(72, 3, 'ST', '2021-01-11', 2021, 64, 1, 10, 'ST64010010', 1, 0, 0, 0, '2021-01-11 13:58:16');

-- --------------------------------------------------------

--
-- Table structure for table `invoice_products`
--

CREATE TABLE `invoice_products` (
  `id` int(11) NOT NULL,
  `invoice` int(11) NOT NULL,
  `products_type` int(11) NOT NULL,
  `booking` int(11) NOT NULL,
  `booking_products` int(11) NOT NULL,
  `period` int(11) NOT NULL,
  `percent_invoice` int(11) NOT NULL,
  `total_invoice` double(15,2) NOT NULL,
  `transfer` int(11) NOT NULL,
  `create_date` datetime NOT NULL
) ENGINE=InnoDB DEFAULT CHARSET=utf8mb4 COLLATE=utf8mb4_unicode_ci;

--
-- Dumping data for table `invoice_products`
--

INSERT INTO `invoice_products` (`id`, `invoice`, `products_type`, `booking`, `booking_products`, `period`, `percent_invoice`, `total_invoice`, `transfer`, `create_date`) VALUES
(1, 1, 4, 2, 4, 1, 100, 12000.00, 0, '2020-12-24 17:55:03'),
(2, 2, 2, 2, 15, 1, 100, 2000.00, 0, '2020-12-24 17:55:03'),
(3, 3, 3, 2, 16, 1, 100, 2800.00, 0, '2020-12-24 17:55:03'),
(4, 4, 1, 2, 17, 1, 100, 7710.00, 0, '2020-12-24 17:55:03'),
(5, 5, 1, 2, 17, 1, 100, 4790.00, 1, '2020-12-24 17:55:03'),
(6, 6, 1, 1, 1, 1, 100, 12000.00, 0, '2020-12-24 17:55:25'),
(7, 7, 1, 1, 1, 1, 100, 3600.00, 1, '2020-12-24 17:55:26'),
(8, 8, 4, 1, 2, 1, 100, 13800.00, 0, '2020-12-24 17:55:26'),
(9, 9, 1, 5, 7, 1, 100, 1962.62, 0, '2020-12-24 17:55:26'),
(10, 10, 4, 5, 8, 1, 100, 5420.56, 0, '2020-12-24 17:55:26'),
(11, 11, 2, 5, 18, 1, 100, 28037.38, 0, '2020-12-24 17:55:26'),
(12, 12, 2, 5, 18, 1, 100, 1401.87, 1, '2020-12-24 17:55:26'),
(13, 13, 4, 1, 19, 1, 100, 3000.00, 0, '2020-12-24 17:55:27'),
(14, 14, 1, 7, 20, 1, 100, 1926.00, 0, '2020-12-24 17:55:27'),
(15, 15, 1, 7, 20, 1, 100, 2568.00, 1, '2020-12-24 17:55:27'),
(16, 16, 1, 8, 24, 1, 100, 10000.00, 0, '2020-12-24 17:55:27'),
(17, 17, 4, 8, 25, 1, 100, 1200.00, 0, '2020-12-24 17:55:27'),
(18, 18, 1, 11, 30, 1, 100, 2429.91, 0, '2020-12-24 17:55:27'),
(19, 19, 4, 7, 31, 1, 100, 642.00, 0, '2020-12-24 17:55:27'),
(20, 20, 1, 8, 33, 1, 100, 6500.00, 0, '2020-12-24 17:55:27'),
(21, 21, 2, 8, 34, 1, 100, 30000.00, 0, '2020-12-24 17:55:27'),
(22, 22, 3, 8, 35, 1, 100, 500.00, 0, '2020-12-24 17:55:27'),
(23, 23, 4, 8, 36, 1, 100, 10670.00, 0, '2020-12-24 17:55:27'),
(24, 24, 1, 16, 46, 1, 100, 16500.00, 0, '2020-12-24 17:55:27'),
(25, 25, 1, 16, 46, 1, 100, 2000.00, 1, '2020-12-24 17:55:28'),
(26, 26, 4, 16, 47, 1, 100, 2300.00, 0, '2020-12-24 17:55:28'),
(27, 27, 2, 16, 48, 1, 100, 30000.00, 0, '2020-12-24 17:55:28'),
(28, 28, 2, 16, 48, 1, 100, 2500.00, 1, '2020-12-24 17:55:28'),
(29, 29, 3, 16, 49, 1, 100, 500.00, 0, '2020-12-24 17:55:28'),
(30, 30, 1, 16, 55, 1, 100, 12000.00, 0, '2020-12-24 17:55:28'),
(31, 31, 1, 18, 61, 1, 100, 0.00, 0, '2020-12-24 17:55:28'),
(32, 32, 1, 18, 61, 1, 100, 0.00, 1, '2020-12-24 17:55:28'),
(33, 33, 2, 18, 62, 1, 100, 0.00, 0, '2020-12-24 17:55:28'),
(34, 34, 2, 18, 62, 1, 100, 0.00, 1, '2020-12-24 17:55:28'),
(35, 35, 3, 18, 63, 1, 100, 0.00, 0, '2020-12-24 17:55:28'),
(36, 36, 4, 18, 64, 1, 100, 0.00, 0, '2020-12-24 17:55:28'),
(37, 37, 1, 3, 5, 1, 100, 11234.00, 0, '2020-12-24 17:55:43'),
(38, 38, 1, 3, 5, 1, 100, 766.00, 1, '2020-12-24 17:55:44'),
(39, 39, 3, 3, 10, 1, 100, 2400.00, 0, '2020-12-24 17:55:44'),
(40, 40, 4, 3, 11, 1, 100, 3600.00, 0, '2020-12-24 17:55:44'),
(41, 41, 1, 3, 12, 1, 100, 2000.00, 0, '2020-12-24 17:55:44'),
(42, 42, 1, 3, 12, 1, 100, 0.00, 1, '2020-12-24 17:55:44'),
(43, 43, 2, 3, 13, 1, 100, 2000.00, 0, '2020-12-24 17:55:44'),
(44, 44, 1, 17, 56, 1, 100, 0.00, 0, '2020-12-24 17:55:59'),
(45, 45, 1, 17, 56, 1, 100, 0.00, 1, '2020-12-24 17:55:59'),
(46, 46, 2, 17, 57, 1, 100, 0.00, 0, '2020-12-24 17:55:59'),
(47, 47, 2, 17, 57, 1, 100, 0.00, 1, '2020-12-24 17:55:59'),
(48, 48, 3, 17, 58, 1, 100, 0.00, 0, '2020-12-24 17:55:59'),
(49, 49, 4, 17, 59, 1, 100, 0.00, 0, '2020-12-24 17:55:59'),
(50, 50, 1, 17, 60, 1, 100, 0.00, 0, '2020-12-24 17:55:59'),
(51, 51, 2, 17, 65, 1, 100, 0.00, 0, '2020-12-24 17:55:59'),
(52, 52, 1, 9, 21, 1, 100, 7850.47, 0, '2020-12-24 17:56:16'),
(53, 53, 1, 9, 21, 1, 100, 3925.23, 1, '2020-12-24 17:56:16'),
(54, 54, 3, 9, 22, 1, 100, 1401.87, 0, '2020-12-24 17:56:16'),
(55, 55, 2, 9, 23, 1, 100, 5046.73, 0, '2020-12-24 17:56:17'),
(56, 56, 1, 9, 32, 1, 100, 219626.17, 0, '2020-12-24 17:56:17'),
(57, 57, 2, 9, 38, 1, 100, 29439.25, 0, '2020-12-24 17:56:17'),
(58, 58, 2, 9, 38, 1, 100, 5140.19, 1, '2020-12-24 17:56:17'),
(59, 59, 3, 9, 39, 1, 100, 934.58, 0, '2020-12-24 17:56:17'),
(60, 60, 4, 9, 40, 1, 100, 19943.93, 0, '2020-12-24 17:56:17'),
(61, 61, 3, 14, 74, 1, 100, 1000.00, 0, '2021-01-07 16:52:06'),
(62, 62, 3, 14, 75, 1, 100, 500.00, 0, '2021-01-07 16:52:06'),
(63, 63, 1, 14, 70, 1, 100, 12840.00, 0, '2021-01-11 13:02:39'),
(64, 64, 1, 14, 71, 1, 100, 12840.00, 0, '2021-01-11 13:02:40'),
(65, 65, 4, 14, 77, 1, 100, 3738.32, 0, '2021-01-11 13:57:53'),
(66, 66, 2, 14, 72, 1, 100, 2026.58, 0, '2021-01-11 13:58:03'),
(67, 67, 2, 14, 72, 1, 100, 648.42, 1, '2021-01-11 13:58:03'),
(68, 68, 2, 14, 73, 1, 100, 1498.00, 0, '2021-01-11 13:58:03'),
(69, 69, 1, 14, 41, 1, 100, 10593.00, 0, '2021-01-11 13:58:16'),
(70, 70, 1, 14, 41, 1, 100, 642.00, 1, '2021-01-11 13:58:16'),
(71, 71, 1, 14, 50, 1, 100, 7490.00, 0, '2021-01-11 13:58:16'),
(72, 72, 4, 14, 76, 1, 100, 2568.00, 0, '2021-01-11 13:58:17');

-- --------------------------------------------------------

--
-- Table structure for table `payments_booking`
--

CREATE TABLE `payments_booking` (
  `id` int(11) NOT NULL,
  `status` int(11) NOT NULL DEFAULT 1,
  `booking` int(11) NOT NULL,
  `booking_products` int(11) NOT NULL,
  `accounts` int(11) NOT NULL,
  `bank` int(11) NOT NULL,
  `date_paid` date NOT NULL,
  `receip_no` varchar(100) COLLATE utf8_unicode_ci NOT NULL,
  `amount_paid` double(15,2) NOT NULL,
  `receiver_name` varchar(150) COLLATE utf8_unicode_ci NOT NULL,
  `bank_name` varchar(150) COLLATE utf8_unicode_ci NOT NULL,
  `bank_no` varchar(100) COLLATE utf8_unicode_ci NOT NULL,
  `photo1` text COLLATE utf8_unicode_ci NOT NULL,
  `trash_deleted` int(11) NOT NULL,
  `last_edit_time` datetime NOT NULL
) ENGINE=InnoDB DEFAULT CHARSET=utf8 COLLATE=utf8_unicode_ci;

--
-- Dumping data for table `payments_booking`
--

INSERT INTO `payments_booking` (`id`, `status`, `booking`, `booking_products`, `accounts`, `bank`, `date_paid`, `receip_no`, `amount_paid`, `receiver_name`, `bank_name`, `bank_no`, `photo1`, `trash_deleted`, `last_edit_time`) VALUES
(1, 1, 18, 84, 4, 0, '2021-04-27', '10220', 3000.00, 'Admin', '', '', '1619513491_1.jpg', 0, '2021-04-27 16:44:27'),
(2, 1, 18, 92, 6, 0, '2021-04-28', '10221', 2000.00, 'Admin', '', '', '1619518137_1.jpg', 0, '2021-04-27 17:08:57'),
(3, 1, 18, 0, 4, 0, '2021-04-27', '10222', 1000.00, 'Admin', '', '', '1619519828_1.jpg', 0, '2021-04-30 16:27:52'),
(4, 1, 18, 92, 5, 0, '2021-04-30', '10223', 1000.00, 'Admin', '', '', '', 2, '2021-04-30 16:28:12'),
(5, 1, 18, 0, 7, 0, '2021-04-30', '10224', 1000.00, 'Admin', '', '', '', 2, '2021-04-30 16:28:27'),
(6, 1, 18, 0, 6, 0, '2021-05-05', '10225', 2000.00, 'Admin', '', '', '', 2, '2021-05-04 15:18:44'),
(7, 1, 18, 0, 6, 0, '2021-05-04', '10226', 1000.00, 'Admin', '', '', '', 2, '2021-05-04 15:28:33'),
(8, 1, 18, 0, 4, 0, '2021-05-04', '10226', 1000.00, 'Admin', '', '', '', 2, '2021-05-04 15:37:02'),
(9, 1, 17, 0, 4, 0, '2021-05-02', '22051', 5000.00, 'Admin', '', '', '', 2, '2021-05-04 15:52:34'),
(10, 1, 18, 0, 2, 0, '2021-05-19', '10228', 2000.00, 'Admin', '', '', '', 2, '2021-05-19 09:58:37'),
(11, 1, 19, 0, 9, 0, '2021-05-19', '10220', 2000.00, 'Admin', '', '', '', 2, '2021-05-19 10:49:08');

-- --------------------------------------------------------

--
-- Table structure for table `payments_receipt`
--

CREATE TABLE `payments_receipt` (
  `id` int(11) NOT NULL,
  `receipt_no` varchar(100) CHARACTER SET utf8 COLLATE utf8_unicode_ci NOT NULL,
  `payment_date` datetime NOT NULL,
  `payments_type` int(11) NOT NULL,
  `amount_paid` double(15,2) NOT NULL,
  `withholding_tax` double(15,2) NOT NULL,
  `credit` double(15,2) NOT NULL,
  `total_amount_paid` double(15,2) NOT NULL,
  `status` int(11) NOT NULL,
  `create_by` int(11) NOT NULL,
  `create_date` datetime NOT NULL
) ENGINE=InnoDB DEFAULT CHARSET=utf8mb4 COLLATE=utf8mb4_unicode_ci;

-- --------------------------------------------------------

--
-- Table structure for table `payments_receipt_products`
--

CREATE TABLE `payments_receipt_products` (
  `id` int(11) NOT NULL,
  `payments_receipt` int(11) NOT NULL,
  `invoice` int(11) NOT NULL,
  `invoice_products` int(11) NOT NULL,
  `products_type` int(11) NOT NULL,
  `booking` int(11) NOT NULL,
  `booking_products` int(11) NOT NULL,
  `pay` double(15,2) NOT NULL,
  `create_date` datetime NOT NULL
) ENGINE=InnoDB DEFAULT CHARSET=utf8mb4 COLLATE=utf8mb4_unicode_ci;

-- --------------------------------------------------------

--
-- Table structure for table `payments_type`
--

CREATE TABLE `payments_type` (
  `id` int(11) NOT NULL,
  `status` int(11) NOT NULL DEFAULT 1,
  `name` varchar(150) COLLATE utf8_unicode_ci NOT NULL,
  `last_edit_time` datetime NOT NULL
) ENGINE=InnoDB DEFAULT CHARSET=utf8 COLLATE=utf8_unicode_ci;

-- --------------------------------------------------------

--
-- Table structure for table `payments_vat`
--

CREATE TABLE `payments_vat` (
  `id` int(11) NOT NULL,
  `name` varchar(100) CHARACTER SET utf8 COLLATE utf8_unicode_ci NOT NULL,
  `name_title` varchar(2) CHARACTER SET utf8 COLLATE utf8_unicode_ci NOT NULL,
  `last_edit_time` datetime NOT NULL
) ENGINE=InnoDB DEFAULT CHARSET=utf8mb4 COLLATE=utf8mb4_unicode_ci;

--
-- Dumping data for table `payments_vat`
--

INSERT INTO `payments_vat` (`id`, `name`, `name_title`, `last_edit_time`) VALUES
(1, 'Vat 0%', 'IV', '2019-10-22 18:35:34'),
(2, 'รวม Vat', 'ST', '2019-10-22 18:35:45'),
(3, 'แยก Vat', 'ST', '2019-10-23 14:40:26');

-- --------------------------------------------------------

--
-- Table structure for table `place`
--

CREATE TABLE `place` (
  `id` int(11) NOT NULL,
  `status` int(11) NOT NULL,
  `name` varchar(200) COLLATE utf8_unicode_ci NOT NULL,
  `pickup` int(11) NOT NULL,
  `dropoff` int(11) NOT NULL,
  `trash_deleted` int(11) NOT NULL,
  `last_edit_time` timestamp NOT NULL DEFAULT current_timestamp() ON UPDATE current_timestamp()
) ENGINE=InnoDB DEFAULT CHARSET=utf8 COLLATE=utf8_unicode_ci;

--
-- Dumping data for table `place`
--

INSERT INTO `place` (`id`, `status`, `name`, `pickup`, `dropoff`, `trash_deleted`, `last_edit_time`) VALUES
(1, 1, 'ท่าเรือทับละมุ', 1, 1, 2, '2020-12-17 02:29:18'),
(2, 1, 'ท่าเรือรัษฏา', 1, 1, 2, '2020-12-16 10:20:41'),
(3, 1, 'หาดป่าตอง', 1, 1, 2, '2020-12-17 02:29:15'),
(4, 1, 'ท่าเรือฉลอง', 1, 1, 2, '2020-12-17 02:29:04'),
(5, 1, 'หาดกะตะ', 1, 1, 2, '2020-12-18 03:08:53'),
(6, 1, 'หาดในหาน', 1, 1, 2, '2020-12-18 03:40:22'),
(7, 1, 'โบ๊ทลากูน', 1, 1, 2, '2020-12-18 03:40:46'),
(8, 1, 'โลตัสถลาง', 1, 1, 2, '2020-12-18 03:57:43');

-- --------------------------------------------------------

--
-- Table structure for table `products_category_first`
--

CREATE TABLE `products_category_first` (
  `id` int(11) NOT NULL,
  `status` int(11) NOT NULL,
  `products_type` int(11) NOT NULL,
  `supplier` int(11) NOT NULL,
  `name` text CHARACTER SET utf8 COLLATE utf8_unicode_ci NOT NULL,
  `validity_from` date NOT NULL,
  `validity_to` date NOT NULL,
  `procode` varchar(100) CHARACTER SET utf8 COLLATE utf8_unicode_ci NOT NULL,
  `photo1` varchar(100) CHARACTER SET utf8 COLLATE utf8_unicode_ci NOT NULL,
  `photo2` varchar(100) CHARACTER SET utf8 COLLATE utf8_unicode_ci NOT NULL,
  `photo3` varchar(100) CHARACTER SET utf8 COLLATE utf8_unicode_ci NOT NULL,
  `trash_deleted` int(11) NOT NULL,
  `last_edit_time` datetime NOT NULL
) ENGINE=InnoDB DEFAULT CHARSET=utf8mb4 COLLATE=utf8mb4_unicode_ci;

--
-- Dumping data for table `products_category_first`
--

INSERT INTO `products_category_first` (`id`, `status`, `products_type`, `supplier`, `name`, `validity_from`, `validity_to`, `procode`, `photo1`, `photo2`, `photo3`, `trash_deleted`, `last_edit_time`) VALUES
(1, 1, 1, 5, 'Andaman Passion', '2019-10-01', '2021-12-31', '', '1574841992_1.pdf', '', '', 0, '2021-01-07 10:20:15'),
(2, 2, 1, 5, 'Andaman Passion', '2017-12-01', '2019-09-01', '', '', '', '', 0, '2019-11-20 14:40:00'),
(3, 1, 1, 5, 'Test by Phuket Solution', '2019-11-27', '2021-12-31', 'TEST0001', '1574843699_1.pdf', '', '', 0, '2021-01-07 10:21:02'),
(4, 1, 2, 5, 'Test by Phuket Solution', '2019-11-01', '2021-12-31', 'TEST0001', '1574844566_1.pdf', '', '', 0, '2021-01-07 10:21:26'),
(6, 1, 3, 5, 'Transfer #0001', '2019-11-29', '2021-12-31', '', '', '', '', 0, '2021-01-07 11:49:37'),
(7, 1, 4, 5, 'Hotel #0001', '2019-11-29', '2021-12-31', '', '', '', '', 0, '2021-01-07 11:50:09'),
(8, 1, 4, 1, 'Dream Hotal Test', '2020-01-01', '2021-12-31', 'Test0021', '', '', '', 0, '2021-01-07 10:18:05'),
(9, 1, 3, 1, 'Dream Transfer Test', '2020-01-01', '2021-12-31', '', '', '', '', 0, '2021-01-07 10:16:45'),
(10, 1, 2, 1, 'Dream Activity Test', '2020-01-01', '2021-12-31', '', '', '', '', 0, '2021-01-07 10:15:02'),
(11, 1, 1, 1, 'Dream Tours Test', '2020-01-01', '2021-12-31', '', '', '', '', 0, '2021-01-07 10:14:25'),
(12, 1, 1, 10, 'copy-tours', '2020-06-01', '2020-06-30', '182000', '', '', '', 0, '2020-06-02 16:11:00'),
(13, 1, 4, 1, 'Dream Hotal Test02', '2020-01-01', '2020-01-31', '', '', '', '', 0, '2020-06-10 16:17:30'),
(14, 1, 1, 12, 'session-1', '2020-01-01', '2020-12-31', '184000', '', '', '', 0, '2020-10-29 17:54:51'),
(15, 1, 2, 12, 'activity-test-1', '2020-08-01', '2020-08-31', '185000', '', '', '', 0, '2020-08-20 15:24:38'),
(16, 1, 3, 12, 'tip-transfer-1', '2020-08-01', '2020-08-09', '186000', '', '', '', 0, '2020-08-20 15:29:09'),
(17, 1, 4, 12, 'tip-hotel-test', '2020-08-01', '2020-08-31', '1870000', '', '', '', 0, '2020-08-20 15:36:08'),
(18, 1, 3, 12, 'fun-transfer', '2020-08-10', '2020-08-31', '186500', '', '', '', 0, '2020-08-20 15:36:50'),
(19, 1, 1, 12, 'session-2', '2020-01-01', '2020-12-31', '184000', '', '', '', 0, '2020-10-29 17:55:26'),
(20, 1, 1, 1, 'Dream Covid Pro', '2020-01-01', '2021-12-31', '1824500', '', '', '', 0, '2021-01-07 10:13:29'),
(21, 1, 4, 1, 'Dream Hotal Test Covid Pro', '2020-01-01', '2021-12-31', 'CV1501', '', '', '', 0, '2021-01-07 10:18:52'),
(22, 1, 1, 13, 'Test-insert', '2020-10-01', '2020-10-31', '182005', '', '', '', 0, '2020-10-27 14:07:13');

-- --------------------------------------------------------

--
-- Table structure for table `products_category_second`
--

CREATE TABLE `products_category_second` (
  `id` int(11) NOT NULL,
  `status` int(11) NOT NULL,
  `products_category_first` int(11) NOT NULL,
  `name` text CHARACTER SET utf8 COLLATE utf8_unicode_ci NOT NULL,
  `withholding_tax` int(11) NOT NULL,
  `trash_deleted` int(11) NOT NULL,
  `last_edit_time` datetime NOT NULL
) ENGINE=InnoDB DEFAULT CHARSET=utf8mb4 COLLATE=utf8mb4_unicode_ci;

--
-- Dumping data for table `products_category_second`
--

INSERT INTO `products_category_second` (`id`, `status`, `products_category_first`, `name`, `withholding_tax`, `trash_deleted`, `last_edit_time`) VALUES
(1, 1, 1, 'Passion Catamaran', 2, 0, '2019-11-27 17:34:42'),
(2, 1, 1, 'Passion Catamaran TTT#53', 2, 0, '2019-11-21 00:00:00'),
(3, 1, 1, 'Private Passion Catamaran', 2, 0, '2019-11-21 00:00:00'),
(4, 1, 2, 'Passion to Phang Nga Bay', 2, 0, '2019-11-21 00:00:00'),
(5, 1, 2, 'Passion to Phang Nga Bay - Private', 2, 0, '2019-11-21 00:00:00'),
(6, 1, 3, 'Test #0001', 2, 0, '2019-12-04 12:54:14'),
(7, 1, 4, 'Product T0001', 2, 0, '2019-11-29 10:53:48'),
(8, 1, 6, 'Transfer Product #0001', 2, 0, '2019-11-29 12:46:51'),
(9, 1, 7, 'Hotel Product #0001', 2, 0, '2019-11-29 14:45:15'),
(25, 1, 7, 'Hotel Product #0002', 2, 0, '2019-12-02 21:08:54'),
(26, 1, 7, 'Hotel Product #0003', 2, 0, '2019-12-02 21:11:30'),
(27, 1, 6, 'Transfer Product #0002', 2, 0, '2019-12-02 21:12:32'),
(28, 1, 8, 'The king room', 2, 0, '2020-05-28 15:49:37'),
(29, 1, 9, 'The king transfer', 1, 0, '2020-05-28 19:51:36'),
(31, 1, 10, 'The king activity', 2, 0, '2020-05-28 19:59:23'),
(32, 1, 11, 'The king tours', 2, 0, '2020-05-28 20:02:46'),
(33, 1, 12, '#tours-1', 2, 0, '2020-06-02 16:11:27'),
(34, 1, 12, '#tours-2', 2, 0, '2020-06-02 16:14:24'),
(35, 1, 13, 'The king room02', 2, 0, '2020-06-10 16:14:04'),
(36, 1, 14, 'test-1-tour', 2, 0, '2020-08-20 15:19:52'),
(37, 1, 14, 'tour-test-1', 2, 0, '2020-08-20 15:22:20'),
(38, 1, 15, 'test-activity-1', 2, 0, '2020-08-20 15:25:16'),
(39, 1, 15, 'test-activity-1 - (2)', 2, 0, '2020-08-20 15:25:54'),
(40, 1, 16, 'lula-tranfer', 1, 0, '2020-08-20 15:29:52'),
(41, 2, 16, 'lula-tranfer - (2)', 1, 0, '2020-08-20 15:35:08'),
(42, 1, 18, 'funny-test', 2, 0, '2020-08-20 15:37:14'),
(43, 1, 17, 'Dream-hotel', 2, 0, '2020-08-20 15:38:27'),
(44, 1, 19, 'test-supp', 2, 0, '2020-09-11 12:39:16'),
(45, 1, 20, 'Promotion Covid', 2, 0, '2020-09-15 11:03:20'),
(46, 1, 9, 'Tranfers Pormotion Covid', 2, 0, '2020-09-15 17:59:35'),
(47, 1, 21, 'Dream Promotion Covid', 2, 0, '2020-09-15 18:07:15'),
(48, 1, 22, 'Test123', 2, 0, '2020-10-27 15:01:05'),
(49, 1, 10, 'The Qeen activity', 2, 0, '2020-10-27 17:45:14'),
(50, 2, 14, 'tour-test-2', 2, 0, '2020-10-29 18:08:45'),
(51, 1, 10, 'The Qeen activity -1', 2, 0, '2020-11-27 11:12:27'),
(52, 2, 1, 'Private Passion Catamaran - (Copy)', 2, 0, '2021-02-23 10:29:48'),
(53, 1, 6, 'Transfer Product #0004', 2, 0, '2021-05-19 17:59:42');

-- --------------------------------------------------------

--
-- Table structure for table `products_category_third`
--

CREATE TABLE `products_category_third` (
  `id` int(11) NOT NULL,
  `status` int(11) NOT NULL,
  `products_category_first` int(11) NOT NULL,
  `products_category_second` int(11) NOT NULL,
  `periods_from` date NOT NULL,
  `periods_to` date NOT NULL,
  `rate_1` double(15,2) NOT NULL COMMENT 'Price for adult / car / room',
  `rate_2` double(15,2) NOT NULL COMMENT '(Sale) Price for adult / car / room',
  `rate_3` double(15,2) NOT NULL COMMENT 'Price for child / Tour / Activities',
  `rate_4` double(15,2) NOT NULL COMMENT '(Sale) Price for child / Tour / Activities',
  `charter_1` double(15,2) NOT NULL COMMENT 'Price for charter / Tour',
  `charter_2` double(15,2) NOT NULL COMMENT '(Sale) Price for charter / Tour',
  `group_1` double(15,2) NOT NULL COMMENT 'Price for group / Activities',
  `group_2` double(15,2) NOT NULL COMMENT '(Sale) Price for group / Activities',
  `transfer_1` double(15,2) NOT NULL COMMENT 'Price for transfer / Tour / Activities',
  `transfer_2` double(15,2) NOT NULL COMMENT '(Sale) Price for transfer / Tour / Activities',
  `pax` int(11) NOT NULL COMMENT 'Pax / Tour / Activities',
  `extra_hour_1` double(15,2) NOT NULL COMMENT 'Price for extra hour / Transfer',
  `extra_hour_2` double(15,2) NOT NULL COMMENT '(Sale) Price for extra hour / Transfer',
  `hours_no` int(11) NOT NULL COMMENT 'Hours / Transfer',
  `extrabeds_1` double(15,2) NOT NULL COMMENT 'Price for extra beds / Hotel',
  `extrabeds_2` double(15,2) NOT NULL COMMENT '(Sale) Price for extra beds / Hotel',
  `sharingbed_1` double(15,2) NOT NULL COMMENT 'Price for sharing bed / Hotel',
  `sharingbed_2` double(15,2) NOT NULL COMMENT '(Sale) Price for sharing bed / Hotel',
  `trash_deleted` int(11) NOT NULL,
  `last_edit_time` datetime NOT NULL
) ENGINE=InnoDB DEFAULT CHARSET=utf8mb4 COLLATE=utf8mb4_unicode_ci;

--
-- Dumping data for table `products_category_third`
--

INSERT INTO `products_category_third` (`id`, `status`, `products_category_first`, `products_category_second`, `periods_from`, `periods_to`, `rate_1`, `rate_2`, `rate_3`, `rate_4`, `charter_1`, `charter_2`, `group_1`, `group_2`, `transfer_1`, `transfer_2`, `pax`, `extra_hour_1`, `extra_hour_2`, `hours_no`, `extrabeds_1`, `extrabeds_2`, `sharingbed_1`, `sharingbed_2`, `trash_deleted`, `last_edit_time`) VALUES
(1, 1, 1, 1, '2019-10-01', '2021-12-31', 4000.00, 4700.00, 3000.00, 3800.00, 0.00, 0.00, 0.00, 0.00, 200.00, 300.00, 0, 0.00, 0.00, 0, 0.00, 0.00, 0.00, 0.00, 0, '2021-01-07 10:20:36'),
(2, 1, 1, 2, '2019-11-08', '2019-11-30', 0.00, 2999.00, 0.00, 2199.00, 0.00, 0.00, 0.00, 0.00, 0.00, 300.00, 0, 0.00, 0.00, 0, 0.00, 0.00, 0.00, 0.00, 0, '2019-12-02 13:46:01'),
(3, 1, 1, 3, '2019-10-21', '2020-10-31', 0.00, 2000.00, 0.00, 0.00, 0.00, 235000.00, 0.00, 0.00, 0.00, 0.00, 60, 0.00, 0.00, 0, 0.00, 0.00, 0.00, 0.00, 0, '2019-12-02 13:46:07'),
(4, 1, 2, 4, '2017-12-01', '2019-12-31', 2000.00, 3000.00, 2000.00, 2500.00, 0.00, 0.00, 0.00, 0.00, 100.00, 200.00, 0, 0.00, 0.00, 0, 0.00, 0.00, 0.00, 0.00, 0, '2019-12-02 13:46:26'),
(5, 1, 2, 5, '2017-12-01', '2019-12-31', 1500.00, 1500.00, 1500.00, 1500.00, 60000.00, 60000.00, 20.00, 0.00, 0.00, 0.00, 0, 0.00, 0.00, 0, 0.00, 0.00, 0.00, 0.00, 0, '2019-12-02 13:46:32'),
(6, 1, 3, 6, '2019-11-01', '2021-12-31', 2000.00, 3500.00, 1000.00, 2500.00, 100000.00, 150000.00, 0.00, 0.00, 300.00, 500.00, 10, 0.00, 0.00, 0, 0.00, 0.00, 0.00, 0.00, 0, '2021-01-07 10:21:14'),
(7, 1, 4, 7, '2019-11-29', '2021-12-31', 1000.00, 1500.00, 500.00, 800.00, 0.00, 0.00, 20000.00, 30000.00, 200.00, 500.00, 10, 0.00, 0.00, 0, 0.00, 0.00, 0.00, 0.00, 0, '2021-01-07 11:49:14'),
(8, 1, 6, 8, '2019-12-01', '2019-12-31', 1000.00, 1200.00, 0.00, 0.00, 0.00, 0.00, 0.00, 0.00, 0.00, 0.00, 0, 500.00, 800.00, 6, 0.00, 0.00, 0.00, 0.00, 0, '2019-12-02 13:45:31'),
(9, 1, 6, 8, '2020-01-01', '2021-01-31', 2000.00, 2800.00, 0.00, 0.00, 0.00, 0.00, 0.00, 0.00, 0.00, 0.00, 0, 500.00, 800.00, 4, 0.00, 0.00, 0.00, 0.00, 0, '2020-02-14 14:33:11'),
(10, 1, 7, 9, '2019-11-29', '2021-12-31', 1000.00, 1500.00, 0.00, 0.00, 0.00, 0.00, 0.00, 0.00, 0.00, 0.00, 0, 0.00, 0.00, 0, 500.00, 800.00, 300.00, 700.00, 0, '2021-01-07 11:50:17'),
(17, 1, 7, 25, '2019-11-29', '2020-12-31', 1000.00, 1500.00, 0.00, 0.00, 0.00, 0.00, 0.00, 0.00, 0.00, 0.00, 0, 0.00, 0.00, 0, 500.00, 800.00, 300.00, 700.00, 0, '2020-02-14 14:33:53'),
(18, 1, 7, 26, '2019-11-29', '2019-12-31', 1000.00, 1500.00, 0.00, 0.00, 0.00, 0.00, 0.00, 0.00, 0.00, 0.00, 0, 0.00, 0.00, 0, 500.00, 800.00, 300.00, 700.00, 0, '2019-12-02 21:11:23'),
(19, 1, 6, 27, '2019-12-01', '2019-12-31', 1000.00, 1200.00, 0.00, 0.00, 0.00, 0.00, 0.00, 0.00, 0.00, 0.00, 0, 500.00, 800.00, 6, 0.00, 0.00, 0.00, 0.00, 0, '2019-12-02 21:12:24'),
(20, 1, 6, 27, '2020-01-01', '2021-01-31', 2000.00, 2800.00, 0.00, 0.00, 0.00, 0.00, 0.00, 0.00, 0.00, 0.00, 0, 500.00, 800.00, 4, 0.00, 0.00, 0.00, 0.00, 0, '2020-02-14 14:33:22'),
(21, 1, 8, 28, '2020-01-01', '2021-12-31', 1000.00, 1200.00, 0.00, 0.00, 0.00, 0.00, 0.00, 0.00, 0.00, 0.00, 0, 0.00, 0.00, 0, 200.00, 250.00, 100.00, 150.00, 0, '2021-01-07 10:18:20'),
(22, 1, 8, 28, '2019-12-01', '2019-12-31', 1200.00, 1500.00, 0.00, 0.00, 0.00, 0.00, 0.00, 0.00, 0.00, 0.00, 0, 0.00, 0.00, 0, 300.00, 350.00, 0.00, 0.00, 0, '2020-06-10 16:10:04'),
(23, 1, 9, 29, '2020-01-01', '2020-12-31', 1000.00, 1200.00, 0.00, 0.00, 0.00, 0.00, 0.00, 0.00, 0.00, 0.00, 0, 300.00, 350.00, 3, 0.00, 0.00, 0.00, 0.00, 0, '2020-10-29 14:54:35'),
(24, 1, 10, 31, '2021-01-01', '2021-12-31', 500.00, 600.00, 300.00, 400.00, 0.00, 0.00, 1500.00, 2000.00, 300.00, 400.00, 5, 0.00, 0.00, 0, 0.00, 0.00, 0.00, 0.00, 0, '2021-01-07 10:15:58'),
(25, 1, 11, 32, '2020-01-01', '2021-12-31', 1000.00, 1300.00, 800.00, 1000.00, 10000.00, 12000.00, 0.00, 0.00, 500.00, 700.00, 12, 0.00, 0.00, 0, 0.00, 0.00, 0.00, 0.00, 0, '2021-01-07 10:14:37'),
(26, 1, 12, 33, '2020-06-01', '2020-06-15', 600.00, 700.00, 0.00, 0.00, 0.00, 0.00, 0.00, 0.00, 0.00, 0.00, 0, 0.00, 0.00, 0, 0.00, 0.00, 0.00, 0.00, 0, '2020-06-02 16:13:39'),
(27, 1, 12, 34, '2020-06-01', '2020-06-15', 600.00, 700.00, 0.00, 0.00, 0.00, 0.00, 0.00, 0.00, 0.00, 0.00, 10, 0.00, 0.00, 0, 0.00, 0.00, 0.00, 0.00, 0, '2020-06-02 16:40:41'),
(28, 1, 12, 33, '2020-06-16', '2020-06-30', 600.00, 700.00, 200.00, 300.00, 10000.00, 12000.00, 0.00, 0.00, 0.00, 0.00, 10, 0.00, 0.00, 0, 0.00, 0.00, 0.00, 0.00, 0, '2020-06-02 16:19:11'),
(29, 1, 13, 35, '2020-01-01', '2020-01-31', 800.00, 1000.00, 0.00, 0.00, 0.00, 0.00, 0.00, 0.00, 0.00, 0.00, 0, 0.00, 0.00, 0, 200.00, 300.00, 0.00, 0.00, 0, '2020-06-10 16:15:18'),
(30, 1, 13, 35, '2020-06-01', '2020-06-15', 800.00, 1000.00, 0.00, 0.00, 0.00, 0.00, 0.00, 0.00, 0.00, 0.00, 0, 0.00, 0.00, 0, 200.00, 300.00, 0.00, 0.00, 0, '2020-06-10 16:14:54'),
(31, 1, 14, 36, '2020-01-01', '2020-04-30', 500.00, 700.00, 300.00, 500.00, 5000.00, 7000.00, 0.00, 0.00, 300.00, 350.00, 10, 0.00, 0.00, 0, 0.00, 0.00, 0.00, 0.00, 0, '2020-10-29 17:52:52'),
(32, 1, 14, 36, '2020-05-01', '2020-08-31', 500.00, 700.00, 0.00, 0.00, 5000.00, 6000.00, 0.00, 0.00, 200.00, 300.00, 10, 0.00, 0.00, 0, 0.00, 0.00, 0.00, 0.00, 0, '2020-10-29 17:53:15'),
(33, 1, 14, 37, '2020-01-01', '2020-12-31', 300.00, 500.00, 200.00, 300.00, 3000.00, 3500.00, 0.00, 0.00, 200.00, 300.00, 10, 0.00, 0.00, 0, 0.00, 0.00, 0.00, 0.00, 0, '2020-10-29 17:53:58'),
(34, 1, 15, 38, '2020-08-01', '2020-08-22', 400.00, 600.00, 0.00, 0.00, 0.00, 0.00, 4000.00, 5000.00, 0.00, 0.00, 10, 0.00, 0.00, 0, 0.00, 0.00, 0.00, 0.00, 0, '2020-08-20 15:26:45'),
(35, 1, 15, 39, '2020-08-23', '2020-08-31', 200.00, 400.00, 100.00, 300.00, 0.00, 0.00, 2000.00, 3000.00, 100.00, 200.00, 12, 0.00, 0.00, 0, 0.00, 0.00, 0.00, 0.00, 0, '2020-08-20 15:27:32'),
(36, 1, 16, 40, '2020-08-19', '2020-08-31', 1000.00, 1300.00, 0.00, 0.00, 0.00, 0.00, 0.00, 0.00, 0.00, 0.00, 0, 400.00, 600.00, 4, 0.00, 0.00, 0.00, 0.00, 0, '2020-08-20 15:34:35'),
(37, 2, 16, 41, '2020-08-19', '2020-08-31', 1000.00, 1300.00, 0.00, 0.00, 0.00, 0.00, 0.00, 0.00, 0.00, 0.00, 0, 400.00, 600.00, 4, 0.00, 0.00, 0.00, 0.00, 1, '2020-08-20 15:34:42'),
(38, 1, 18, 42, '2020-08-10', '2020-08-31', 1000.00, 1500.00, 0.00, 0.00, 0.00, 0.00, 0.00, 0.00, 0.00, 0.00, 0, 300.00, 500.00, 4, 0.00, 0.00, 0.00, 0.00, 0, '2020-08-20 15:37:54'),
(39, 1, 17, 43, '2020-08-01', '2020-08-22', 800.00, 1000.00, 0.00, 0.00, 0.00, 0.00, 0.00, 0.00, 0.00, 0.00, 0, 0.00, 0.00, 0, 200.00, 300.00, 200.00, 300.00, 0, '2020-08-20 15:39:19'),
(40, 1, 17, 43, '2020-08-23', '2020-08-31', 400.00, 600.00, 0.00, 0.00, 0.00, 0.00, 0.00, 0.00, 0.00, 0.00, 0, 0.00, 0.00, 0, 100.00, 200.00, 100.00, 200.00, 0, '2020-08-20 15:40:38'),
(41, 1, 14, 36, '2020-09-01', '2020-12-31', 1000.00, 1000.00, 1000.00, 1000.00, 0.00, 0.00, 0.00, 0.00, 300.00, 300.00, 0, 0.00, 0.00, 0, 0.00, 0.00, 0.00, 0.00, 0, '2020-10-29 17:53:30'),
(42, 1, 19, 44, '2020-01-01', '2020-12-31', 500.00, 700.00, 300.00, 500.00, 1000.00, 1200.00, 0.00, 0.00, 0.00, 0.00, 2, 0.00, 0.00, 0, 0.00, 0.00, 0.00, 0.00, 0, '2020-10-29 17:55:08'),
(43, 1, 20, 45, '2020-01-01', '2020-12-31', 700.00, 800.00, 300.00, 400.00, 7000.00, 8000.00, 0.00, 0.00, 0.00, 0.00, 12, 0.00, 0.00, 0, 0.00, 0.00, 0.00, 0.00, 0, '2021-01-07 10:14:16'),
(44, 1, 20, 45, '2021-01-01', '2021-12-31', 600.00, 700.00, 200.00, 300.00, 6000.00, 7000.00, 0.00, 0.00, 0.00, 0.00, 12, 0.00, 0.00, 0, 0.00, 0.00, 0.00, 0.00, 0, '2021-01-07 10:14:02'),
(45, 1, 9, 46, '2021-01-01', '2021-12-31', 400.00, 500.00, 0.00, 0.00, 0.00, 0.00, 0.00, 0.00, 0.00, 0.00, 0, 100.00, 150.00, 6, 0.00, 0.00, 0.00, 0.00, 0, '2021-01-07 10:17:22'),
(46, 1, 21, 47, '2020-01-01', '2020-12-31', 3000.00, 5000.00, 0.00, 0.00, 0.00, 0.00, 0.00, 0.00, 0.00, 0.00, 0, 0.00, 0.00, 0, 300.00, 350.00, 300.00, 320.00, 0, '2021-01-07 10:19:45'),
(47, 1, 21, 47, '2021-01-01', '2021-12-31', 3000.00, 4000.00, 0.00, 0.00, 0.00, 0.00, 0.00, 0.00, 0.00, 0.00, 0, 0.00, 0.00, 0, 300.00, 350.00, 300.00, 350.00, 0, '2021-01-07 10:19:31'),
(49, 2, 22, 48, '2020-10-27', '2020-10-27', 200.00, 2500.00, 1000.00, 1700.00, 0.00, 0.00, 0.00, 0.00, 300.00, 320.00, 0, 0.00, 0.00, 0, 0.00, 0.00, 0.00, 0.00, 0, '2020-10-27 15:10:13'),
(50, 1, 10, 49, '2020-01-01', '2020-12-31', 500.00, 600.00, 300.00, 400.00, 0.00, 0.00, 1500.00, 2000.00, 300.00, 400.00, 5, 0.00, 0.00, 0, 0.00, 0.00, 0.00, 0.00, 0, '2021-01-07 10:16:21'),
(51, 1, 14, 50, '2020-01-01', '2020-12-31', 300.00, 500.00, 200.00, 300.00, 3000.00, 3500.00, 0.00, 0.00, 200.00, 300.00, 10, 0.00, 0.00, 0, 0.00, 0.00, 0.00, 0.00, 0, '2020-10-29 17:54:06'),
(52, 2, 10, 51, '2020-09-01', '2020-12-31', 500.00, 600.00, 300.00, 400.00, 0.00, 0.00, 0.00, 0.00, 300.00, 400.00, 0, 0.00, 0.00, 0, 0.00, 0.00, 0.00, 0.00, 1, '2020-11-27 11:14:34'),
(53, 2, 4, 7, '2018-01-25', '2018-01-27', 0.00, 0.00, 0.00, 0.00, 0.00, 0.00, 0.00, 0.00, 0.00, 0.00, 0, 0.00, 0.00, 0, 0.00, 0.00, 0.00, 0.00, 1, '2021-01-25 16:07:50'),
(54, 1, 1, 52, '2019-10-21', '2020-10-31', 0.00, 2000.00, 0.00, 0.00, 0.00, 235000.00, 0.00, 0.00, 0.00, 0.00, 60, 0.00, 0.00, 0, 0.00, 0.00, 0.00, 0.00, 0, '2021-02-23 10:29:48'),
(55, 1, 6, 53, '2021-05-01', '2021-06-30', 1000.00, 2000.00, 0.00, 0.00, 0.00, 0.00, 0.00, 0.00, 0.00, 0.00, 0, 0.00, 0.00, 0, 0.00, 0.00, 0.00, 0.00, 0, '2021-05-19 18:00:17');

-- --------------------------------------------------------

--
-- Table structure for table `products_category_third_combine`
--

CREATE TABLE `products_category_third_combine` (
  `id` int(11) NOT NULL,
  `combine_agentxsupplier` int(11) NOT NULL,
  `products_category_first` int(11) NOT NULL,
  `products_category_second` int(11) NOT NULL,
  `products_category_third` int(11) NOT NULL,
  `rate_2` double(15,2) NOT NULL COMMENT '(Sale) Price for adult / car / room',
  `rate_4` double(15,2) NOT NULL COMMENT '(Sale) Price for child / Tour / Activities',
  `charter_2` double(15,2) NOT NULL COMMENT '(Sale) Price for charter / Tour',
  `group_2` double(15,2) NOT NULL COMMENT '(Sale) Price for group / Activities',
  `transfer_2` double(15,2) NOT NULL COMMENT '(Sale) Price for transfer / Tour / Activities',
  `extra_hour_2` double(15,2) NOT NULL COMMENT '(Sale) Price for extra hour / Transfer',
  `extrabeds_2` double(15,2) NOT NULL COMMENT '(Sale) Price for extra beds / Hotel',
  `sharingbed_2` double(15,2) NOT NULL COMMENT '(Sale) Price for sharing bed / Hotel',
  `trash_deleted` int(11) NOT NULL,
  `last_edit_time` datetime NOT NULL
) ENGINE=InnoDB DEFAULT CHARSET=utf8mb4 COLLATE=utf8mb4_unicode_ci;

--
-- Dumping data for table `products_category_third_combine`
--

INSERT INTO `products_category_third_combine` (`id`, `combine_agentxsupplier`, `products_category_first`, `products_category_second`, `products_category_third`, `rate_2`, `rate_4`, `charter_2`, `group_2`, `transfer_2`, `extra_hour_2`, `extrabeds_2`, `sharingbed_2`, `trash_deleted`, `last_edit_time`) VALUES
(1, 1, 1, 1, 1, 5000.00, 3000.00, 20000.00, 0.00, 500.00, 0.00, 0.00, 0.00, 0, '2019-12-12 16:57:50'),
(2, 3, 6, 8, 8, 2000.00, 0.00, 0.00, 0.00, 0.00, 1000.00, 0.00, 0.00, 0, '2019-12-12 16:59:08'),
(3, 4, 1, 1, 1, 100.00, 200.00, 300.00, 0.00, 400.00, 0.00, 0.00, 0.00, 0, '2019-12-12 16:58:25'),
(4, 3, 6, 8, 9, 3000.00, 0.00, 0.00, 0.00, 0.00, 1000.00, 0.00, 0.00, 0, '2019-12-13 14:18:17'),
(5, 7, 9, 29, 23, 1300.00, 0.00, 0.00, 0.00, 0.00, 400.00, 0.00, 0.00, 0, '2020-05-29 16:04:17'),
(6, 6, 11, 32, 25, 1500.00, 1000.00, 12000.00, 0.00, 700.00, 0.00, 0.00, 0.00, 0, '2020-05-29 18:47:42'),
(7, 8, 12, 33, 26, 700.00, 0.00, 0.00, 0.00, 0.00, 0.00, 0.00, 0.00, 0, '2020-06-02 17:46:15'),
(8, 8, 12, 33, 28, 700.00, 300.00, 12000.00, 0.00, 0.00, 0.00, 0.00, 0.00, 0, '2020-06-02 17:47:29'),
(9, 8, 12, 33, 28, 700.00, 300.00, 12000.00, 0.00, 0.00, 0.00, 0.00, 0.00, 0, '2020-06-02 17:47:29'),
(10, 2, 11, 32, 25, 1200.00, 900.00, 12000.00, 0.00, 600.00, 0.00, 0.00, 0.00, 0, '2020-06-11 15:21:05'),
(11, 9, 14, 36, 31, 700.00, 500.00, 0.00, 0.00, 400.00, 0.00, 0.00, 0.00, 0, '2020-08-20 15:48:00'),
(12, 9, 14, 36, 32, 700.00, 0.00, 7000.00, 0.00, 400.00, 0.00, 0.00, 0.00, 0, '2020-08-20 15:48:25'),
(13, 10, 11, 32, 25, 1200.00, 900.00, 12000.00, 0.00, 700.00, 0.00, 0.00, 0.00, 0, '2020-08-20 15:49:14'),
(14, 11, 1, 1, 1, 3500.00, 3000.00, 0.00, 0.00, 400.00, 0.00, 0.00, 0.00, 0, '2020-08-20 15:50:17'),
(15, 13, 18, 42, 38, 1200.00, 0.00, 0.00, 0.00, 0.00, 400.00, 0.00, 0.00, 0, '2020-08-20 16:00:37'),
(16, 13, 16, 40, 36, 1200.00, 0.00, 0.00, 0.00, 0.00, 600.00, 0.00, 0.00, 0, '2020-08-20 16:01:04'),
(17, 14, 14, 36, 31, 600.00, 400.00, 6000.00, 0.00, 400.00, 0.00, 0.00, 0.00, 0, '2020-09-09 16:14:12'),
(18, 10, 20, 45, 44, 650.00, 250.00, 6500.00, 0.00, 0.00, 0.00, 0.00, 0.00, 0, '2020-09-15 11:06:41'),
(19, 9, 14, 37, 33, 500.00, 300.00, 3500.00, 0.00, 300.00, 0.00, 0.00, 0.00, 0, '2020-10-29 18:11:51'),
(20, 15, 9, 46, 45, 500.00, 0.00, 0.00, 0.00, 0.00, 130.00, 0.00, 0.00, 0, '2020-09-15 18:02:22'),
(21, 16, 20, 45, 43, 1000.00, 600.00, 7200.00, 0.00, 0.00, 0.00, 0.00, 0.00, 0, '2020-10-27 16:58:51'),
(22, 15, 9, 29, 23, 1500.00, 0.00, 0.00, 0.00, 0.00, 350.00, 0.00, 0.00, 0, '2020-10-29 14:39:02'),
(23, 10, 20, 45, 43, 1000.00, 500.00, 8000.00, 0.00, 0.00, 0.00, 0.00, 0.00, 0, '2020-10-29 14:48:49'),
(24, 9, 14, 36, 41, 1300.00, 1100.00, 0.00, 0.00, 500.00, 0.00, 0.00, 0.00, 0, '2020-10-29 18:15:40');

-- --------------------------------------------------------

--
-- Table structure for table `products_type`
--

CREATE TABLE `products_type` (
  `id` int(11) NOT NULL,
  `status` int(11) NOT NULL,
  `name` varchar(200) CHARACTER SET utf8 COLLATE utf8_unicode_ci NOT NULL,
  `name_text` varchar(200) CHARACTER SET utf8 COLLATE utf8_unicode_ci NOT NULL,
  `name_text_thai` varchar(200) CHARACTER SET utf8 COLLATE utf8_unicode_ci NOT NULL,
  `last_edit_time` datetime NOT NULL
) ENGINE=InnoDB DEFAULT CHARSET=utf8mb4 COLLATE=utf8mb4_unicode_ci;

--
-- Dumping data for table `products_type`
--

INSERT INTO `products_type` (`id`, `status`, `name`, `name_text`, `name_text_thai`, `last_edit_time`) VALUES
(1, 1, 'Tour', 'Tours', 'ทัวร์', '2019-10-22 13:45:05'),
(2, 1, 'Activities', 'Activities', 'กิจกรรม', '2019-10-22 13:45:17'),
(3, 1, 'Transfer', 'Transfers', 'รถรับส่ง', '2019-10-22 13:45:40'),
(4, 1, 'Hotel', 'Hotels', 'โรงแรม', '2019-10-22 13:45:50');

-- --------------------------------------------------------

--
-- Table structure for table `question`
--

CREATE TABLE `question` (
  `id` int(11) NOT NULL,
  `page` varchar(200) COLLATE utf8_unicode_ci NOT NULL,
  `detail` text COLLATE utf8_unicode_ci NOT NULL,
  `create_date` timestamp NOT NULL DEFAULT current_timestamp() ON UPDATE current_timestamp()
) ENGINE=InnoDB DEFAULT CHARSET=utf8 COLLATE=utf8_unicode_ci;

--
-- Dumping data for table `question`
--

INSERT INTO `question` (`id`, `page`, `detail`, `create_date`) VALUES
(1, 'booking/list', '<div class=\"text-left\">\r\n<p><strong>งานที่เสร็จแล้ว</strong></p>\r\n\r\n<ul>\r\n	<li>หน้า &ldquo;ใบแจ้งหนี้&rdquo; ส่วนของการคำนวณเงิน ในแต่ล่ะ invoice ระบบจะนำจำนวนเงินทั้งหมด (จำนวนตามใบแจ้งหนี้) มาลบกับจำนวนเงินที่จ่ายโดยการสร้างใบวางบิลทั้งหมด ก็จะได้ยอดคงเหลือ <strong><u>ตัวอย่างเช่น</u></strong> Invoice : IV63090006&nbsp;&nbsp;&nbsp;&nbsp;&nbsp;&nbsp;&nbsp;&nbsp;&nbsp;&nbsp;&nbsp; มียอดทั้งหมด&nbsp;&nbsp;&nbsp;&nbsp; 9,000 บาท จ่ายโดยการออกใบวางบิล 2 รอบ รอบล่ะ 3,000 บาท ยอดคงเหลือจะอยู่ที่ 3,000 บาท</li>\r\n	<li>การสร้างใบวางบิล จะต้องระบุ ชื่อ(ห้ามว่าง), ที่อยู่(ห้ามว่าง), วันที่เอกสาร(ปกติจะถูกเซ็ทอยู่ที่วันปัจจุบัน), วันที่สิ้นสุดเอกสาร(ปกติจะถูกเซ็ทอยู่ที่วันปัจจุบัน), เงื่อนใขการชำระ, รายละเอียดการชำระ และ จำนวนเงินของแต่ล่ะ invoice ซึ่งระบบจะนำจำนวนเงินคงเหลือของ invoice มาลบกับจำนวเงินที่กรอกโดยอัตโนมัติ ทำให้ไม่สามารถจ่ายเงินเกินตามจำนวนได้ <strong><u>ตัวอย่างเช่น</u></strong> Invoice : IV63090006 ที่ผ่านการจ่ายเงินมแล้ว มียอกคงค้างอยู่ที่ 3,000 บาท จ่ายครั้งต่อไปไม่สามารถจ่ายเกิน 3,000 บาท ได้ และหาก invoice ตัวไหนที่ชำระเงินครบตามจำนวนแล้ว จะไม่แสดงในตารางข้อมูล และไม่สามารถจ่ายได้อีก</li>\r\n	<li>หน้า &ldquo;การจอง&rdquo; ในส่วนของจำนวนเงิน รวมทั้งหมด, จ่ายแล้ว, ยอดเหลือ ระบบคำนวนให้อัตโนมัติซึ่ง จำนวนเงินรวมทั้งหมด จะเป็นจำนวนเงินที่ไม่ได้มาจากการคำนวณ ภาษีจาก invoice แต่จะเป็นจำนวนเงินดิบที่ได้จากการจอง นำมาลบกับ จำนวนเงินที่จ่ายแล้ว จากการสร้างใบวางบิล โดยเงินจำนวนนี้จะถูกคำนวณ ภาษี ออกแล้วทำให้ได้จำนวนเงินที่จ่ายแล้ว สอดคล้องกับ จำนวนเงินรวมทั้งหมด ที่เป็นจำนวนดิบ</li>\r\n</ul>\r\n\r\n<p><strong>*** จำนวนดิบในที่นี้ หมายถึง จำนวนเงินที่ไม่ได้ผ่านการหัก หรือเพิ่ม จากภาษี ที่มาจากการสร้าง</strong><strong> invoice ***</strong></p>\r\n\r\n<p><strong>ส่วนที่จะทำเพิ่มเติม</strong></p>\r\n\r\n<ul>\r\n	<li>หน้าใบวางบิล</li>\r\n</ul>\r\n\r\n<p><strong>(รูปภาพเพิ่มเติม)</strong></p>\r\n\r\n<p>&nbsp; &nbsp; &nbsp; &nbsp; &nbsp;</p>\r\n\r\n<p><strong>(จ่ายบิล </strong><strong>Invoice : IV63090006 จำนวน 3,000</strong> <strong>ครั้งที่ 1 )&nbsp;&nbsp;&nbsp; &nbsp;&nbsp;&nbsp;&nbsp;&nbsp;&nbsp;&nbsp;(จ่ายบิล </strong><strong>Invoice : IV63090006 จำนวน 3,000</strong> <strong>ครั้งที่ 2 )</strong></p>\r\n</div>\r\n', '2021-04-16 07:11:48');

-- --------------------------------------------------------

--
-- Table structure for table `supplier`
--

CREATE TABLE `supplier` (
  `id` int(11) NOT NULL,
  `status` int(11) NOT NULL,
  `company` varchar(200) CHARACTER SET utf8 COLLATE utf8_unicode_ci NOT NULL,
  `address` text CHARACTER SET utf8 COLLATE utf8_unicode_ci NOT NULL,
  `telephone` varchar(100) CHARACTER SET utf8 COLLATE utf8_unicode_ci NOT NULL,
  `fax` varchar(100) CHARACTER SET utf8 COLLATE utf8_unicode_ci NOT NULL,
  `sup_email` varchar(100) CHARACTER SET utf8 COLLATE utf8_unicode_ci NOT NULL,
  `website` varchar(100) CHARACTER SET utf8 COLLATE utf8_unicode_ci NOT NULL,
  `contact_person` varchar(200) CHARACTER SET utf8 COLLATE utf8_unicode_ci NOT NULL,
  `contact_position` varchar(100) CHARACTER SET utf8 COLLATE utf8_unicode_ci NOT NULL,
  `contact_telephone` varchar(100) CHARACTER SET utf8 COLLATE utf8_unicode_ci NOT NULL,
  `contact_email` varchar(100) CHARACTER SET utf8 COLLATE utf8_unicode_ci NOT NULL,
  `photo1` varchar(100) CHARACTER SET utf8 COLLATE utf8_unicode_ci NOT NULL,
  `trash_deleted` int(11) NOT NULL,
  `create_date` datetime NOT NULL,
  `last_edit_time` datetime NOT NULL
) ENGINE=InnoDB DEFAULT CHARSET=utf8mb4 COLLATE=utf8mb4_unicode_ci;

--
-- Dumping data for table `supplier`
--

INSERT INTO `supplier` (`id`, `status`, `company`, `address`, `telephone`, `fax`, `sup_email`, `website`, `contact_person`, `contact_position`, `contact_telephone`, `contact_email`, `photo1`, `trash_deleted`, `create_date`, `last_edit_time`) VALUES
(1, 1, 'Dream Phuket Hotel & Spa', '11/7, Moo 6, Cherngtalay, Thalang, Phuket, Thailand 83110', '+66 76609888', '+66 76609899', 'bird@andamanpassion.com', '', 'Nattinee McMillan', 'Director of Sales Phuket', '0817386076', '', '', 0, '2017-12-01 13:43:39', '2018-08-25 15:26:28'),
(2, 2, 'Kata Rocks Co., Ltd.', '186/22, Kok Tanode Road, Kata beach, Phuket, Thailand 83100', '+66 76370777', '+66 76370776', 'bird@andamanpassion.com', '', 'Mr. Scot Toon', 'General Manager', '', 'generalmanager@katarocks.com', '', 1, '2017-12-01 14:49:26', '2018-08-25 15:28:05'),
(3, 2, 'Hotel Ikon Phuket', '400/2 Patak Road, Karon, Phuket, Thailand 83100\r\n', '+66 (0) 76396901', '+66(0) 76396902', 'bird@andamanpassion.com', 'http://www.hotel-ikon.com', '', '', '', '', '', 1, '2017-12-01 15:41:23', '2019-11-19 17:55:45'),
(4, 2, 'Love Island Co.,Ltd.', '9/244, Sakdidej Soi 1, Sakdidej Rd, Talat Nuea, Muang, Phuket, Thailand 83000 ', '+66 (0) 76390250', '+66 (0) 76390280', 'bird@andamanpassion.com', 'http://www.loveandaman.com ', '', '', '', 'book@loveandaman.com', '', 1, '2017-12-01 15:43:26', '2018-03-22 12:43:48'),
(5, 1, 'Andaman Passion Co., Ltd.', '59/75 Moo 4 Phuketvillakathu, Phraphuketkeaw Rd, Kathu, Phuket 83120', '+66 (0) 76-390-577 ', '+66 (0) 76-390-578', 'bird@andamanpassion.com', 'http://andamanpassion.com', 'Bird', 'Director', '0946164141', 'bird@andamanpassion.com', '1574156783_1.jpg', 0, '2017-12-01 19:38:04', '2019-12-12 21:11:40'),
(6, 1, 'Hype Club Group Co., Ltd.', '73/103, Moo 3, Kamala, Kathu, Phuket, Thailand 83120', '+66 (0)76385141', '', 'bird@andamanpassion.com', '', 'Florian', 'Sales manager', '', 'Salesmanager@hype-boat-club.com', '', 0, '2017-12-01 20:10:52', '2018-09-27 17:08:34'),
(7, 1, 'Thavorn Hotels and Resorts', '311 Patak Road, Karon Beach, Amphur Muang, Phuket, Thailand 83100', '076396035', '076396653', 'bird@andamanpassion.com', '', 'Pavee', 'Senior Group Director of Sales & Marketing', '', 'pavee@thavornhotels.com', '', 0, '2018-02-03 16:12:13', '2018-09-27 17:09:23'),
(8, 1, 'Hanuman World', '', '', '', 'bird@andamanpassion.com', '', '', '', '', '', '', 0, '2018-04-15 17:40:08', '2019-11-19 18:13:56'),
(9, 1, 'Phuket FantaSea Public Company Limited', '99 moo.3 Kamala Kathu Phuket 83150 Thailand', '076385000', '076385333', 'bird@andamanpassion.com', 'www.phuket-fantasea.com', '', '', '', '', '', 0, '2018-04-15 17:49:13', '2018-04-15 17:54:54'),
(10, 1, 'Test-Tours', '88/4', '0768549954', '0765482215', 'tours@gmail.com', 'www.tours-system.com', 'tours', 'system', '0814454812', 'mr.tours@gmail.com', '', 0, '2020-06-02 16:09:53', '2020-06-02 16:09:53'),
(11, 2, 'Test-Deleted', '', '', '', 'tours@gmail.com', '', '', '', '', '', '', 1, '2020-06-02 17:19:38', '2020-06-02 17:19:48'),
(12, 1, 'Test-1', '5/99 ม.2 ต.ถลาง\r\nอ.ถลาง จ.ภูเก็ต\r\n83000', '076-1548525', '0761548251', 'test.1@gmail.com', 'www.test-1.com', 'Mr.test', 'Sale', '0843152251', 'sale-1@gmail.com', '1606187176_1.jpg', 0, '2020-08-20 15:16:37', '2020-11-24 10:06:16'),
(13, 1, 'Test-Insert', '', '0815241105', '076512551', 'tours@gmail.com', 'www.tours-system.com', 'tours', 'system', '0845215525', '', '', 0, '2020-10-27 14:00:29', '2020-10-27 14:00:29');

-- --------------------------------------------------------

--
-- Table structure for table `zones`
--

CREATE TABLE `zones` (
  `id` int(11) NOT NULL,
  `status` int(11) NOT NULL,
  `name` varchar(200) CHARACTER SET utf8 COLLATE utf8_unicode_ci NOT NULL,
  `last_edit_time` datetime NOT NULL
) ENGINE=InnoDB DEFAULT CHARSET=utf8mb4 COLLATE=utf8mb4_unicode_ci;

--
-- Dumping data for table `zones`
--

INSERT INTO `zones` (`id`, `status`, `name`, `last_edit_time`) VALUES
(1, 1, 'พันวา', '2018-12-21 14:49:30'),
(2, 1, 'ราไวย์', '2018-12-21 14:50:16'),
(3, 1, 'ในหาน', '2018-12-21 14:51:12'),
(4, 1, 'ใสยวน', '2018-12-21 14:51:51'),
(5, 1, 'ฉลอง', '2018-12-21 14:52:06'),
(6, 1, 'เจ้าฟ้าตะวันออก', '2018-12-21 14:54:15'),
(7, 1, 'เจ้าฟ้าตะวันตก', '2018-12-21 14:54:52'),
(8, 1, 'กะตะ', '2018-12-21 14:55:16'),
(9, 1, 'กะรน', '2018-12-21 14:55:24'),
(10, 1, 'ไตรตรัง', '2018-12-21 14:55:38'),
(11, 1, 'ป่าตอง', '2018-12-21 14:55:51'),
(12, 1, 'กะหลิม', '2018-12-21 14:56:01'),
(13, 1, 'กมลา', '2018-12-21 14:56:14'),
(14, 1, 'สุรินทร์', '2018-12-21 14:56:24'),
(15, 1, 'บางเทา', '2018-12-21 14:56:35'),
(16, 1, 'ลากูน่า', '2018-12-21 14:56:58'),
(17, 1, 'ลายัน', '2018-12-21 14:57:16'),
(18, 1, 'ในทอน', '2018-12-21 14:57:35'),
(19, 1, 'ในยาง', '2018-12-21 15:24:57'),
(20, 1, 'ไม้ขาว', '2018-12-21 15:25:17'),
(21, 1, 'สนามบิน', '2018-12-21 15:25:40'),
(22, 1, 'ถลาง', '2018-12-21 15:25:51'),
(23, 1, 'อนุสาวรีย์', '2018-12-21 15:26:57'),
(24, 1, 'เมือง', '2018-12-21 15:27:13'),
(25, 1, 'สามกอง', '2018-12-21 15:27:22'),
(26, 1, 'บายพาส', '2018-12-21 15:27:44'),
(27, 1, 'กู้กู', '2018-12-21 15:28:02'),
(28, 1, 'สิเหร่', '2018-12-21 15:28:15'),
(29, 1, 'สะปำ', '2018-12-21 15:28:27'),
(30, 1, 'เกาะแก้ว', '2018-12-21 15:29:01'),
(31, 1, 'ป่าคลอก', '2018-12-21 15:29:19'),
(32, 1, 'กะทู้', '2019-01-01 16:42:43'),
(33, 1, 'นาคาเลย์', '2019-01-12 15:14:11');

--
-- Indexes for dumped tables
--

--
-- Indexes for table `accounts`
--
ALTER TABLE `accounts`
  ADD PRIMARY KEY (`id`);

--
-- Indexes for table `agent`
--
ALTER TABLE `agent`
  ADD PRIMARY KEY (`id`);

--
-- Indexes for table `bank`
--
ALTER TABLE `bank`
  ADD PRIMARY KEY (`id`);

--
-- Indexes for table `bill`
--
ALTER TABLE `bill`
  ADD PRIMARY KEY (`id`);

--
-- Indexes for table `bill_invoice`
--
ALTER TABLE `bill_invoice`
  ADD PRIMARY KEY (`id`);

--
-- Indexes for table `booking`
--
ALTER TABLE `booking`
  ADD PRIMARY KEY (`id`);

--
-- Indexes for table `booking_history`
--
ALTER TABLE `booking_history`
  ADD PRIMARY KEY (`id`);

--
-- Indexes for table `booking_products`
--
ALTER TABLE `booking_products`
  ADD PRIMARY KEY (`id`);

--
-- Indexes for table `booking_status_confirm`
--
ALTER TABLE `booking_status_confirm`
  ADD PRIMARY KEY (`id`);

--
-- Indexes for table `booking_status_email`
--
ALTER TABLE `booking_status_email`
  ADD PRIMARY KEY (`id`);

--
-- Indexes for table `combine_agentxsupplier`
--
ALTER TABLE `combine_agentxsupplier`
  ADD PRIMARY KEY (`id`);

--
-- Indexes for table `company`
--
ALTER TABLE `company`
  ADD PRIMARY KEY (`id`);

--
-- Indexes for table `employee`
--
ALTER TABLE `employee`
  ADD PRIMARY KEY (`id`);

--
-- Indexes for table `employee_permission`
--
ALTER TABLE `employee_permission`
  ADD PRIMARY KEY (`id`);

--
-- Indexes for table `history_type`
--
ALTER TABLE `history_type`
  ADD PRIMARY KEY (`id`);

--
-- Indexes for table `invoice`
--
ALTER TABLE `invoice`
  ADD PRIMARY KEY (`id`);

--
-- Indexes for table `invoice_products`
--
ALTER TABLE `invoice_products`
  ADD PRIMARY KEY (`id`);

--
-- Indexes for table `payments_booking`
--
ALTER TABLE `payments_booking`
  ADD PRIMARY KEY (`id`);

--
-- Indexes for table `payments_receipt`
--
ALTER TABLE `payments_receipt`
  ADD PRIMARY KEY (`id`);

--
-- Indexes for table `payments_receipt_products`
--
ALTER TABLE `payments_receipt_products`
  ADD PRIMARY KEY (`id`);

--
-- Indexes for table `payments_type`
--
ALTER TABLE `payments_type`
  ADD PRIMARY KEY (`id`);

--
-- Indexes for table `payments_vat`
--
ALTER TABLE `payments_vat`
  ADD PRIMARY KEY (`id`);

--
-- Indexes for table `place`
--
ALTER TABLE `place`
  ADD PRIMARY KEY (`id`);

--
-- Indexes for table `products_category_first`
--
ALTER TABLE `products_category_first`
  ADD PRIMARY KEY (`id`);

--
-- Indexes for table `products_category_second`
--
ALTER TABLE `products_category_second`
  ADD PRIMARY KEY (`id`);

--
-- Indexes for table `products_category_third`
--
ALTER TABLE `products_category_third`
  ADD PRIMARY KEY (`id`);

--
-- Indexes for table `products_category_third_combine`
--
ALTER TABLE `products_category_third_combine`
  ADD PRIMARY KEY (`id`);

--
-- Indexes for table `products_type`
--
ALTER TABLE `products_type`
  ADD PRIMARY KEY (`id`);

--
-- Indexes for table `question`
--
ALTER TABLE `question`
  ADD PRIMARY KEY (`id`);

--
-- Indexes for table `supplier`
--
ALTER TABLE `supplier`
  ADD PRIMARY KEY (`id`);

--
-- Indexes for table `zones`
--
ALTER TABLE `zones`
  ADD PRIMARY KEY (`id`);

--
-- AUTO_INCREMENT for dumped tables
--

--
-- AUTO_INCREMENT for table `accounts`
--
ALTER TABLE `accounts`
  MODIFY `id` int(11) NOT NULL AUTO_INCREMENT, AUTO_INCREMENT=10;

--
-- AUTO_INCREMENT for table `agent`
--
ALTER TABLE `agent`
  MODIFY `id` int(11) NOT NULL AUTO_INCREMENT, AUTO_INCREMENT=59;

--
-- AUTO_INCREMENT for table `bank`
--
ALTER TABLE `bank`
  MODIFY `id` int(11) NOT NULL AUTO_INCREMENT, AUTO_INCREMENT=12;

--
-- AUTO_INCREMENT for table `bill`
--
ALTER TABLE `bill`
  MODIFY `id` int(11) NOT NULL AUTO_INCREMENT, AUTO_INCREMENT=2;

--
-- AUTO_INCREMENT for table `bill_invoice`
--
ALTER TABLE `bill_invoice`
  MODIFY `id` int(11) NOT NULL AUTO_INCREMENT, AUTO_INCREMENT=3;

--
-- AUTO_INCREMENT for table `booking`
--
ALTER TABLE `booking`
  MODIFY `id` int(11) NOT NULL AUTO_INCREMENT, AUTO_INCREMENT=20;

--
-- AUTO_INCREMENT for table `booking_history`
--
ALTER TABLE `booking_history`
  MODIFY `id` int(11) NOT NULL AUTO_INCREMENT, AUTO_INCREMENT=684;

--
-- AUTO_INCREMENT for table `booking_products`
--
ALTER TABLE `booking_products`
  MODIFY `id` int(11) NOT NULL AUTO_INCREMENT, AUTO_INCREMENT=99;

--
-- AUTO_INCREMENT for table `booking_status_confirm`
--
ALTER TABLE `booking_status_confirm`
  MODIFY `id` int(11) NOT NULL AUTO_INCREMENT, AUTO_INCREMENT=4;

--
-- AUTO_INCREMENT for table `booking_status_email`
--
ALTER TABLE `booking_status_email`
  MODIFY `id` int(11) NOT NULL AUTO_INCREMENT, AUTO_INCREMENT=5;

--
-- AUTO_INCREMENT for table `combine_agentxsupplier`
--
ALTER TABLE `combine_agentxsupplier`
  MODIFY `id` int(11) NOT NULL AUTO_INCREMENT, AUTO_INCREMENT=17;

--
-- AUTO_INCREMENT for table `company`
--
ALTER TABLE `company`
  MODIFY `id` int(11) NOT NULL AUTO_INCREMENT, AUTO_INCREMENT=4;

--
-- AUTO_INCREMENT for table `employee`
--
ALTER TABLE `employee`
  MODIFY `id` int(11) NOT NULL AUTO_INCREMENT, AUTO_INCREMENT=7;

--
-- AUTO_INCREMENT for table `employee_permission`
--
ALTER TABLE `employee_permission`
  MODIFY `id` int(11) NOT NULL AUTO_INCREMENT, AUTO_INCREMENT=3;

--
-- AUTO_INCREMENT for table `history_type`
--
ALTER TABLE `history_type`
  MODIFY `id` int(11) NOT NULL AUTO_INCREMENT, AUTO_INCREMENT=11;

--
-- AUTO_INCREMENT for table `invoice`
--
ALTER TABLE `invoice`
  MODIFY `id` int(11) NOT NULL AUTO_INCREMENT, AUTO_INCREMENT=73;

--
-- AUTO_INCREMENT for table `invoice_products`
--
ALTER TABLE `invoice_products`
  MODIFY `id` int(11) NOT NULL AUTO_INCREMENT, AUTO_INCREMENT=73;

--
-- AUTO_INCREMENT for table `payments_booking`
--
ALTER TABLE `payments_booking`
  MODIFY `id` int(11) NOT NULL AUTO_INCREMENT, AUTO_INCREMENT=12;

--
-- AUTO_INCREMENT for table `payments_receipt`
--
ALTER TABLE `payments_receipt`
  MODIFY `id` int(11) NOT NULL AUTO_INCREMENT;

--
-- AUTO_INCREMENT for table `payments_receipt_products`
--
ALTER TABLE `payments_receipt_products`
  MODIFY `id` int(11) NOT NULL AUTO_INCREMENT;

--
-- AUTO_INCREMENT for table `payments_type`
--
ALTER TABLE `payments_type`
  MODIFY `id` int(11) NOT NULL AUTO_INCREMENT;

--
-- AUTO_INCREMENT for table `payments_vat`
--
ALTER TABLE `payments_vat`
  MODIFY `id` int(11) NOT NULL AUTO_INCREMENT, AUTO_INCREMENT=4;

--
-- AUTO_INCREMENT for table `place`
--
ALTER TABLE `place`
  MODIFY `id` int(11) NOT NULL AUTO_INCREMENT, AUTO_INCREMENT=9;

--
-- AUTO_INCREMENT for table `products_category_first`
--
ALTER TABLE `products_category_first`
  MODIFY `id` int(11) NOT NULL AUTO_INCREMENT, AUTO_INCREMENT=23;

--
-- AUTO_INCREMENT for table `products_category_second`
--
ALTER TABLE `products_category_second`
  MODIFY `id` int(11) NOT NULL AUTO_INCREMENT, AUTO_INCREMENT=54;

--
-- AUTO_INCREMENT for table `products_category_third`
--
ALTER TABLE `products_category_third`
  MODIFY `id` int(11) NOT NULL AUTO_INCREMENT, AUTO_INCREMENT=56;

--
-- AUTO_INCREMENT for table `products_category_third_combine`
--
ALTER TABLE `products_category_third_combine`
  MODIFY `id` int(11) NOT NULL AUTO_INCREMENT, AUTO_INCREMENT=25;

--
-- AUTO_INCREMENT for table `products_type`
--
ALTER TABLE `products_type`
  MODIFY `id` int(11) NOT NULL AUTO_INCREMENT, AUTO_INCREMENT=5;

--
-- AUTO_INCREMENT for table `question`
--
ALTER TABLE `question`
  MODIFY `id` int(11) NOT NULL AUTO_INCREMENT, AUTO_INCREMENT=2;

--
-- AUTO_INCREMENT for table `supplier`
--
ALTER TABLE `supplier`
  MODIFY `id` int(11) NOT NULL AUTO_INCREMENT, AUTO_INCREMENT=14;

--
-- AUTO_INCREMENT for table `zones`
--
ALTER TABLE `zones`
  MODIFY `id` int(11) NOT NULL AUTO_INCREMENT, AUTO_INCREMENT=34;
COMMIT;

/*!40101 SET CHARACTER_SET_CLIENT=@OLD_CHARACTER_SET_CLIENT */;
/*!40101 SET CHARACTER_SET_RESULTS=@OLD_CHARACTER_SET_RESULTS */;
/*!40101 SET COLLATION_CONNECTION=@OLD_COLLATION_CONNECTION */;
